<?xml version="1.0" standalone="yes"?>
<NewDataSet>
  <xs:schema id="NewDataSet" xmlns="" xmlns:xs="http://www.w3.org/2001/XMLSchema" xmlns:msdata="urn:schemas-microsoft-com:xml-msdata">
    <xs:element name="NewDataSet" msdata:IsDataSet="true" msdata:UseCurrentLocale="true">
      <xs:complexType>
        <xs:choice minOccurs="0" maxOccurs="unbounded">
          <xs:element name="Prezzi">
            <xs:complexType>
              <xs:sequence>
                <xs:element name="Data" type="xs:string" minOccurs="0" />
                <xs:element name="Mercato" type="xs:string" minOccurs="0" />
                <xs:element name="Ora" type="xs:string" minOccurs="0" />
                <xs:element name="PUN" type="xs:string" minOccurs="0" />
                <xs:element name="NAT" type="xs:string" minOccurs="0" />
                <xs:element name="CNOR" type="xs:string" minOccurs="0" />
                <xs:element name="CSUD" type="xs:string" minOccurs="0" />
                <xs:element name="NORD" type="xs:string" minOccurs="0" />
                <xs:element name="SARD" type="xs:string" minOccurs="0" />
                <xs:element name="SICI" type="xs:string" minOccurs="0" />
                <xs:element name="SUD" type="xs:string" minOccurs="0" />
                <xs:element name="AUST" type="xs:string" minOccurs="0" />
                <xs:element name="BRNN" type="xs:string" minOccurs="0" />
                <xs:element name="COAC" type="xs:string" minOccurs="0" />
                <xs:element name="CORS" type="xs:string" minOccurs="0" />
                <xs:element name="FOGN" type="xs:string" minOccurs="0" />
                <xs:element name="FRAN" type="xs:string" minOccurs="0" />
                <xs:element name="GREC" type="xs:string" minOccurs="0" />
                <xs:element name="MFTV" type="xs:string" minOccurs="0" />
                <xs:element name="PRGP" type="xs:string" minOccurs="0" />
                <xs:element name="ROSN" type="xs:string" minOccurs="0" />
                <xs:element name="SLOV" type="xs:string" minOccurs="0" />
                <xs:element name="SVIZ" type="xs:string" minOccurs="0" />
                <xs:element name="BSP" type="xs:string" minOccurs="0" />
                <xs:element name="MALT" type="xs:string" minOccurs="0" />
                <xs:element name="XAUS" type="xs:string" minOccurs="0" />
                <xs:element name="XFRA" type="xs:string" minOccurs="0" />
              </xs:sequence>
            </xs:complexType>
          </xs:element>
        </xs:choice>
      </xs:complexType>
    </xs:element>
  </xs:schema>
  <Prezzi>
    <Data>20170619</Data>
    <Mercato>MGP</Mercato>
    <Ora>1</Ora>
    <PUN>44,866870</PUN>
    <NAT>44,500000</NAT>
    <CNOR>44,500000</CNOR>
    <CSUD>44,500000</CSUD>
    <NORD>44,500000</NORD>
    <SARD>44,500000</SARD>
    <SICI>50,000000</SICI>
    <SUD>44,500000</SUD>
    <AUST>44,500000</AUST>
    <BRNN>44,500000</BRNN>
    <COAC>44,500000</COAC>
    <CORS>44,500000</CORS>
    <FOGN>44,500000</FOGN>
    <FRAN>44,500000</FRAN>
    <GREC>44,500000</GREC>
    <MFTV>44,500000</MFTV>
    <PRGP>50,000000</PRGP>
    <ROSN>44,500000</ROSN>
    <SLOV>44,500000</SLOV>
    <SVIZ>44,500000</SVIZ>
    <BSP>44,500000</BSP>
    <MALT>50,000000</MALT>
    <XAUS>44,500000</XAUS>
    <XFRA>44,500000</XFRA>
  </Prezzi>
  <Prezzi>
    <Data>20170619</Data>
    <Mercato>MGP</Mercato>
    <Ora>2</Ora>
    <PUN>41,261220</PUN>
    <NAT>40,900000</NAT>
    <CNOR>40,710000</CNOR>
    <CSUD>40,710000</CSUD>
    <NORD>40,710000</NORD>
    <SARD>40,710000</SARD>
    <SICI>49,000000</SICI>
    <SUD>40,710000</SUD>
    <AUST>40,710000</AUST>
    <BRNN>40,710000</BRNN>
    <COAC>40,710000</COAC>
    <CORS>40,710000</CORS>
    <FOGN>40,710000</FOGN>
    <FRAN>40,710000</FRAN>
    <GREC>40,710000</GREC>
    <MFTV>40,710000</MFTV>
    <PRGP>49,000000</PRGP>
    <ROSN>40,710000</ROSN>
    <SLOV>40,710000</SLOV>
    <SVIZ>40,710000</SVIZ>
    <BSP>40,710000</BSP>
    <MALT>49,000000</MALT>
    <XAUS>40,710000</XAUS>
    <XFRA>40,710000</XFRA>
  </Prezzi>
  <Prezzi>
    <Data>20170619</Data>
    <Mercato>MGP</Mercato>
    <Ora>3</Ora>
    <PUN>37,960000</PUN>
    <NAT>37,960000</NAT>
    <CNOR>37,960000</CNOR>
    <CSUD>37,960000</CSUD>
    <NORD>37,960000</NORD>
    <SARD>37,960000</SARD>
    <SICI>37,960000</SICI>
    <SUD>37,960000</SUD>
    <AUST>37,960000</AUST>
    <BRNN>37,960000</BRNN>
    <COAC>37,960000</COAC>
    <CORS>37,960000</CORS>
    <FOGN>37,960000</FOGN>
    <FRAN>37,960000</FRAN>
    <GREC>37,960000</GREC>
    <MFTV>37,960000</MFTV>
    <PRGP>37,960000</PRGP>
    <ROSN>37,960000</ROSN>
    <SLOV>37,960000</SLOV>
    <SVIZ>37,960000</SVIZ>
    <BSP>37,960000</BSP>
    <MALT>37,960000</MALT>
    <XAUS>37,960000</XAUS>
    <XFRA>37,960000</XFRA>
  </Prezzi>
  <Prezzi>
    <Data>20170619</Data>
    <Mercato>MGP</Mercato>
    <Ora>4</Ora>
    <PUN>35,300000</PUN>
    <NAT>35,300000</NAT>
    <CNOR>35,300000</CNOR>
    <CSUD>35,300000</CSUD>
    <NORD>35,300000</NORD>
    <SARD>35,300000</SARD>
    <SICI>35,300000</SICI>
    <SUD>35,300000</SUD>
    <AUST>35,300000</AUST>
    <BRNN>35,300000</BRNN>
    <COAC>35,300000</COAC>
    <CORS>35,300000</CORS>
    <FOGN>35,300000</FOGN>
    <FRAN>35,300000</FRAN>
    <GREC>35,300000</GREC>
    <MFTV>35,300000</MFTV>
    <PRGP>35,300000</PRGP>
    <ROSN>35,300000</ROSN>
    <SLOV>35,300000</SLOV>
    <SVIZ>35,300000</SVIZ>
    <BSP>35,300000</BSP>
    <MALT>35,300000</MALT>
    <XAUS>35,300000</XAUS>
    <XFRA>35,300000</XFRA>
  </Prezzi>
  <Prezzi>
    <Data>20170619</Data>
    <Mercato>MGP</Mercato>
    <Ora>5</Ora>
    <PUN>32,000000</PUN>
    <NAT>32,000000</NAT>
    <CNOR>32,000000</CNOR>
    <CSUD>32,000000</CSUD>
    <NORD>32,000000</NORD>
    <SARD>32,000000</SARD>
    <SICI>32,000000</SICI>
    <SUD>32,000000</SUD>
    <AUST>32,000000</AUST>
    <BRNN>32,000000</BRNN>
    <COAC>32,000000</COAC>
    <CORS>32,000000</CORS>
    <FOGN>32,000000</FOGN>
    <FRAN>32,000000</FRAN>
    <GREC>32,000000</GREC>
    <MFTV>32,000000</MFTV>
    <PRGP>32,000000</PRGP>
    <ROSN>32,000000</ROSN>
    <SLOV>32,000000</SLOV>
    <SVIZ>32,000000</SVIZ>
    <BSP>32,000000</BSP>
    <MALT>32,000000</MALT>
    <XAUS>32,000000</XAUS>
    <XFRA>32,000000</XFRA>
  </Prezzi>
  <Prezzi>
    <Data>20170619</Data>
    <Mercato>MGP</Mercato>
    <Ora>6</Ora>
    <PUN>37,820000</PUN>
    <NAT>37,820000</NAT>
    <CNOR>37,820000</CNOR>
    <CSUD>37,820000</CSUD>
    <NORD>37,820000</NORD>
    <SARD>37,820000</SARD>
    <SICI>37,820000</SICI>
    <SUD>37,820000</SUD>
    <AUST>37,820000</AUST>
    <BRNN>37,820000</BRNN>
    <COAC>37,820000</COAC>
    <CORS>37,820000</CORS>
    <FOGN>37,820000</FOGN>
    <FRAN>37,820000</FRAN>
    <GREC>37,820000</GREC>
    <MFTV>37,820000</MFTV>
    <PRGP>37,820000</PRGP>
    <ROSN>37,820000</ROSN>
    <SLOV>37,820000</SLOV>
    <SVIZ>37,820000</SVIZ>
    <BSP>37,820000</BSP>
    <MALT>37,820000</MALT>
    <XAUS>37,820000</XAUS>
    <XFRA>37,820000</XFRA>
  </Prezzi>
  <Prezzi>
    <Data>20170619</Data>
    <Mercato>MGP</Mercato>
    <Ora>7</Ora>
    <PUN>44,555420</PUN>
    <NAT>44,000000</NAT>
    <CNOR>43,930000</CNOR>
    <CSUD>43,930000</CSUD>
    <NORD>43,930000</NORD>
    <SARD>43,930000</SARD>
    <SICI>55,000000</SICI>
    <SUD>43,930000</SUD>
    <AUST>43,930000</AUST>
    <BRNN>43,930000</BRNN>
    <COAC>43,930000</COAC>
    <CORS>43,930000</CORS>
    <FOGN>43,930000</FOGN>
    <FRAN>43,930000</FRAN>
    <GREC>43,930000</GREC>
    <MFTV>43,930000</MFTV>
    <PRGP>55,000000</PRGP>
    <ROSN>43,820000</ROSN>
    <SLOV>43,930000</SLOV>
    <SVIZ>43,930000</SVIZ>
    <BSP>43,930000</BSP>
    <MALT>55,000000</MALT>
    <XAUS>43,930000</XAUS>
    <XFRA>43,930000</XFRA>
  </Prezzi>
  <Prezzi>
    <Data>20170619</Data>
    <Mercato>MGP</Mercato>
    <Ora>8</Ora>
    <PUN>47,982840</PUN>
    <NAT>47,460000</NAT>
    <CNOR>47,460000</CNOR>
    <CSUD>47,460000</CSUD>
    <NORD>47,460000</NORD>
    <SARD>47,460000</SARD>
    <SICI>57,010000</SICI>
    <SUD>47,460000</SUD>
    <AUST>47,460000</AUST>
    <BRNN>47,460000</BRNN>
    <COAC>47,460000</COAC>
    <CORS>47,460000</CORS>
    <FOGN>47,460000</FOGN>
    <FRAN>47,460000</FRAN>
    <GREC>47,460000</GREC>
    <MFTV>47,460000</MFTV>
    <PRGP>57,010000</PRGP>
    <ROSN>43,820000</ROSN>
    <SLOV>47,460000</SLOV>
    <SVIZ>47,460000</SVIZ>
    <BSP>47,460000</BSP>
    <MALT>57,010000</MALT>
    <XAUS>47,460000</XAUS>
    <XFRA>47,460000</XFRA>
  </Prezzi>
  <Prezzi>
    <Data>20170619</Data>
    <Mercato>MGP</Mercato>
    <Ora>9</Ora>
    <PUN>56,233130</PUN>
    <NAT>52,150000</NAT>
    <CNOR>57,000000</CNOR>
    <CSUD>57,000000</CSUD>
    <NORD>57,000000</NORD>
    <SARD>57,000000</SARD>
    <SICI>55,000000</SICI>
    <SUD>47,460000</SUD>
    <AUST>57,000000</AUST>
    <BRNN>47,460000</BRNN>
    <COAC>57,000000</COAC>
    <CORS>57,000000</CORS>
    <FOGN>47,460000</FOGN>
    <FRAN>57,000000</FRAN>
    <GREC>47,460000</GREC>
    <MFTV>57,000000</MFTV>
    <PRGP>55,000000</PRGP>
    <ROSN>43,820000</ROSN>
    <SLOV>57,000000</SLOV>
    <SVIZ>57,000000</SVIZ>
    <BSP>57,000000</BSP>
    <MALT>55,000000</MALT>
    <XAUS>57,000000</XAUS>
    <XFRA>57,000000</XFRA>
  </Prezzi>
  <Prezzi>
    <Data>20170619</Data>
    <Mercato>MGP</Mercato>
    <Ora>10</Ora>
    <PUN>56,207970</PUN>
    <NAT>48,990000</NAT>
    <CNOR>57,000000</CNOR>
    <CSUD>57,000000</CSUD>
    <NORD>57,000000</NORD>
    <SARD>57,000000</SARD>
    <SICI>55,000000</SICI>
    <SUD>46,830000</SUD>
    <AUST>57,000000</AUST>
    <BRNN>46,830000</BRNN>
    <COAC>57,000000</COAC>
    <CORS>57,000000</CORS>
    <FOGN>46,830000</FOGN>
    <FRAN>57,000000</FRAN>
    <GREC>46,830000</GREC>
    <MFTV>57,000000</MFTV>
    <PRGP>55,000000</PRGP>
    <ROSN>43,820000</ROSN>
    <SLOV>57,000000</SLOV>
    <SVIZ>57,000000</SVIZ>
    <BSP>57,000000</BSP>
    <MALT>55,000000</MALT>
    <XAUS>57,000000</XAUS>
    <XFRA>57,000000</XFRA>
  </Prezzi>
  <Prezzi>
    <Data>20170619</Data>
    <Mercato>MGP</Mercato>
    <Ora>11</Ora>
    <PUN>51,136510</PUN>
    <NAT>47,150000</NAT>
    <CNOR>51,890000</CNOR>
    <CSUD>51,890000</CSUD>
    <NORD>51,890000</NORD>
    <SARD>51,890000</SARD>
    <SICI>43,820000</SICI>
    <SUD>46,810000</SUD>
    <AUST>51,890000</AUST>
    <BRNN>46,810000</BRNN>
    <COAC>51,890000</COAC>
    <CORS>51,890000</CORS>
    <FOGN>46,810000</FOGN>
    <FRAN>51,890000</FRAN>
    <GREC>46,810000</GREC>
    <MFTV>51,890000</MFTV>
    <PRGP>43,820000</PRGP>
    <ROSN>43,820000</ROSN>
    <SLOV>51,890000</SLOV>
    <SVIZ>51,890000</SVIZ>
    <BSP>51,890000</BSP>
    <MALT>43,820000</MALT>
    <XAUS>51,890000</XAUS>
    <XFRA>51,890000</XFRA>
  </Prezzi>
  <Prezzi>
    <Data>20170619</Data>
    <Mercato>MGP</Mercato>
    <Ora>12</Ora>
    <PUN>47,768150</PUN>
    <NAT>46,830000</NAT>
    <CNOR>48,990000</CNOR>
    <CSUD>48,990000</CSUD>
    <NORD>48,990000</NORD>
    <SARD>48,990000</SARD>
    <SICI>37,960000</SICI>
    <SUD>39,010000</SUD>
    <AUST>48,990000</AUST>
    <BRNN>39,010000</BRNN>
    <COAC>48,990000</COAC>
    <CORS>48,990000</CORS>
    <FOGN>39,010000</FOGN>
    <FRAN>48,990000</FRAN>
    <GREC>39,010000</GREC>
    <MFTV>48,990000</MFTV>
    <PRGP>37,960000</PRGP>
    <ROSN>37,960000</ROSN>
    <SLOV>48,990000</SLOV>
    <SVIZ>48,990000</SVIZ>
    <BSP>48,990000</BSP>
    <MALT>37,960000</MALT>
    <XAUS>48,990000</XAUS>
    <XFRA>48,990000</XFRA>
  </Prezzi>
  <Prezzi>
    <Data>20170619</Data>
    <Mercato>MGP</Mercato>
    <Ora>13</Ora>
    <PUN>46,461870</PUN>
    <NAT>44,660000</NAT>
    <CNOR>47,150000</CNOR>
    <CSUD>47,150000</CSUD>
    <NORD>48,800000</NORD>
    <SARD>35,000000</SARD>
    <SICI>35,190000</SICI>
    <SUD>37,000000</SUD>
    <AUST>48,800000</AUST>
    <BRNN>37,000000</BRNN>
    <COAC>35,000000</COAC>
    <CORS>47,150000</CORS>
    <FOGN>37,000000</FOGN>
    <FRAN>48,800000</FRAN>
    <GREC>37,000000</GREC>
    <MFTV>48,800000</MFTV>
    <PRGP>35,190000</PRGP>
    <ROSN>35,190000</ROSN>
    <SLOV>48,800000</SLOV>
    <SVIZ>48,800000</SVIZ>
    <BSP>48,800000</BSP>
    <MALT>35,190000</MALT>
    <XAUS>48,800000</XAUS>
    <XFRA>48,800000</XFRA>
  </Prezzi>
  <Prezzi>
    <Data>20170619</Data>
    <Mercato>MGP</Mercato>
    <Ora>14</Ora>
    <PUN>46,222890</PUN>
    <NAT>45,670000</NAT>
    <CNOR>48,990000</CNOR>
    <CSUD>44,660000</CSUD>
    <NORD>49,940000</NORD>
    <SARD>35,000000</SARD>
    <SICI>18,500000</SICI>
    <SUD>38,000000</SUD>
    <AUST>49,940000</AUST>
    <BRNN>38,000000</BRNN>
    <COAC>35,000000</COAC>
    <CORS>48,990000</CORS>
    <FOGN>38,000000</FOGN>
    <FRAN>49,940000</FRAN>
    <GREC>38,000000</GREC>
    <MFTV>49,940000</MFTV>
    <PRGP>18,500000</PRGP>
    <ROSN>18,500000</ROSN>
    <SLOV>49,940000</SLOV>
    <SVIZ>49,940000</SVIZ>
    <BSP>49,940000</BSP>
    <MALT>18,500000</MALT>
    <XAUS>49,940000</XAUS>
    <XFRA>49,940000</XFRA>
  </Prezzi>
  <Prezzi>
    <Data>20170619</Data>
    <Mercato>MGP</Mercato>
    <Ora>15</Ora>
    <PUN>51,413280</PUN>
    <NAT>47,150000</NAT>
    <CNOR>48,990000</CNOR>
    <CSUD>44,660000</CSUD>
    <NORD>59,150000</NORD>
    <SARD>20,000000</SARD>
    <SICI>15,000000</SICI>
    <SUD>38,000000</SUD>
    <AUST>59,150000</AUST>
    <BRNN>38,000000</BRNN>
    <COAC>20,000000</COAC>
    <CORS>48,990000</CORS>
    <FOGN>38,000000</FOGN>
    <FRAN>59,150000</FRAN>
    <GREC>38,000000</GREC>
    <MFTV>59,150000</MFTV>
    <PRGP>15,000000</PRGP>
    <ROSN>15,000000</ROSN>
    <SLOV>59,150000</SLOV>
    <SVIZ>59,150000</SVIZ>
    <BSP>59,150000</BSP>
    <MALT>15,000000</MALT>
    <XAUS>59,150000</XAUS>
    <XFRA>59,150000</XFRA>
  </Prezzi>
  <Prezzi>
    <Data>20170619</Data>
    <Mercato>MGP</Mercato>
    <Ora>16</Ora>
    <PUN>53,208920</PUN>
    <NAT>47,460000</NAT>
    <CNOR>47,150000</CNOR>
    <CSUD>46,000000</CSUD>
    <NORD>61,590000</NORD>
    <SARD>20,000000</SARD>
    <SICI>18,500000</SICI>
    <SUD>39,770000</SUD>
    <AUST>61,590000</AUST>
    <BRNN>39,770000</BRNN>
    <COAC>20,000000</COAC>
    <CORS>47,150000</CORS>
    <FOGN>39,770000</FOGN>
    <FRAN>61,590000</FRAN>
    <GREC>39,770000</GREC>
    <MFTV>61,590000</MFTV>
    <PRGP>18,500000</PRGP>
    <ROSN>18,500000</ROSN>
    <SLOV>61,590000</SLOV>
    <SVIZ>61,590000</SVIZ>
    <BSP>61,590000</BSP>
    <MALT>18,500000</MALT>
    <XAUS>61,590000</XAUS>
    <XFRA>61,590000</XFRA>
  </Prezzi>
  <Prezzi>
    <Data>20170619</Data>
    <Mercato>MGP</Mercato>
    <Ora>17</Ora>
    <PUN>57,291830</PUN>
    <NAT>48,200000</NAT>
    <CNOR>59,500000</CNOR>
    <CSUD>59,500000</CSUD>
    <NORD>59,500000</NORD>
    <SARD>59,500000</SARD>
    <SICI>37,960000</SICI>
    <SUD>42,720000</SUD>
    <AUST>59,500000</AUST>
    <BRNN>42,720000</BRNN>
    <COAC>59,500000</COAC>
    <CORS>59,500000</CORS>
    <FOGN>42,720000</FOGN>
    <FRAN>59,500000</FRAN>
    <GREC>42,720000</GREC>
    <MFTV>59,500000</MFTV>
    <PRGP>37,960000</PRGP>
    <ROSN>37,960000</ROSN>
    <SLOV>59,500000</SLOV>
    <SVIZ>59,500000</SVIZ>
    <BSP>59,500000</BSP>
    <MALT>37,960000</MALT>
    <XAUS>59,500000</XAUS>
    <XFRA>59,500000</XFRA>
  </Prezzi>
  <Prezzi>
    <Data>20170619</Data>
    <Mercato>MGP</Mercato>
    <Ora>18</Ora>
    <PUN>53,909340</PUN>
    <NAT>49,000000</NAT>
    <CNOR>56,890000</CNOR>
    <CSUD>47,000000</CSUD>
    <NORD>56,890000</NORD>
    <SARD>47,000000</SARD>
    <SICI>47,000000</SICI>
    <SUD>47,000000</SUD>
    <AUST>56,890000</AUST>
    <BRNN>47,000000</BRNN>
    <COAC>47,000000</COAC>
    <CORS>56,890000</CORS>
    <FOGN>47,000000</FOGN>
    <FRAN>56,890000</FRAN>
    <GREC>47,000000</GREC>
    <MFTV>56,890000</MFTV>
    <PRGP>47,000000</PRGP>
    <ROSN>47,000000</ROSN>
    <SLOV>56,890000</SLOV>
    <SVIZ>56,890000</SVIZ>
    <BSP>56,890000</BSP>
    <MALT>47,000000</MALT>
    <XAUS>56,890000</XAUS>
    <XFRA>56,890000</XFRA>
  </Prezzi>
  <Prezzi>
    <Data>20170619</Data>
    <Mercato>MGP</Mercato>
    <Ora>19</Ora>
    <PUN>53,082950</PUN>
    <NAT>51,990000</NAT>
    <CNOR>54,600000</CNOR>
    <CSUD>47,460000</CSUD>
    <NORD>54,600000</NORD>
    <SARD>47,460000</SARD>
    <SICI>60,000000</SICI>
    <SUD>47,460000</SUD>
    <AUST>54,600000</AUST>
    <BRNN>47,460000</BRNN>
    <COAC>47,460000</COAC>
    <CORS>54,600000</CORS>
    <FOGN>47,460000</FOGN>
    <FRAN>54,600000</FRAN>
    <GREC>47,460000</GREC>
    <MFTV>54,600000</MFTV>
    <PRGP>60,000000</PRGP>
    <ROSN>47,460000</ROSN>
    <SLOV>54,600000</SLOV>
    <SVIZ>54,600000</SVIZ>
    <BSP>54,600000</BSP>
    <MALT>60,000000</MALT>
    <XAUS>54,600000</XAUS>
    <XFRA>54,600000</XFRA>
  </Prezzi>
  <Prezzi>
    <Data>20170619</Data>
    <Mercato>MGP</Mercato>
    <Ora>20</Ora>
    <PUN>58,764810</PUN>
    <NAT>57,000000</NAT>
    <CNOR>56,890000</CNOR>
    <CSUD>56,890000</CSUD>
    <NORD>56,890000</NORD>
    <SARD>56,890000</SARD>
    <SICI>89,990000</SICI>
    <SUD>56,890000</SUD>
    <AUST>56,890000</AUST>
    <BRNN>56,890000</BRNN>
    <COAC>56,890000</COAC>
    <CORS>56,890000</CORS>
    <FOGN>56,890000</FOGN>
    <FRAN>56,890000</FRAN>
    <GREC>56,890000</GREC>
    <MFTV>56,890000</MFTV>
    <PRGP>89,990000</PRGP>
    <ROSN>56,890000</ROSN>
    <SLOV>56,890000</SLOV>
    <SVIZ>56,890000</SVIZ>
    <BSP>56,890000</BSP>
    <MALT>89,990000</MALT>
    <XAUS>56,890000</XAUS>
    <XFRA>56,890000</XFRA>
  </Prezzi>
  <Prezzi>
    <Data>20170619</Data>
    <Mercato>MGP</Mercato>
    <Ora>21</Ora>
    <PUN>59,041400</PUN>
    <NAT>59,150000</NAT>
    <CNOR>57,000000</CNOR>
    <CSUD>57,000000</CSUD>
    <NORD>57,000000</NORD>
    <SARD>57,000000</SARD>
    <SICI>91,050000</SICI>
    <SUD>57,000000</SUD>
    <AUST>57,000000</AUST>
    <BRNN>57,000000</BRNN>
    <COAC>57,000000</COAC>
    <CORS>57,000000</CORS>
    <FOGN>57,000000</FOGN>
    <FRAN>57,000000</FRAN>
    <GREC>57,000000</GREC>
    <MFTV>57,000000</MFTV>
    <PRGP>91,050000</PRGP>
    <ROSN>57,000000</ROSN>
    <SLOV>57,000000</SLOV>
    <SVIZ>57,000000</SVIZ>
    <BSP>57,000000</BSP>
    <MALT>91,050000</MALT>
    <XAUS>57,000000</XAUS>
    <XFRA>57,000000</XFRA>
  </Prezzi>
  <Prezzi>
    <Data>20170619</Data>
    <Mercato>MGP</Mercato>
    <Ora>22</Ora>
    <PUN>61,060680</PUN>
    <NAT>61,000000</NAT>
    <CNOR>59,150000</CNOR>
    <CSUD>59,150000</CSUD>
    <NORD>59,150000</NORD>
    <SARD>59,150000</SARD>
    <SICI>91,050000</SICI>
    <SUD>59,150000</SUD>
    <AUST>59,150000</AUST>
    <BRNN>59,150000</BRNN>
    <COAC>59,150000</COAC>
    <CORS>59,150000</CORS>
    <FOGN>59,150000</FOGN>
    <FRAN>59,150000</FRAN>
    <GREC>59,150000</GREC>
    <MFTV>59,150000</MFTV>
    <PRGP>91,050000</PRGP>
    <ROSN>59,150000</ROSN>
    <SLOV>59,150000</SLOV>
    <SVIZ>59,150000</SVIZ>
    <BSP>59,150000</BSP>
    <MALT>91,050000</MALT>
    <XAUS>59,150000</XAUS>
    <XFRA>59,150000</XFRA>
  </Prezzi>
  <Prezzi>
    <Data>20170619</Data>
    <Mercato>MGP</Mercato>
    <Ora>23</Ora>
    <PUN>58,560000</PUN>
    <NAT>58,560000</NAT>
    <CNOR>56,567970</CNOR>
    <CSUD>56,567970</CSUD>
    <NORD>56,567970</NORD>
    <SARD>56,567970</SARD>
    <SICI>90,010000</SICI>
    <SUD>56,567970</SUD>
    <AUST>56,567970</AUST>
    <BRNN>56,567970</BRNN>
    <COAC>56,567970</COAC>
    <CORS>56,567970</CORS>
    <FOGN>56,567970</FOGN>
    <FRAN>56,567970</FRAN>
    <GREC>56,567970</GREC>
    <MFTV>56,567970</MFTV>
    <PRGP>90,010000</PRGP>
    <ROSN>56,567970</ROSN>
    <SLOV>56,567970</SLOV>
    <SVIZ>56,567970</SVIZ>
    <BSP>56,567970</BSP>
    <MALT>90,010000</MALT>
    <XAUS>56,567970</XAUS>
    <XFRA>56,567970</XFRA>
  </Prezzi>
  <Prezzi>
    <Data>20170619</Data>
    <Mercato>MGP</Mercato>
    <Ora>24</Ora>
    <PUN>51,272410</PUN>
    <NAT>48,950000</NAT>
    <CNOR>48,800000</CNOR>
    <CSUD>48,800000</CSUD>
    <NORD>48,800000</NORD>
    <SARD>48,800000</SARD>
    <SICI>89,990000</SICI>
    <SUD>48,800000</SUD>
    <AUST>48,800000</AUST>
    <BRNN>48,800000</BRNN>
    <COAC>48,800000</COAC>
    <CORS>48,800000</CORS>
    <FOGN>48,800000</FOGN>
    <FRAN>48,800000</FRAN>
    <GREC>48,800000</GREC>
    <MFTV>48,800000</MFTV>
    <PRGP>89,990000</PRGP>
    <ROSN>48,800000</ROSN>
    <SLOV>48,800000</SLOV>
    <SVIZ>48,800000</SVIZ>
    <BSP>48,800000</BSP>
    <MALT>89,990000</MALT>
    <XAUS>48,800000</XAUS>
    <XFRA>48,800000</XFRA>
  </Prezzi>
</NewDataSet>