<?xml version="1.0" standalone="yes"?>
<NewDataSet>
  <xs:schema id="NewDataSet" xmlns="" xmlns:xs="http://www.w3.org/2001/XMLSchema" xmlns:msdata="urn:schemas-microsoft-com:xml-msdata">
    <xs:element name="NewDataSet" msdata:IsDataSet="true" msdata:UseCurrentLocale="true">
      <xs:complexType>
        <xs:choice minOccurs="0" maxOccurs="unbounded">
          <xs:element name="Prezzi">
            <xs:complexType>
              <xs:sequence>
                <xs:element name="Data" type="xs:string" minOccurs="0" />
                <xs:element name="Mercato" type="xs:string" minOccurs="0" />
                <xs:element name="Ora" type="xs:string" minOccurs="0" />
                <xs:element name="PUN" type="xs:string" minOccurs="0" />
                <xs:element name="NAT" type="xs:string" minOccurs="0" />
                <xs:element name="CNOR" type="xs:string" minOccurs="0" />
                <xs:element name="CSUD" type="xs:string" minOccurs="0" />
                <xs:element name="NORD" type="xs:string" minOccurs="0" />
                <xs:element name="SARD" type="xs:string" minOccurs="0" />
                <xs:element name="SICI" type="xs:string" minOccurs="0" />
                <xs:element name="SUD" type="xs:string" minOccurs="0" />
                <xs:element name="AUST" type="xs:string" minOccurs="0" />
                <xs:element name="BRNN" type="xs:string" minOccurs="0" />
                <xs:element name="COAC" type="xs:string" minOccurs="0" />
                <xs:element name="CORS" type="xs:string" minOccurs="0" />
                <xs:element name="FOGN" type="xs:string" minOccurs="0" />
                <xs:element name="FRAN" type="xs:string" minOccurs="0" />
                <xs:element name="GREC" type="xs:string" minOccurs="0" />
                <xs:element name="MFTV" type="xs:string" minOccurs="0" />
                <xs:element name="PRGP" type="xs:string" minOccurs="0" />
                <xs:element name="ROSN" type="xs:string" minOccurs="0" />
                <xs:element name="SLOV" type="xs:string" minOccurs="0" />
                <xs:element name="SVIZ" type="xs:string" minOccurs="0" />
                <xs:element name="BSP" type="xs:string" minOccurs="0" />
                <xs:element name="MALT" type="xs:string" minOccurs="0" />
                <xs:element name="XAUS" type="xs:string" minOccurs="0" />
                <xs:element name="XFRA" type="xs:string" minOccurs="0" />
              </xs:sequence>
            </xs:complexType>
          </xs:element>
        </xs:choice>
      </xs:complexType>
    </xs:element>
  </xs:schema>
  <Prezzi>
    <Data>20170630</Data>
    <Mercato>MGP</Mercato>
    <Ora>1</Ora>
    <PUN>45,678960</PUN>
    <NAT>46,880000</NAT>
    <CNOR>46,880000</CNOR>
    <CSUD>46,880000</CSUD>
    <NORD>41,780000</NORD>
    <SARD>46,880000</SARD>
    <SICI>70,490000</SICI>
    <SUD>46,880000</SUD>
    <AUST>41,780000</AUST>
    <BRNN>46,880000</BRNN>
    <COAC>46,880000</COAC>
    <CORS>46,880000</CORS>
    <FOGN>46,880000</FOGN>
    <FRAN>41,780000</FRAN>
    <GREC>46,880000</GREC>
    <MFTV>41,780000</MFTV>
    <PRGP>70,490000</PRGP>
    <ROSN>46,880000</ROSN>
    <SLOV>41,780000</SLOV>
    <SVIZ>41,780000</SVIZ>
    <BSP>41,780000</BSP>
    <MALT>70,490000</MALT>
    <XAUS>41,780000</XAUS>
    <XFRA>41,780000</XFRA>
  </Prezzi>
  <Prezzi>
    <Data>20170630</Data>
    <Mercato>MGP</Mercato>
    <Ora>2</Ora>
    <PUN>42,946290</PUN>
    <NAT>43,330000</NAT>
    <CNOR>43,980000</CNOR>
    <CSUD>43,980000</CSUD>
    <NORD>38,810000</NORD>
    <SARD>43,980000</SARD>
    <SICI>70,980000</SICI>
    <SUD>43,980000</SUD>
    <AUST>38,810000</AUST>
    <BRNN>43,980000</BRNN>
    <COAC>43,980000</COAC>
    <CORS>43,980000</CORS>
    <FOGN>43,980000</FOGN>
    <FRAN>38,810000</FRAN>
    <GREC>43,980000</GREC>
    <MFTV>38,810000</MFTV>
    <PRGP>70,980000</PRGP>
    <ROSN>43,980000</ROSN>
    <SLOV>38,810000</SLOV>
    <SVIZ>38,810000</SVIZ>
    <BSP>38,810000</BSP>
    <MALT>70,980000</MALT>
    <XAUS>38,810000</XAUS>
    <XFRA>38,810000</XFRA>
  </Prezzi>
  <Prezzi>
    <Data>20170630</Data>
    <Mercato>MGP</Mercato>
    <Ora>3</Ora>
    <PUN>40,716160</PUN>
    <NAT>40,000000</NAT>
    <CNOR>43,330000</CNOR>
    <CSUD>43,330000</CSUD>
    <NORD>36,560000</NORD>
    <SARD>43,330000</SARD>
    <SICI>60,000000</SICI>
    <SUD>43,330000</SUD>
    <AUST>36,560000</AUST>
    <BRNN>43,330000</BRNN>
    <COAC>43,330000</COAC>
    <CORS>43,330000</CORS>
    <FOGN>43,330000</FOGN>
    <FRAN>36,560000</FRAN>
    <GREC>43,330000</GREC>
    <MFTV>36,560000</MFTV>
    <PRGP>60,000000</PRGP>
    <ROSN>43,330000</ROSN>
    <SLOV>36,560000</SLOV>
    <SVIZ>36,560000</SVIZ>
    <BSP>36,560000</BSP>
    <MALT>60,000000</MALT>
    <XAUS>36,560000</XAUS>
    <XFRA>36,560000</XFRA>
  </Prezzi>
  <Prezzi>
    <Data>20170630</Data>
    <Mercato>MGP</Mercato>
    <Ora>4</Ora>
    <PUN>38,173200</PUN>
    <NAT>36,700000</NAT>
    <CNOR>42,830000</CNOR>
    <CSUD>42,830000</CSUD>
    <NORD>33,990000</NORD>
    <SARD>42,830000</SARD>
    <SICI>45,010000</SICI>
    <SUD>42,830000</SUD>
    <AUST>33,990000</AUST>
    <BRNN>42,830000</BRNN>
    <COAC>42,830000</COAC>
    <CORS>42,830000</CORS>
    <FOGN>42,830000</FOGN>
    <FRAN>33,990000</FRAN>
    <GREC>42,830000</GREC>
    <MFTV>33,990000</MFTV>
    <PRGP>45,010000</PRGP>
    <ROSN>42,830000</ROSN>
    <SLOV>33,990000</SLOV>
    <SVIZ>33,990000</SVIZ>
    <BSP>33,990000</BSP>
    <MALT>45,010000</MALT>
    <XAUS>33,990000</XAUS>
    <XFRA>33,990000</XFRA>
  </Prezzi>
  <Prezzi>
    <Data>20170630</Data>
    <Mercato>MGP</Mercato>
    <Ora>5</Ora>
    <PUN>38,177600</PUN>
    <NAT>35,870000</NAT>
    <CNOR>42,830000</CNOR>
    <CSUD>42,830000</CSUD>
    <NORD>33,990000</NORD>
    <SARD>42,830000</SARD>
    <SICI>45,010000</SICI>
    <SUD>42,830000</SUD>
    <AUST>33,990000</AUST>
    <BRNN>42,830000</BRNN>
    <COAC>42,830000</COAC>
    <CORS>42,830000</CORS>
    <FOGN>42,830000</FOGN>
    <FRAN>33,990000</FRAN>
    <GREC>42,830000</GREC>
    <MFTV>33,990000</MFTV>
    <PRGP>45,010000</PRGP>
    <ROSN>42,830000</ROSN>
    <SLOV>33,990000</SLOV>
    <SVIZ>33,990000</SVIZ>
    <BSP>33,990000</BSP>
    <MALT>45,010000</MALT>
    <XAUS>33,990000</XAUS>
    <XFRA>33,990000</XFRA>
  </Prezzi>
  <Prezzi>
    <Data>20170630</Data>
    <Mercato>MGP</Mercato>
    <Ora>6</Ora>
    <PUN>37,571010</PUN>
    <NAT>36,680000</NAT>
    <CNOR>42,830000</CNOR>
    <CSUD>42,830000</CSUD>
    <NORD>33,260000</NORD>
    <SARD>42,830000</SARD>
    <SICI>42,830000</SICI>
    <SUD>42,830000</SUD>
    <AUST>33,260000</AUST>
    <BRNN>42,830000</BRNN>
    <COAC>42,830000</COAC>
    <CORS>42,830000</CORS>
    <FOGN>42,830000</FOGN>
    <FRAN>33,260000</FRAN>
    <GREC>42,830000</GREC>
    <MFTV>33,260000</MFTV>
    <PRGP>42,830000</PRGP>
    <ROSN>42,830000</ROSN>
    <SLOV>33,260000</SLOV>
    <SVIZ>33,260000</SVIZ>
    <BSP>33,260000</BSP>
    <MALT>42,830000</MALT>
    <XAUS>33,260000</XAUS>
    <XFRA>33,260000</XFRA>
  </Prezzi>
  <Prezzi>
    <Data>20170630</Data>
    <Mercato>MGP</Mercato>
    <Ora>7</Ora>
    <PUN>41,765070</PUN>
    <NAT>42,000000</NAT>
    <CNOR>43,920000</CNOR>
    <CSUD>43,920000</CSUD>
    <NORD>38,430000</NORD>
    <SARD>43,920000</SARD>
    <SICI>60,000000</SICI>
    <SUD>43,920000</SUD>
    <AUST>38,430000</AUST>
    <BRNN>43,920000</BRNN>
    <COAC>43,920000</COAC>
    <CORS>43,920000</CORS>
    <FOGN>43,920000</FOGN>
    <FRAN>38,430000</FRAN>
    <GREC>43,920000</GREC>
    <MFTV>38,430000</MFTV>
    <PRGP>60,000000</PRGP>
    <ROSN>43,920000</ROSN>
    <SLOV>38,430000</SLOV>
    <SVIZ>38,430000</SVIZ>
    <BSP>38,430000</BSP>
    <MALT>60,000000</MALT>
    <XAUS>38,430000</XAUS>
    <XFRA>38,430000</XFRA>
  </Prezzi>
  <Prezzi>
    <Data>20170630</Data>
    <Mercato>MGP</Mercato>
    <Ora>8</Ora>
    <PUN>48,810530</PUN>
    <NAT>47,000000</NAT>
    <CNOR>46,900000</CNOR>
    <CSUD>46,900000</CSUD>
    <NORD>46,900000</NORD>
    <SARD>46,900000</SARD>
    <SICI>81,010000</SICI>
    <SUD>46,900000</SUD>
    <AUST>46,900000</AUST>
    <BRNN>46,900000</BRNN>
    <COAC>46,900000</COAC>
    <CORS>46,900000</CORS>
    <FOGN>46,900000</FOGN>
    <FRAN>46,900000</FRAN>
    <GREC>46,900000</GREC>
    <MFTV>46,900000</MFTV>
    <PRGP>81,010000</PRGP>
    <ROSN>46,900000</ROSN>
    <SLOV>46,900000</SLOV>
    <SVIZ>46,900000</SVIZ>
    <BSP>46,900000</BSP>
    <MALT>81,010000</MALT>
    <XAUS>46,900000</XAUS>
    <XFRA>46,900000</XFRA>
  </Prezzi>
  <Prezzi>
    <Data>20170630</Data>
    <Mercato>MGP</Mercato>
    <Ora>9</Ora>
    <PUN>53,723440</PUN>
    <NAT>54,870000</NAT>
    <CNOR>52,000000</CNOR>
    <CSUD>52,000000</CSUD>
    <NORD>52,000000</NORD>
    <SARD>52,000000</SARD>
    <SICI>83,010000</SICI>
    <SUD>52,000000</SUD>
    <AUST>52,000000</AUST>
    <BRNN>52,000000</BRNN>
    <COAC>52,000000</COAC>
    <CORS>52,000000</CORS>
    <FOGN>52,000000</FOGN>
    <FRAN>52,000000</FRAN>
    <GREC>52,000000</GREC>
    <MFTV>52,000000</MFTV>
    <PRGP>83,010000</PRGP>
    <ROSN>52,000000</ROSN>
    <SLOV>52,000000</SLOV>
    <SVIZ>52,000000</SVIZ>
    <BSP>52,000000</BSP>
    <MALT>83,010000</MALT>
    <XAUS>52,000000</XAUS>
    <XFRA>52,000000</XFRA>
  </Prezzi>
  <Prezzi>
    <Data>20170630</Data>
    <Mercato>MGP</Mercato>
    <Ora>10</Ora>
    <PUN>51,468890</PUN>
    <NAT>54,260000</NAT>
    <CNOR>50,280000</CNOR>
    <CSUD>50,280000</CSUD>
    <NORD>50,280000</NORD>
    <SARD>50,280000</SARD>
    <SICI>70,980000</SICI>
    <SUD>50,280000</SUD>
    <AUST>50,280000</AUST>
    <BRNN>50,280000</BRNN>
    <COAC>50,280000</COAC>
    <CORS>50,280000</CORS>
    <FOGN>50,280000</FOGN>
    <FRAN>50,280000</FRAN>
    <GREC>50,280000</GREC>
    <MFTV>50,280000</MFTV>
    <PRGP>70,980000</PRGP>
    <ROSN>50,280000</ROSN>
    <SLOV>50,280000</SLOV>
    <SVIZ>50,280000</SVIZ>
    <BSP>50,280000</BSP>
    <MALT>70,980000</MALT>
    <XAUS>50,280000</XAUS>
    <XFRA>50,280000</XFRA>
  </Prezzi>
  <Prezzi>
    <Data>20170630</Data>
    <Mercato>MGP</Mercato>
    <Ora>11</Ora>
    <PUN>48,889330</PUN>
    <NAT>48,270000</NAT>
    <CNOR>48,270000</CNOR>
    <CSUD>48,270000</CSUD>
    <NORD>48,270000</NORD>
    <SARD>48,270000</SARD>
    <SICI>59,000000</SICI>
    <SUD>48,270000</SUD>
    <AUST>48,270000</AUST>
    <BRNN>48,270000</BRNN>
    <COAC>48,270000</COAC>
    <CORS>48,270000</CORS>
    <FOGN>48,270000</FOGN>
    <FRAN>48,270000</FRAN>
    <GREC>48,270000</GREC>
    <MFTV>48,270000</MFTV>
    <PRGP>59,000000</PRGP>
    <ROSN>48,270000</ROSN>
    <SLOV>48,270000</SLOV>
    <SVIZ>48,270000</SVIZ>
    <BSP>48,270000</BSP>
    <MALT>59,000000</MALT>
    <XAUS>48,270000</XAUS>
    <XFRA>48,270000</XFRA>
  </Prezzi>
  <Prezzi>
    <Data>20170630</Data>
    <Mercato>MGP</Mercato>
    <Ora>12</Ora>
    <PUN>47,530000</PUN>
    <NAT>47,530000</NAT>
    <CNOR>47,530000</CNOR>
    <CSUD>47,530000</CSUD>
    <NORD>47,530000</NORD>
    <SARD>47,530000</SARD>
    <SICI>47,530000</SICI>
    <SUD>47,530000</SUD>
    <AUST>47,530000</AUST>
    <BRNN>47,530000</BRNN>
    <COAC>47,530000</COAC>
    <CORS>47,530000</CORS>
    <FOGN>47,530000</FOGN>
    <FRAN>47,530000</FRAN>
    <GREC>47,530000</GREC>
    <MFTV>47,530000</MFTV>
    <PRGP>47,530000</PRGP>
    <ROSN>47,530000</ROSN>
    <SLOV>47,530000</SLOV>
    <SVIZ>47,530000</SVIZ>
    <BSP>47,530000</BSP>
    <MALT>47,530000</MALT>
    <XAUS>47,530000</XAUS>
    <XFRA>47,530000</XFRA>
  </Prezzi>
  <Prezzi>
    <Data>20170630</Data>
    <Mercato>MGP</Mercato>
    <Ora>13</Ora>
    <PUN>46,730370</PUN>
    <NAT>46,880000</NAT>
    <CNOR>46,880000</CNOR>
    <CSUD>46,880000</CSUD>
    <NORD>46,880000</NORD>
    <SARD>46,880000</SARD>
    <SICI>44,400000</SICI>
    <SUD>46,880000</SUD>
    <AUST>46,880000</AUST>
    <BRNN>46,880000</BRNN>
    <COAC>46,880000</COAC>
    <CORS>46,880000</CORS>
    <FOGN>46,880000</FOGN>
    <FRAN>46,880000</FRAN>
    <GREC>46,880000</GREC>
    <MFTV>46,880000</MFTV>
    <PRGP>44,400000</PRGP>
    <ROSN>44,400000</ROSN>
    <SLOV>46,880000</SLOV>
    <SVIZ>46,880000</SVIZ>
    <BSP>46,880000</BSP>
    <MALT>44,400000</MALT>
    <XAUS>46,880000</XAUS>
    <XFRA>46,880000</XFRA>
  </Prezzi>
  <Prezzi>
    <Data>20170630</Data>
    <Mercato>MGP</Mercato>
    <Ora>14</Ora>
    <PUN>46,671270</PUN>
    <NAT>46,900000</NAT>
    <CNOR>46,900000</CNOR>
    <CSUD>46,900000</CSUD>
    <NORD>46,900000</NORD>
    <SARD>46,900000</SARD>
    <SICI>43,060000</SICI>
    <SUD>46,900000</SUD>
    <AUST>46,900000</AUST>
    <BRNN>46,900000</BRNN>
    <COAC>46,900000</COAC>
    <CORS>46,900000</CORS>
    <FOGN>46,900000</FOGN>
    <FRAN>46,900000</FRAN>
    <GREC>46,900000</GREC>
    <MFTV>46,900000</MFTV>
    <PRGP>43,060000</PRGP>
    <ROSN>43,060000</ROSN>
    <SLOV>46,900000</SLOV>
    <SVIZ>46,900000</SVIZ>
    <BSP>46,900000</BSP>
    <MALT>43,060000</MALT>
    <XAUS>46,900000</XAUS>
    <XFRA>46,900000</XFRA>
  </Prezzi>
  <Prezzi>
    <Data>20170630</Data>
    <Mercato>MGP</Mercato>
    <Ora>15</Ora>
    <PUN>47,271030</PUN>
    <NAT>47,530000</NAT>
    <CNOR>47,530000</CNOR>
    <CSUD>47,530000</CSUD>
    <NORD>47,530000</NORD>
    <SARD>47,530000</SARD>
    <SICI>43,060000</SICI>
    <SUD>47,530000</SUD>
    <AUST>47,530000</AUST>
    <BRNN>47,530000</BRNN>
    <COAC>47,530000</COAC>
    <CORS>47,530000</CORS>
    <FOGN>47,530000</FOGN>
    <FRAN>47,530000</FRAN>
    <GREC>47,530000</GREC>
    <MFTV>47,530000</MFTV>
    <PRGP>43,060000</PRGP>
    <ROSN>43,060000</ROSN>
    <SLOV>47,530000</SLOV>
    <SVIZ>47,530000</SVIZ>
    <BSP>47,530000</BSP>
    <MALT>43,060000</MALT>
    <XAUS>47,530000</XAUS>
    <XFRA>47,530000</XFRA>
  </Prezzi>
  <Prezzi>
    <Data>20170630</Data>
    <Mercato>MGP</Mercato>
    <Ora>16</Ora>
    <PUN>48,921550</PUN>
    <NAT>48,270000</NAT>
    <CNOR>49,280000</CNOR>
    <CSUD>49,280000</CSUD>
    <NORD>49,280000</NORD>
    <SARD>49,280000</SARD>
    <SICI>44,400000</SICI>
    <SUD>48,270000</SUD>
    <AUST>49,280000</AUST>
    <BRNN>48,270000</BRNN>
    <COAC>49,280000</COAC>
    <CORS>49,280000</CORS>
    <FOGN>48,270000</FOGN>
    <FRAN>49,280000</FRAN>
    <GREC>48,270000</GREC>
    <MFTV>49,280000</MFTV>
    <PRGP>44,400000</PRGP>
    <ROSN>44,400000</ROSN>
    <SLOV>49,280000</SLOV>
    <SVIZ>49,280000</SVIZ>
    <BSP>49,280000</BSP>
    <MALT>44,400000</MALT>
    <XAUS>49,280000</XAUS>
    <XFRA>49,280000</XFRA>
  </Prezzi>
  <Prezzi>
    <Data>20170630</Data>
    <Mercato>MGP</Mercato>
    <Ora>17</Ora>
    <PUN>56,290000</PUN>
    <NAT>56,290000</NAT>
    <CNOR>56,290000</CNOR>
    <CSUD>56,290000</CSUD>
    <NORD>56,290000</NORD>
    <SARD>56,290000</SARD>
    <SICI>56,290000</SICI>
    <SUD>56,290000</SUD>
    <AUST>56,290000</AUST>
    <BRNN>56,290000</BRNN>
    <COAC>56,290000</COAC>
    <CORS>56,290000</CORS>
    <FOGN>56,290000</FOGN>
    <FRAN>56,290000</FRAN>
    <GREC>56,290000</GREC>
    <MFTV>56,290000</MFTV>
    <PRGP>56,290000</PRGP>
    <ROSN>56,290000</ROSN>
    <SLOV>56,290000</SLOV>
    <SVIZ>56,290000</SVIZ>
    <BSP>56,290000</BSP>
    <MALT>56,290000</MALT>
    <XAUS>56,290000</XAUS>
    <XFRA>56,290000</XFRA>
  </Prezzi>
  <Prezzi>
    <Data>20170630</Data>
    <Mercato>MGP</Mercato>
    <Ora>18</Ora>
    <PUN>50,332350</PUN>
    <NAT>49,780000</NAT>
    <CNOR>49,780000</CNOR>
    <CSUD>49,780000</CSUD>
    <NORD>49,780000</NORD>
    <SARD>49,780000</SARD>
    <SICI>59,130000</SICI>
    <SUD>49,780000</SUD>
    <AUST>49,780000</AUST>
    <BRNN>49,780000</BRNN>
    <COAC>49,780000</COAC>
    <CORS>49,780000</CORS>
    <FOGN>49,780000</FOGN>
    <FRAN>49,780000</FRAN>
    <GREC>49,780000</GREC>
    <MFTV>49,780000</MFTV>
    <PRGP>59,130000</PRGP>
    <ROSN>49,780000</ROSN>
    <SLOV>49,780000</SLOV>
    <SVIZ>49,780000</SVIZ>
    <BSP>49,780000</BSP>
    <MALT>59,130000</MALT>
    <XAUS>49,780000</XAUS>
    <XFRA>49,780000</XFRA>
  </Prezzi>
  <Prezzi>
    <Data>20170630</Data>
    <Mercato>MGP</Mercato>
    <Ora>19</Ora>
    <PUN>50,670040</PUN>
    <NAT>49,580000</NAT>
    <CNOR>48,500000</CNOR>
    <CSUD>48,500000</CSUD>
    <NORD>48,500000</NORD>
    <SARD>48,500000</SARD>
    <SICI>84,990000</SICI>
    <SUD>48,500000</SUD>
    <AUST>48,500000</AUST>
    <BRNN>48,500000</BRNN>
    <COAC>48,500000</COAC>
    <CORS>48,500000</CORS>
    <FOGN>48,500000</FOGN>
    <FRAN>48,500000</FRAN>
    <GREC>48,500000</GREC>
    <MFTV>48,500000</MFTV>
    <PRGP>84,990000</PRGP>
    <ROSN>48,500000</ROSN>
    <SLOV>48,500000</SLOV>
    <SVIZ>48,500000</SVIZ>
    <BSP>48,500000</BSP>
    <MALT>84,990000</MALT>
    <XAUS>48,500000</XAUS>
    <XFRA>48,500000</XFRA>
  </Prezzi>
  <Prezzi>
    <Data>20170630</Data>
    <Mercato>MGP</Mercato>
    <Ora>20</Ora>
    <PUN>52,503490</PUN>
    <NAT>54,870000</NAT>
    <CNOR>49,990000</CNOR>
    <CSUD>49,990000</CSUD>
    <NORD>49,990000</NORD>
    <SARD>49,990000</SARD>
    <SICI>91,050000</SICI>
    <SUD>49,990000</SUD>
    <AUST>49,990000</AUST>
    <BRNN>49,990000</BRNN>
    <COAC>49,990000</COAC>
    <CORS>49,990000</CORS>
    <FOGN>49,990000</FOGN>
    <FRAN>49,990000</FRAN>
    <GREC>49,990000</GREC>
    <MFTV>49,990000</MFTV>
    <PRGP>91,050000</PRGP>
    <ROSN>49,990000</ROSN>
    <SLOV>49,990000</SLOV>
    <SVIZ>49,990000</SVIZ>
    <BSP>49,990000</BSP>
    <MALT>91,050000</MALT>
    <XAUS>49,990000</XAUS>
    <XFRA>49,990000</XFRA>
  </Prezzi>
  <Prezzi>
    <Data>20170630</Data>
    <Mercato>MGP</Mercato>
    <Ora>21</Ora>
    <PUN>51,582390</PUN>
    <NAT>51,480000</NAT>
    <CNOR>48,780000</CNOR>
    <CSUD>48,780000</CSUD>
    <NORD>48,780000</NORD>
    <SARD>48,780000</SARD>
    <SICI>91,050000</SICI>
    <SUD>48,780000</SUD>
    <AUST>48,780000</AUST>
    <BRNN>48,780000</BRNN>
    <COAC>48,780000</COAC>
    <CORS>48,780000</CORS>
    <FOGN>48,780000</FOGN>
    <FRAN>48,780000</FRAN>
    <GREC>48,780000</GREC>
    <MFTV>48,780000</MFTV>
    <PRGP>91,050000</PRGP>
    <ROSN>48,780000</ROSN>
    <SLOV>48,780000</SLOV>
    <SVIZ>48,780000</SVIZ>
    <BSP>48,780000</BSP>
    <MALT>91,050000</MALT>
    <XAUS>48,780000</XAUS>
    <XFRA>48,780000</XFRA>
  </Prezzi>
  <Prezzi>
    <Data>20170630</Data>
    <Mercato>MGP</Mercato>
    <Ora>22</Ora>
    <PUN>51,631660</PUN>
    <NAT>51,880000</NAT>
    <CNOR>48,870000</CNOR>
    <CSUD>48,870000</CSUD>
    <NORD>48,870000</NORD>
    <SARD>48,870000</SARD>
    <SICI>91,050000</SICI>
    <SUD>48,870000</SUD>
    <AUST>48,870000</AUST>
    <BRNN>48,870000</BRNN>
    <COAC>48,870000</COAC>
    <CORS>48,870000</CORS>
    <FOGN>48,870000</FOGN>
    <FRAN>48,870000</FRAN>
    <GREC>48,870000</GREC>
    <MFTV>48,870000</MFTV>
    <PRGP>91,050000</PRGP>
    <ROSN>48,870000</ROSN>
    <SLOV>48,870000</SLOV>
    <SVIZ>48,870000</SVIZ>
    <BSP>48,870000</BSP>
    <MALT>91,050000</MALT>
    <XAUS>48,870000</XAUS>
    <XFRA>48,870000</XFRA>
  </Prezzi>
  <Prezzi>
    <Data>20170630</Data>
    <Mercato>MGP</Mercato>
    <Ora>23</Ora>
    <PUN>48,587960</PUN>
    <NAT>47,530000</NAT>
    <CNOR>47,530000</CNOR>
    <CSUD>47,530000</CSUD>
    <NORD>44,060000</NORD>
    <SARD>47,530000</SARD>
    <SICI>91,050000</SICI>
    <SUD>47,530000</SUD>
    <AUST>44,060000</AUST>
    <BRNN>47,530000</BRNN>
    <COAC>47,530000</COAC>
    <CORS>47,530000</CORS>
    <FOGN>47,530000</FOGN>
    <FRAN>44,060000</FRAN>
    <GREC>47,530000</GREC>
    <MFTV>44,060000</MFTV>
    <PRGP>91,050000</PRGP>
    <ROSN>47,530000</ROSN>
    <SLOV>44,060000</SLOV>
    <SVIZ>44,060000</SVIZ>
    <BSP>44,060000</BSP>
    <MALT>91,050000</MALT>
    <XAUS>44,060000</XAUS>
    <XFRA>44,060000</XFRA>
  </Prezzi>
  <Prezzi>
    <Data>20170630</Data>
    <Mercato>MGP</Mercato>
    <Ora>24</Ora>
    <PUN>48,223310</PUN>
    <NAT>46,880000</NAT>
    <CNOR>46,880000</CNOR>
    <CSUD>46,880000</CSUD>
    <NORD>44,070000</NORD>
    <SARD>46,880000</SARD>
    <SICI>89,990000</SICI>
    <SUD>46,880000</SUD>
    <AUST>44,070000</AUST>
    <BRNN>46,880000</BRNN>
    <COAC>46,880000</COAC>
    <CORS>46,880000</CORS>
    <FOGN>46,880000</FOGN>
    <FRAN>44,070000</FRAN>
    <GREC>46,880000</GREC>
    <MFTV>44,070000</MFTV>
    <PRGP>89,990000</PRGP>
    <ROSN>46,880000</ROSN>
    <SLOV>44,070000</SLOV>
    <SVIZ>44,070000</SVIZ>
    <BSP>44,070000</BSP>
    <MALT>89,990000</MALT>
    <XAUS>44,070000</XAUS>
    <XFRA>44,070000</XFRA>
  </Prezzi>
</NewDataSet>