<?xml version="1.0" standalone="yes"?>
<NewDataSet>
  <xs:schema id="NewDataSet" xmlns="" xmlns:xs="http://www.w3.org/2001/XMLSchema" xmlns:msdata="urn:schemas-microsoft-com:xml-msdata">
    <xs:element name="NewDataSet" msdata:IsDataSet="true" msdata:UseCurrentLocale="true">
      <xs:complexType>
        <xs:choice minOccurs="0" maxOccurs="unbounded">
          <xs:element name="Fabbisogno">
            <xs:complexType>
              <xs:sequence>
                <xs:element name="Data" type="xs:string" minOccurs="0" />
                <xs:element name="Mercato" type="xs:string" minOccurs="0" />
                <xs:element name="Ora" type="xs:string" minOccurs="0" />
                <xs:element name="Italia" type="xs:string" minOccurs="0" />
                <xs:element name="CNOR" type="xs:string" minOccurs="0" />
                <xs:element name="CSUD" type="xs:string" minOccurs="0" />
                <xs:element name="NORD" type="xs:string" minOccurs="0" />
                <xs:element name="SARD" type="xs:string" minOccurs="0" />
                <xs:element name="SICI" type="xs:string" minOccurs="0" />
                <xs:element name="SUD" type="xs:string" minOccurs="0" />
              </xs:sequence>
            </xs:complexType>
          </xs:element>
        </xs:choice>
      </xs:complexType>
    </xs:element>
  </xs:schema>
  <Fabbisogno>
    <Data>20160821</Data>
    <Mercato>MGP</Mercato>
    <Ora>1</Ora>
    <Italia>24037,494</Italia>
    <CNOR>2650,188</CNOR>
    <CSUD>4540,331</CSUD>
    <NORD>11319,051</NORD>
    <SARD>1041,606</SARD>
    <SICI>1906,937</SICI>
    <SUD>2579,381</SUD>
  </Fabbisogno>
  <Fabbisogno>
    <Data>20160821</Data>
    <Mercato>MGP</Mercato>
    <Ora>2</Ora>
    <Italia>22730,287</Italia>
    <CNOR>2474,664</CNOR>
    <CSUD>4247,313</CSUD>
    <NORD>10811,466</NORD>
    <SARD>988,449</SARD>
    <SICI>1792,249</SICI>
    <SUD>2416,146</SUD>
  </Fabbisogno>
  <Fabbisogno>
    <Data>20160821</Data>
    <Mercato>MGP</Mercato>
    <Ora>3</Ora>
    <Italia>21760,34</Italia>
    <CNOR>2383,002</CNOR>
    <CSUD>4056,817</CSUD>
    <NORD>10380,058</NORD>
    <SARD>958,769</SARD>
    <SICI>1680,001</SICI>
    <SUD>2301,693</SUD>
  </Fabbisogno>
  <Fabbisogno>
    <Data>20160821</Data>
    <Mercato>MGP</Mercato>
    <Ora>4</Ora>
    <Italia>21184,753</Italia>
    <CNOR>2318,238</CNOR>
    <CSUD>3924,106</CSUD>
    <NORD>10187,779</NORD>
    <SARD>931,223</SARD>
    <SICI>1614,729</SICI>
    <SUD>2208,678</SUD>
  </Fabbisogno>
  <Fabbisogno>
    <Data>20160821</Data>
    <Mercato>MGP</Mercato>
    <Ora>5</Ora>
    <Italia>20927,775</Italia>
    <CNOR>2285,643</CNOR>
    <CSUD>3866,405</CSUD>
    <NORD>10101,734</NORD>
    <SARD>920,928</SARD>
    <SICI>1575,618</SICI>
    <SUD>2177,447</SUD>
  </Fabbisogno>
  <Fabbisogno>
    <Data>20160821</Data>
    <Mercato>MGP</Mercato>
    <Ora>6</Ora>
    <Italia>21000,088</Italia>
    <CNOR>2269,033</CNOR>
    <CSUD>3887,451</CSUD>
    <NORD>10190,851</NORD>
    <SARD>922,155</SARD>
    <SICI>1568,994</SICI>
    <SUD>2161,604</SUD>
  </Fabbisogno>
  <Fabbisogno>
    <Data>20160821</Data>
    <Mercato>MGP</Mercato>
    <Ora>7</Ora>
    <Italia>20548,853</Italia>
    <CNOR>2203,501</CNOR>
    <CSUD>3755,523</CSUD>
    <NORD>10111,155</NORD>
    <SARD>913,497</SARD>
    <SICI>1531,593</SICI>
    <SUD>2033,584</SUD>
  </Fabbisogno>
  <Fabbisogno>
    <Data>20160821</Data>
    <Mercato>MGP</Mercato>
    <Ora>8</Ora>
    <Italia>20764,553</Italia>
    <CNOR>2198,477</CNOR>
    <CSUD>3855,837</CSUD>
    <NORD>10169,716</NORD>
    <SARD>908,755</SARD>
    <SICI>1549,485</SICI>
    <SUD>2082,283</SUD>
  </Fabbisogno>
  <Fabbisogno>
    <Data>20160821</Data>
    <Mercato>MGP</Mercato>
    <Ora>9</Ora>
    <Italia>21990,355</Italia>
    <CNOR>2338,531</CNOR>
    <CSUD>4093,856</CSUD>
    <NORD>10698,009</NORD>
    <SARD>945,163</SARD>
    <SICI>1704,206</SICI>
    <SUD>2210,59</SUD>
  </Fabbisogno>
  <Fabbisogno>
    <Data>20160821</Data>
    <Mercato>MGP</Mercato>
    <Ora>10</Ora>
    <Italia>23090,214</Italia>
    <CNOR>2444,043</CNOR>
    <CSUD>4358,527</CSUD>
    <NORD>11142,806</NORD>
    <SARD>988,481</SARD>
    <SICI>1837,337</SICI>
    <SUD>2319,02</SUD>
  </Fabbisogno>
  <Fabbisogno>
    <Data>20160821</Data>
    <Mercato>MGP</Mercato>
    <Ora>11</Ora>
    <Italia>23646,476</Italia>
    <CNOR>2506,683</CNOR>
    <CSUD>4501,062</CSUD>
    <NORD>11415,044</NORD>
    <SARD>987,622</SARD>
    <SICI>1875,183</SICI>
    <SUD>2360,882</SUD>
  </Fabbisogno>
  <Fabbisogno>
    <Data>20160821</Data>
    <Mercato>MGP</Mercato>
    <Ora>12</Ora>
    <Italia>24129,069</Italia>
    <CNOR>2551,297</CNOR>
    <CSUD>4587,442</CSUD>
    <NORD>11743,719</NORD>
    <SARD>982,478</SARD>
    <SICI>1881,556</SICI>
    <SUD>2382,577</SUD>
  </Fabbisogno>
  <Fabbisogno>
    <Data>20160821</Data>
    <Mercato>MGP</Mercato>
    <Ora>13</Ora>
    <Italia>23975,326</Italia>
    <CNOR>2547,033</CNOR>
    <CSUD>4668,518</CSUD>
    <NORD>11454,808</NORD>
    <SARD>984,2</SARD>
    <SICI>1890,274</SICI>
    <SUD>2430,493</SUD>
  </Fabbisogno>
  <Fabbisogno>
    <Data>20160821</Data>
    <Mercato>MGP</Mercato>
    <Ora>14</Ora>
    <Italia>23189,23</Italia>
    <CNOR>2424,144</CNOR>
    <CSUD>4544,573</CSUD>
    <NORD>11130,577</NORD>
    <SARD>951,798</SARD>
    <SICI>1806,074</SICI>
    <SUD>2332,064</SUD>
  </Fabbisogno>
  <Fabbisogno>
    <Data>20160821</Data>
    <Mercato>MGP</Mercato>
    <Ora>15</Ora>
    <Italia>22714,053</Italia>
    <CNOR>2402,184</CNOR>
    <CSUD>4382,209</CSUD>
    <NORD>11051,853</NORD>
    <SARD>922,67</SARD>
    <SICI>1728,292</SICI>
    <SUD>2226,845</SUD>
  </Fabbisogno>
  <Fabbisogno>
    <Data>20160821</Data>
    <Mercato>MGP</Mercato>
    <Ora>16</Ora>
    <Italia>22673,939</Italia>
    <CNOR>2404,787</CNOR>
    <CSUD>4373,35</CSUD>
    <NORD>11047,137</NORD>
    <SARD>906,32</SARD>
    <SICI>1724,085</SICI>
    <SUD>2218,26</SUD>
  </Fabbisogno>
  <Fabbisogno>
    <Data>20160821</Data>
    <Mercato>MGP</Mercato>
    <Ora>17</Ora>
    <Italia>23159,066</Italia>
    <CNOR>2476,836</CNOR>
    <CSUD>4415,095</CSUD>
    <NORD>11282,404</NORD>
    <SARD>933,317</SARD>
    <SICI>1766,464</SICI>
    <SUD>2284,95</SUD>
  </Fabbisogno>
  <Fabbisogno>
    <Data>20160821</Data>
    <Mercato>MGP</Mercato>
    <Ora>18</Ora>
    <Italia>24254,98</Italia>
    <CNOR>2618,681</CNOR>
    <CSUD>4606,199</CSUD>
    <NORD>11713,391</NORD>
    <SARD>992,219</SARD>
    <SICI>1901,218</SICI>
    <SUD>2423,272</SUD>
  </Fabbisogno>
  <Fabbisogno>
    <Data>20160821</Data>
    <Mercato>MGP</Mercato>
    <Ora>19</Ora>
    <Italia>25563,027</Italia>
    <CNOR>2808,388</CNOR>
    <CSUD>4796,136</CSUD>
    <NORD>12341,886</NORD>
    <SARD>1066,841</SARD>
    <SICI>1959,651</SICI>
    <SUD>2590,125</SUD>
  </Fabbisogno>
  <Fabbisogno>
    <Data>20160821</Data>
    <Mercato>MGP</Mercato>
    <Ora>20</Ora>
    <Italia>27206,254</Italia>
    <CNOR>3054,245</CNOR>
    <CSUD>5079,587</CSUD>
    <NORD>13004,116</NORD>
    <SARD>1151,702</SARD>
    <SICI>2075,815</SICI>
    <SUD>2840,789</SUD>
  </Fabbisogno>
  <Fabbisogno>
    <Data>20160821</Data>
    <Mercato>MGP</Mercato>
    <Ora>21</Ora>
    <Italia>29457,983</Italia>
    <CNOR>3294,71</CNOR>
    <CSUD>5636,33</CSUD>
    <NORD>13628,314</NORD>
    <SARD>1261,976</SARD>
    <SICI>2372,148</SICI>
    <SUD>3264,505</SUD>
  </Fabbisogno>
  <Fabbisogno>
    <Data>20160821</Data>
    <Mercato>MGP</Mercato>
    <Ora>22</Ora>
    <Italia>29103,61</Italia>
    <CNOR>3260,64</CNOR>
    <CSUD>5477,433</CSUD>
    <NORD>13739,144</NORD>
    <SARD>1259,696</SARD>
    <SICI>2261,469</SICI>
    <SUD>3105,228</SUD>
  </Fabbisogno>
  <Fabbisogno>
    <Data>20160821</Data>
    <Mercato>MGP</Mercato>
    <Ora>23</Ora>
    <Italia>27291,615</Italia>
    <CNOR>3047,337</CNOR>
    <CSUD>5146,81</CSUD>
    <NORD>12894,813</NORD>
    <SARD>1184,476</SARD>
    <SICI>2122,108</SICI>
    <SUD>2896,071</SUD>
  </Fabbisogno>
  <Fabbisogno>
    <Data>20160821</Data>
    <Mercato>MGP</Mercato>
    <Ora>24</Ora>
    <Italia>25217,366</Italia>
    <CNOR>2780,009</CNOR>
    <CSUD>4744,296</CSUD>
    <NORD>11922,384</NORD>
    <SARD>1090,774</SARD>
    <SICI>1997,267</SICI>
    <SUD>2682,636</SUD>
  </Fabbisogno>
</NewDataSet>