<?xml version="1.0" standalone="yes"?>
<NewDataSet>
  <xs:schema id="NewDataSet" xmlns="" xmlns:xs="http://www.w3.org/2001/XMLSchema" xmlns:msdata="urn:schemas-microsoft-com:xml-msdata">
    <xs:element name="NewDataSet" msdata:IsDataSet="true" msdata:UseCurrentLocale="true">
      <xs:complexType>
        <xs:choice minOccurs="0" maxOccurs="unbounded">
          <xs:element name="Fabbisogno">
            <xs:complexType>
              <xs:sequence>
                <xs:element name="Data" type="xs:string" minOccurs="0" />
                <xs:element name="Mercato" type="xs:string" minOccurs="0" />
                <xs:element name="Ora" type="xs:string" minOccurs="0" />
                <xs:element name="Italia" type="xs:string" minOccurs="0" />
                <xs:element name="CNOR" type="xs:string" minOccurs="0" />
                <xs:element name="CSUD" type="xs:string" minOccurs="0" />
                <xs:element name="NORD" type="xs:string" minOccurs="0" />
                <xs:element name="SARD" type="xs:string" minOccurs="0" />
                <xs:element name="SICI" type="xs:string" minOccurs="0" />
                <xs:element name="SUD" type="xs:string" minOccurs="0" />
              </xs:sequence>
            </xs:complexType>
          </xs:element>
        </xs:choice>
      </xs:complexType>
    </xs:element>
  </xs:schema>
  <Fabbisogno>
    <Data>20160823</Data>
    <Mercato>MGP</Mercato>
    <Ora>1</Ora>
    <Italia>26528,371</Italia>
    <CNOR>2905,557</CNOR>
    <CSUD>4769,455</CSUD>
    <NORD>13199,387</NORD>
    <SARD>1053,032</SARD>
    <SICI>1957,243</SICI>
    <SUD>2643,697</SUD>
  </Fabbisogno>
  <Fabbisogno>
    <Data>20160823</Data>
    <Mercato>MGP</Mercato>
    <Ora>2</Ora>
    <Italia>25095,768</Italia>
    <CNOR>2710,815</CNOR>
    <CSUD>4441,913</CSUD>
    <NORD>12666,551</NORD>
    <SARD>981,134</SARD>
    <SICI>1806,645</SICI>
    <SUD>2488,71</SUD>
  </Fabbisogno>
  <Fabbisogno>
    <Data>20160823</Data>
    <Mercato>MGP</Mercato>
    <Ora>3</Ora>
    <Italia>24276,882</Italia>
    <CNOR>2672,769</CNOR>
    <CSUD>4247,765</CSUD>
    <NORD>12311,683</NORD>
    <SARD>950,699</SARD>
    <SICI>1709,497</SICI>
    <SUD>2384,469</SUD>
  </Fabbisogno>
  <Fabbisogno>
    <Data>20160823</Data>
    <Mercato>MGP</Mercato>
    <Ora>4</Ora>
    <Italia>23885,177</Italia>
    <CNOR>2619,243</CNOR>
    <CSUD>4162,948</CSUD>
    <NORD>12249,083</NORD>
    <SARD>923,759</SARD>
    <SICI>1623,064</SICI>
    <SUD>2307,08</SUD>
  </Fabbisogno>
  <Fabbisogno>
    <Data>20160823</Data>
    <Mercato>MGP</Mercato>
    <Ora>5</Ora>
    <Italia>23806,757</Italia>
    <CNOR>2615,307</CNOR>
    <CSUD>4126,986</CSUD>
    <NORD>12248,143</NORD>
    <SARD>912,456</SARD>
    <SICI>1614,438</SICI>
    <SUD>2289,427</SUD>
  </Fabbisogno>
  <Fabbisogno>
    <Data>20160823</Data>
    <Mercato>MGP</Mercato>
    <Ora>6</Ora>
    <Italia>24687,752</Italia>
    <CNOR>2726,639</CNOR>
    <CSUD>4283,193</CSUD>
    <NORD>12769,169</NORD>
    <SARD>941,6</SARD>
    <SICI>1637,389</SICI>
    <SUD>2329,762</SUD>
  </Fabbisogno>
  <Fabbisogno>
    <Data>20160823</Data>
    <Mercato>MGP</Mercato>
    <Ora>7</Ora>
    <Italia>26175,256</Italia>
    <CNOR>2822,447</CNOR>
    <CSUD>4465,806</CSUD>
    <NORD>13940,256</NORD>
    <SARD>964,779</SARD>
    <SICI>1671,028</SICI>
    <SUD>2310,94</SUD>
  </Fabbisogno>
  <Fabbisogno>
    <Data>20160823</Data>
    <Mercato>MGP</Mercato>
    <Ora>8</Ora>
    <Italia>29244,065</Italia>
    <CNOR>3144,261</CNOR>
    <CSUD>4925,511</CSUD>
    <NORD>15792,283</NORD>
    <SARD>1017,631</SARD>
    <SICI>1822,393</SICI>
    <SUD>2541,986</SUD>
  </Fabbisogno>
  <Fabbisogno>
    <Data>20160823</Data>
    <Mercato>MGP</Mercato>
    <Ora>9</Ora>
    <Italia>33563,831</Italia>
    <CNOR>3656,632</CNOR>
    <CSUD>5610,786</CSUD>
    <NORD>18059,848</NORD>
    <SARD>1172,883</SARD>
    <SICI>2125,205</SICI>
    <SUD>2938,477</SUD>
  </Fabbisogno>
  <Fabbisogno>
    <Data>20160823</Data>
    <Mercato>MGP</Mercato>
    <Ora>10</Ora>
    <Italia>34864,03</Italia>
    <CNOR>3781,021</CNOR>
    <CSUD>5947,538</CSUD>
    <NORD>18647,796</NORD>
    <SARD>1166,168</SARD>
    <SICI>2277,995</SICI>
    <SUD>3043,512</SUD>
  </Fabbisogno>
  <Fabbisogno>
    <Data>20160823</Data>
    <Mercato>MGP</Mercato>
    <Ora>11</Ora>
    <Italia>35153,001</Italia>
    <CNOR>3794,931</CNOR>
    <CSUD>6097,5</CSUD>
    <NORD>18750,058</NORD>
    <SARD>1153,49</SARD>
    <SICI>2310,245</SICI>
    <SUD>3046,777</SUD>
  </Fabbisogno>
  <Fabbisogno>
    <Data>20160823</Data>
    <Mercato>MGP</Mercato>
    <Ora>12</Ora>
    <Italia>35090,151</Italia>
    <CNOR>3773,714</CNOR>
    <CSUD>6129,013</CSUD>
    <NORD>18744,108</NORD>
    <SARD>1130,246</SARD>
    <SICI>2268,206</SICI>
    <SUD>3044,864</SUD>
  </Fabbisogno>
  <Fabbisogno>
    <Data>20160823</Data>
    <Mercato>MGP</Mercato>
    <Ora>13</Ora>
    <Italia>34026,188</Italia>
    <CNOR>3632,12</CNOR>
    <CSUD>6199,959</CSUD>
    <NORD>17629,124</NORD>
    <SARD>1172,884</SARD>
    <SICI>2312,14</SICI>
    <SUD>3079,961</SUD>
  </Fabbisogno>
  <Fabbisogno>
    <Data>20160823</Data>
    <Mercato>MGP</Mercato>
    <Ora>14</Ora>
    <Italia>33582,275</Italia>
    <CNOR>3490,999</CNOR>
    <CSUD>6042,078</CSUD>
    <NORD>17692,964</NORD>
    <SARD>1124,214</SARD>
    <SICI>2239,255</SICI>
    <SUD>2992,765</SUD>
  </Fabbisogno>
  <Fabbisogno>
    <Data>20160823</Data>
    <Mercato>MGP</Mercato>
    <Ora>15</Ora>
    <Italia>33924,469</Italia>
    <CNOR>3586,064</CNOR>
    <CSUD>5969,877</CSUD>
    <NORD>18167,116</NORD>
    <SARD>1098,094</SARD>
    <SICI>2190,911</SICI>
    <SUD>2912,407</SUD>
  </Fabbisogno>
  <Fabbisogno>
    <Data>20160823</Data>
    <Mercato>MGP</Mercato>
    <Ora>16</Ora>
    <Italia>34404,088</Italia>
    <CNOR>3671,357</CNOR>
    <CSUD>6046,951</CSUD>
    <NORD>18469,172</NORD>
    <SARD>1089,793</SARD>
    <SICI>2211,906</SICI>
    <SUD>2914,909</SUD>
  </Fabbisogno>
  <Fabbisogno>
    <Data>20160823</Data>
    <Mercato>MGP</Mercato>
    <Ora>17</Ora>
    <Italia>34972,529</Italia>
    <CNOR>3760,238</CNOR>
    <CSUD>6097,072</CSUD>
    <NORD>18677,873</NORD>
    <SARD>1108,739</SARD>
    <SICI>2321,086</SICI>
    <SUD>3007,521</SUD>
  </Fabbisogno>
  <Fabbisogno>
    <Data>20160823</Data>
    <Mercato>MGP</Mercato>
    <Ora>18</Ora>
    <Italia>35296,683</Italia>
    <CNOR>3865,768</CNOR>
    <CSUD>6243,188</CSUD>
    <NORD>18400,554</NORD>
    <SARD>1172,487</SARD>
    <SICI>2400,717</SICI>
    <SUD>3213,969</SUD>
  </Fabbisogno>
  <Fabbisogno>
    <Data>20160823</Data>
    <Mercato>MGP</Mercato>
    <Ora>19</Ora>
    <Italia>35630,968</Italia>
    <CNOR>3905,909</CNOR>
    <CSUD>6248,817</CSUD>
    <NORD>18530,339</NORD>
    <SARD>1227,287</SARD>
    <SICI>2403,877</SICI>
    <SUD>3314,739</SUD>
  </Fabbisogno>
  <Fabbisogno>
    <Data>20160823</Data>
    <Mercato>MGP</Mercato>
    <Ora>20</Ora>
    <Italia>35667,82</Italia>
    <CNOR>3913,16</CNOR>
    <CSUD>6404,918</CSUD>
    <NORD>18239,133</NORD>
    <SARD>1288,335</SARD>
    <SICI>2420,032</SICI>
    <SUD>3402,242</SUD>
  </Fabbisogno>
  <Fabbisogno>
    <Data>20160823</Data>
    <Mercato>MGP</Mercato>
    <Ora>21</Ora>
    <Italia>36800,461</Italia>
    <CNOR>3984,966</CNOR>
    <CSUD>6721,141</CSUD>
    <NORD>18299,99</NORD>
    <SARD>1378,952</SARD>
    <SICI>2632,638</SICI>
    <SUD>3782,774</SUD>
  </Fabbisogno>
  <Fabbisogno>
    <Data>20160823</Data>
    <Mercato>MGP</Mercato>
    <Ora>22</Ora>
    <Italia>35209,467</Italia>
    <CNOR>3835,732</CNOR>
    <CSUD>6349,848</CSUD>
    <NORD>17777,928</NORD>
    <SARD>1340,494</SARD>
    <SICI>2456,555</SICI>
    <SUD>3448,91</SUD>
  </Fabbisogno>
  <Fabbisogno>
    <Data>20160823</Data>
    <Mercato>MGP</Mercato>
    <Ora>23</Ora>
    <Italia>32280,647</Italia>
    <CNOR>3494,955</CNOR>
    <CSUD>5798,495</CSUD>
    <NORD>16339,571</NORD>
    <SARD>1234,217</SARD>
    <SICI>2261,126</SICI>
    <SUD>3152,283</SUD>
  </Fabbisogno>
  <Fabbisogno>
    <Data>20160823</Data>
    <Mercato>MGP</Mercato>
    <Ora>24</Ora>
    <Italia>29168,563</Italia>
    <CNOR>3145,103</CNOR>
    <CSUD>5230,287</CSUD>
    <NORD>14757,6</NORD>
    <SARD>1104,118</SARD>
    <SICI>2083,293</SICI>
    <SUD>2848,162</SUD>
  </Fabbisogno>
</NewDataSet>