<?xml version="1.0" standalone="yes"?>
<NewDataSet>
  <xs:schema id="NewDataSet" xmlns="" xmlns:xs="http://www.w3.org/2001/XMLSchema" xmlns:msdata="urn:schemas-microsoft-com:xml-msdata">
    <xs:element name="NewDataSet" msdata:IsDataSet="true" msdata:UseCurrentLocale="true">
      <xs:complexType>
        <xs:choice minOccurs="0" maxOccurs="unbounded">
          <xs:element name="Fabbisogno">
            <xs:complexType>
              <xs:sequence>
                <xs:element name="Data" type="xs:string" minOccurs="0" />
                <xs:element name="Mercato" type="xs:string" minOccurs="0" />
                <xs:element name="Ora" type="xs:string" minOccurs="0" />
                <xs:element name="Italia" type="xs:string" minOccurs="0" />
                <xs:element name="CNOR" type="xs:string" minOccurs="0" />
                <xs:element name="CSUD" type="xs:string" minOccurs="0" />
                <xs:element name="NORD" type="xs:string" minOccurs="0" />
                <xs:element name="SARD" type="xs:string" minOccurs="0" />
                <xs:element name="SICI" type="xs:string" minOccurs="0" />
                <xs:element name="SUD" type="xs:string" minOccurs="0" />
              </xs:sequence>
            </xs:complexType>
          </xs:element>
        </xs:choice>
      </xs:complexType>
    </xs:element>
  </xs:schema>
  <Fabbisogno>
    <Data>20160807</Data>
    <Mercato>MGP</Mercato>
    <Ora>1</Ora>
    <Italia>25679,317</Italia>
    <CNOR>2918,039</CNOR>
    <CSUD>4771,417</CSUD>
    <NORD>12305,013</NORD>
    <SARD>1012,516</SARD>
    <SICI>1888,688</SICI>
    <SUD>2783,644</SUD>
  </Fabbisogno>
  <Fabbisogno>
    <Data>20160807</Data>
    <Mercato>MGP</Mercato>
    <Ora>2</Ora>
    <Italia>24272,649</Italia>
    <CNOR>2737,781</CNOR>
    <CSUD>4441,472</CSUD>
    <NORD>11754,603</NORD>
    <SARD>962,1</SARD>
    <SICI>1773,195</SICI>
    <SUD>2603,498</SUD>
  </Fabbisogno>
  <Fabbisogno>
    <Data>20160807</Data>
    <Mercato>MGP</Mercato>
    <Ora>3</Ora>
    <Italia>23241,547</Italia>
    <CNOR>2651,182</CNOR>
    <CSUD>4243,382</CSUD>
    <NORD>11265,403</NORD>
    <SARD>936,807</SARD>
    <SICI>1659,239</SICI>
    <SUD>2485,534</SUD>
  </Fabbisogno>
  <Fabbisogno>
    <Data>20160807</Data>
    <Mercato>MGP</Mercato>
    <Ora>4</Ora>
    <Italia>22595,221</Italia>
    <CNOR>2576,911</CNOR>
    <CSUD>4089,659</CSUD>
    <NORD>11061,074</NORD>
    <SARD>904,352</SARD>
    <SICI>1576,235</SICI>
    <SUD>2386,99</SUD>
  </Fabbisogno>
  <Fabbisogno>
    <Data>20160807</Data>
    <Mercato>MGP</Mercato>
    <Ora>5</Ora>
    <Italia>22267,73</Italia>
    <CNOR>2524,485</CNOR>
    <CSUD>4032,032</CSUD>
    <NORD>10908,62</NORD>
    <SARD>897,239</SARD>
    <SICI>1548,048</SICI>
    <SUD>2357,306</SUD>
  </Fabbisogno>
  <Fabbisogno>
    <Data>20160807</Data>
    <Mercato>MGP</Mercato>
    <Ora>6</Ora>
    <Italia>22189,594</Italia>
    <CNOR>2492,84</CNOR>
    <CSUD>3996,07</CSUD>
    <NORD>10994,758</NORD>
    <SARD>892,762</SARD>
    <SICI>1537,228</SICI>
    <SUD>2275,936</SUD>
  </Fabbisogno>
  <Fabbisogno>
    <Data>20160807</Data>
    <Mercato>MGP</Mercato>
    <Ora>7</Ora>
    <Italia>21070,265</Italia>
    <CNOR>2376,812</CNOR>
    <CSUD>3794,465</CSUD>
    <NORD>10449,682</NORD>
    <SARD>865,329</SARD>
    <SICI>1445,34</SICI>
    <SUD>2138,637</SUD>
  </Fabbisogno>
  <Fabbisogno>
    <Data>20160807</Data>
    <Mercato>MGP</Mercato>
    <Ora>8</Ora>
    <Italia>21800,71</Italia>
    <CNOR>2445,251</CNOR>
    <CSUD>3961,555</CSUD>
    <NORD>10784,239</NORD>
    <SARD>881,235</SARD>
    <SICI>1504,725</SICI>
    <SUD>2223,705</SUD>
  </Fabbisogno>
  <Fabbisogno>
    <Data>20160807</Data>
    <Mercato>MGP</Mercato>
    <Ora>9</Ora>
    <Italia>23133,874</Italia>
    <CNOR>2605,997</CNOR>
    <CSUD>4265,747</CSUD>
    <NORD>11288,21</NORD>
    <SARD>928,4</SARD>
    <SICI>1669,442</SICI>
    <SUD>2376,078</SUD>
  </Fabbisogno>
  <Fabbisogno>
    <Data>20160807</Data>
    <Mercato>MGP</Mercato>
    <Ora>10</Ora>
    <Italia>24427,981</Italia>
    <CNOR>2742,066</CNOR>
    <CSUD>4539,104</CSUD>
    <NORD>11842,394</NORD>
    <SARD>983,125</SARD>
    <SICI>1802,843</SICI>
    <SUD>2518,449</SUD>
  </Fabbisogno>
  <Fabbisogno>
    <Data>20160807</Data>
    <Mercato>MGP</Mercato>
    <Ora>11</Ora>
    <Italia>25146,654</Italia>
    <CNOR>2787,783</CNOR>
    <CSUD>4696,107</CSUD>
    <NORD>12292,524</NORD>
    <SARD>971,622</SARD>
    <SICI>1845,45</SICI>
    <SUD>2553,168</SUD>
  </Fabbisogno>
  <Fabbisogno>
    <Data>20160807</Data>
    <Mercato>MGP</Mercato>
    <Ora>12</Ora>
    <Italia>25594,633</Italia>
    <CNOR>2885,073</CNOR>
    <CSUD>4822,534</CSUD>
    <NORD>12470,079</NORD>
    <SARD>976,553</SARD>
    <SICI>1863,157</SICI>
    <SUD>2577,237</SUD>
  </Fabbisogno>
  <Fabbisogno>
    <Data>20160807</Data>
    <Mercato>MGP</Mercato>
    <Ora>13</Ora>
    <Italia>25523,6</Italia>
    <CNOR>2845,34</CNOR>
    <CSUD>4907,849</CSUD>
    <NORD>12300,843</NORD>
    <SARD>962,1</SARD>
    <SICI>1882,015</SICI>
    <SUD>2625,453</SUD>
  </Fabbisogno>
  <Fabbisogno>
    <Data>20160807</Data>
    <Mercato>MGP</Mercato>
    <Ora>14</Ora>
    <Italia>24819,9</Italia>
    <CNOR>2729,062</CNOR>
    <CSUD>4800,217</CSUD>
    <NORD>12031,432</NORD>
    <SARD>943,695</SARD>
    <SICI>1787,671</SICI>
    <SUD>2527,823</SUD>
  </Fabbisogno>
  <Fabbisogno>
    <Data>20160807</Data>
    <Mercato>MGP</Mercato>
    <Ora>15</Ora>
    <Italia>24259,91</Italia>
    <CNOR>2661,983</CNOR>
    <CSUD>4619,313</CSUD>
    <NORD>12005,193</NORD>
    <SARD>893,945</SARD>
    <SICI>1709,969</SICI>
    <SUD>2369,507</SUD>
  </Fabbisogno>
  <Fabbisogno>
    <Data>20160807</Data>
    <Mercato>MGP</Mercato>
    <Ora>16</Ora>
    <Italia>24192,797</Italia>
    <CNOR>2678,828</CNOR>
    <CSUD>4617,291</CSUD>
    <NORD>11961,266</NORD>
    <SARD>881,072</SARD>
    <SICI>1702,672</SICI>
    <SUD>2351,668</SUD>
  </Fabbisogno>
  <Fabbisogno>
    <Data>20160807</Data>
    <Mercato>MGP</Mercato>
    <Ora>17</Ora>
    <Italia>24442,498</Italia>
    <CNOR>2671,413</CNOR>
    <CSUD>4631,332</CSUD>
    <NORD>12093,868</NORD>
    <SARD>903,659</SARD>
    <SICI>1747,689</SICI>
    <SUD>2394,537</SUD>
  </Fabbisogno>
  <Fabbisogno>
    <Data>20160807</Data>
    <Mercato>MGP</Mercato>
    <Ora>18</Ora>
    <Italia>25406,837</Italia>
    <CNOR>2842,631</CNOR>
    <CSUD>4747,684</CSUD>
    <NORD>12528,64</NORD>
    <SARD>952,488</SARD>
    <SICI>1807,212</SICI>
    <SUD>2528,182</SUD>
  </Fabbisogno>
  <Fabbisogno>
    <Data>20160807</Data>
    <Mercato>MGP</Mercato>
    <Ora>19</Ora>
    <Italia>26959,392</Italia>
    <CNOR>3049,692</CNOR>
    <CSUD>4943,028</CSUD>
    <NORD>13320,124</NORD>
    <SARD>1035,813</SARD>
    <SICI>1887,113</SICI>
    <SUD>2723,622</SUD>
  </Fabbisogno>
  <Fabbisogno>
    <Data>20160807</Data>
    <Mercato>MGP</Mercato>
    <Ora>20</Ora>
    <Italia>28365,494</Italia>
    <CNOR>3225,024</CNOR>
    <CSUD>5215,729</CSUD>
    <NORD>13890,313</NORD>
    <SARD>1098,335</SARD>
    <SICI>2006,002</SICI>
    <SUD>2930,091</SUD>
  </Fabbisogno>
  <Fabbisogno>
    <Data>20160807</Data>
    <Mercato>MGP</Mercato>
    <Ora>21</Ora>
    <Italia>30002,796</Italia>
    <CNOR>3365,625</CNOR>
    <CSUD>5658,197</CSUD>
    <NORD>14239,338</NORD>
    <SARD>1203,534</SARD>
    <SICI>2237,441</SICI>
    <SUD>3298,661</SUD>
  </Fabbisogno>
  <Fabbisogno>
    <Data>20160807</Data>
    <Mercato>MGP</Mercato>
    <Ora>22</Ora>
    <Italia>30238,401</Italia>
    <CNOR>3404,833</CNOR>
    <CSUD>5637,901</CSUD>
    <NORD>14595,134</NORD>
    <SARD>1192,836</SARD>
    <SICI>2181,901</SICI>
    <SUD>3225,796</SUD>
  </Fabbisogno>
  <Fabbisogno>
    <Data>20160807</Data>
    <Mercato>MGP</Mercato>
    <Ora>23</Ora>
    <Italia>28464,833</Italia>
    <CNOR>3205,242</CNOR>
    <CSUD>5290,655</CSUD>
    <NORD>13765,041</NORD>
    <SARD>1119,697</SARD>
    <SICI>2052,005</SICI>
    <SUD>3032,193</SUD>
  </Fabbisogno>
  <Fabbisogno>
    <Data>20160807</Data>
    <Mercato>MGP</Mercato>
    <Ora>24</Ora>
    <Italia>26418,271</Italia>
    <CNOR>2965,085</CNOR>
    <CSUD>4894,977</CSUD>
    <NORD>12770,611</NORD>
    <SARD>1043,073</SARD>
    <SICI>1928,556</SICI>
    <SUD>2815,969</SUD>
  </Fabbisogno>
</NewDataSet>