<?xml version="1.0" standalone="yes"?>
<NewDataSet>
  <xs:schema id="NewDataSet" xmlns="" xmlns:xs="http://www.w3.org/2001/XMLSchema" xmlns:msdata="urn:schemas-microsoft-com:xml-msdata">
    <xs:element name="NewDataSet" msdata:IsDataSet="true" msdata:UseCurrentLocale="true">
      <xs:complexType>
        <xs:choice minOccurs="0" maxOccurs="unbounded">
          <xs:element name="Fabbisogno">
            <xs:complexType>
              <xs:sequence>
                <xs:element name="Data" type="xs:string" minOccurs="0" />
                <xs:element name="Mercato" type="xs:string" minOccurs="0" />
                <xs:element name="Ora" type="xs:string" minOccurs="0" />
                <xs:element name="Italia" type="xs:string" minOccurs="0" />
                <xs:element name="CNOR" type="xs:string" minOccurs="0" />
                <xs:element name="CSUD" type="xs:string" minOccurs="0" />
                <xs:element name="NORD" type="xs:string" minOccurs="0" />
                <xs:element name="SARD" type="xs:string" minOccurs="0" />
                <xs:element name="SICI" type="xs:string" minOccurs="0" />
                <xs:element name="SUD" type="xs:string" minOccurs="0" />
              </xs:sequence>
            </xs:complexType>
          </xs:element>
        </xs:choice>
      </xs:complexType>
    </xs:element>
  </xs:schema>
  <Fabbisogno>
    <Data>20160804</Data>
    <Mercato>MGP</Mercato>
    <Ora>1</Ora>
    <Italia>29565,77</Italia>
    <CNOR>3289,306</CNOR>
    <CSUD>5257,057</CSUD>
    <NORD>15020,508</NORD>
    <SARD>1049,916</SARD>
    <SICI>2055,652</SICI>
    <SUD>2893,331</SUD>
  </Fabbisogno>
  <Fabbisogno>
    <Data>20160804</Data>
    <Mercato>MGP</Mercato>
    <Ora>2</Ora>
    <Italia>28113,487</Italia>
    <CNOR>3121,775</CNOR>
    <CSUD>4933,129</CSUD>
    <NORD>14387,442</NORD>
    <SARD>994,218</SARD>
    <SICI>1922</SICI>
    <SUD>2754,923</SUD>
  </Fabbisogno>
  <Fabbisogno>
    <Data>20160804</Data>
    <Mercato>MGP</Mercato>
    <Ora>3</Ora>
    <Italia>26985,337</Italia>
    <CNOR>3002,389</CNOR>
    <CSUD>4748,191</CSUD>
    <NORD>13832,925</NORD>
    <SARD>956,899</SARD>
    <SICI>1806,483</SICI>
    <SUD>2638,45</SUD>
  </Fabbisogno>
  <Fabbisogno>
    <Data>20160804</Data>
    <Mercato>MGP</Mercato>
    <Ora>4</Ora>
    <Italia>26464,211</Italia>
    <CNOR>2950,848</CNOR>
    <CSUD>4644,921</CSUD>
    <NORD>13614,465</NORD>
    <SARD>936,551</SARD>
    <SICI>1743,699</SICI>
    <SUD>2573,727</SUD>
  </Fabbisogno>
  <Fabbisogno>
    <Data>20160804</Data>
    <Mercato>MGP</Mercato>
    <Ora>5</Ora>
    <Italia>26337,616</Italia>
    <CNOR>2935,999</CNOR>
    <CSUD>4585,331</CSUD>
    <NORD>13621,642</NORD>
    <SARD>933,8</SARD>
    <SICI>1713,542</SICI>
    <SUD>2547,302</SUD>
  </Fabbisogno>
  <Fabbisogno>
    <Data>20160804</Data>
    <Mercato>MGP</Mercato>
    <Ora>6</Ora>
    <Italia>27239,958</Italia>
    <CNOR>3023,093</CNOR>
    <CSUD>4687,448</CSUD>
    <NORD>14290,973</NORD>
    <SARD>954,141</SARD>
    <SICI>1762,228</SICI>
    <SUD>2522,075</SUD>
  </Fabbisogno>
  <Fabbisogno>
    <Data>20160804</Data>
    <Mercato>MGP</Mercato>
    <Ora>7</Ora>
    <Italia>28496,224</Italia>
    <CNOR>3158,181</CNOR>
    <CSUD>4870,288</CSUD>
    <NORD>15202,236</NORD>
    <SARD>974,874</SARD>
    <SICI>1749,364</SICI>
    <SUD>2541,281</SUD>
  </Fabbisogno>
  <Fabbisogno>
    <Data>20160804</Data>
    <Mercato>MGP</Mercato>
    <Ora>8</Ora>
    <Italia>32666,943</Italia>
    <CNOR>3607,37</CNOR>
    <CSUD>5507,474</CSUD>
    <NORD>17726,772</NORD>
    <SARD>1055,46</SARD>
    <SICI>1941,283</SICI>
    <SUD>2828,584</SUD>
  </Fabbisogno>
  <Fabbisogno>
    <Data>20160804</Data>
    <Mercato>MGP</Mercato>
    <Ora>9</Ora>
    <Italia>37019,388</Italia>
    <CNOR>4098,752</CNOR>
    <CSUD>6103,037</CSUD>
    <NORD>20207,134</NORD>
    <SARD>1183,375</SARD>
    <SICI>2217,869</SICI>
    <SUD>3209,221</SUD>
  </Fabbisogno>
  <Fabbisogno>
    <Data>20160804</Data>
    <Mercato>MGP</Mercato>
    <Ora>10</Ora>
    <Italia>38578,778</Italia>
    <CNOR>4247,511</CNOR>
    <CSUD>6503,446</CSUD>
    <NORD>20961,864</NORD>
    <SARD>1193,409</SARD>
    <SICI>2344,215</SICI>
    <SUD>3328,333</SUD>
  </Fabbisogno>
  <Fabbisogno>
    <Data>20160804</Data>
    <Mercato>MGP</Mercato>
    <Ora>11</Ora>
    <Italia>38954,247</Italia>
    <CNOR>4320,736</CNOR>
    <CSUD>6657,066</CSUD>
    <NORD>21083,35</NORD>
    <SARD>1196,555</SARD>
    <SICI>2361,864</SICI>
    <SUD>3334,676</SUD>
  </Fabbisogno>
  <Fabbisogno>
    <Data>20160804</Data>
    <Mercato>MGP</Mercato>
    <Ora>12</Ora>
    <Italia>39039,545</Italia>
    <CNOR>4333,498</CNOR>
    <CSUD>6765,804</CSUD>
    <NORD>21059,975</NORD>
    <SARD>1172,107</SARD>
    <SICI>2366,505</SICI>
    <SUD>3341,656</SUD>
  </Fabbisogno>
  <Fabbisogno>
    <Data>20160804</Data>
    <Mercato>MGP</Mercato>
    <Ora>13</Ora>
    <Italia>37853,964</Italia>
    <CNOR>4162,875</CNOR>
    <CSUD>6751,956</CSUD>
    <NORD>20048,546</NORD>
    <SARD>1156,373</SARD>
    <SICI>2388,327</SICI>
    <SUD>3345,887</SUD>
  </Fabbisogno>
  <Fabbisogno>
    <Data>20160804</Data>
    <Mercato>MGP</Mercato>
    <Ora>14</Ora>
    <Italia>37832,029</Italia>
    <CNOR>4040,753</CNOR>
    <CSUD>6627,705</CSUD>
    <NORD>20439,321</NORD>
    <SARD>1120,18</SARD>
    <SICI>2334,192</SICI>
    <SUD>3269,878</SUD>
  </Fabbisogno>
  <Fabbisogno>
    <Data>20160804</Data>
    <Mercato>MGP</Mercato>
    <Ora>15</Ora>
    <Italia>38536,438</Italia>
    <CNOR>4144,125</CNOR>
    <CSUD>6692,498</CSUD>
    <NORD>21071,527</NORD>
    <SARD>1101,471</SARD>
    <SICI>2312,709</SICI>
    <SUD>3214,108</SUD>
  </Fabbisogno>
  <Fabbisogno>
    <Data>20160804</Data>
    <Mercato>MGP</Mercato>
    <Ora>16</Ora>
    <Italia>39033,97</Italia>
    <CNOR>4264,412</CNOR>
    <CSUD>6737,735</CSUD>
    <NORD>21396,01</NORD>
    <SARD>1094,578</SARD>
    <SICI>2326,496</SICI>
    <SUD>3214,739</SUD>
  </Fabbisogno>
  <Fabbisogno>
    <Data>20160804</Data>
    <Mercato>MGP</Mercato>
    <Ora>17</Ora>
    <Italia>39365,841</Italia>
    <CNOR>4327,322</CNOR>
    <CSUD>6777,516</CSUD>
    <NORD>21472,298</NORD>
    <SARD>1121,882</SARD>
    <SICI>2389,059</SICI>
    <SUD>3277,764</SUD>
  </Fabbisogno>
  <Fabbisogno>
    <Data>20160804</Data>
    <Mercato>MGP</Mercato>
    <Ora>18</Ora>
    <Italia>39350,284</Italia>
    <CNOR>4358,302</CNOR>
    <CSUD>6786,037</CSUD>
    <NORD>21148,643</NORD>
    <SARD>1174,179</SARD>
    <SICI>2412,859</SICI>
    <SUD>3470,264</SUD>
  </Fabbisogno>
  <Fabbisogno>
    <Data>20160804</Data>
    <Mercato>MGP</Mercato>
    <Ora>19</Ora>
    <Italia>39215,925</Italia>
    <CNOR>4369,411</CNOR>
    <CSUD>6721,011</CSUD>
    <NORD>20910,829</NORD>
    <SARD>1235,919</SARD>
    <SICI>2423,577</SICI>
    <SUD>3555,178</SUD>
  </Fabbisogno>
  <Fabbisogno>
    <Data>20160804</Data>
    <Mercato>MGP</Mercato>
    <Ora>20</Ora>
    <Italia>38825,563</Italia>
    <CNOR>4347,006</CNOR>
    <CSUD>6854,291</CSUD>
    <NORD>20270,629</NORD>
    <SARD>1279,791</SARD>
    <SICI>2430,9</SICI>
    <SUD>3642,946</SUD>
  </Fabbisogno>
  <Fabbisogno>
    <Data>20160804</Data>
    <Mercato>MGP</Mercato>
    <Ora>21</Ora>
    <Italia>38901,79</Italia>
    <CNOR>4282,933</CNOR>
    <CSUD>6988,616</CSUD>
    <NORD>19749,921</NORD>
    <SARD>1348,73</SARD>
    <SICI>2605,349</SICI>
    <SUD>3926,241</SUD>
  </Fabbisogno>
  <Fabbisogno>
    <Data>20160804</Data>
    <Mercato>MGP</Mercato>
    <Ora>22</Ora>
    <Italia>38120,74</Italia>
    <CNOR>4238,118</CNOR>
    <CSUD>6824,822</CSUD>
    <NORD>19477,947</NORD>
    <SARD>1319,34</SARD>
    <SICI>2518,937</SICI>
    <SUD>3741,576</SUD>
  </Fabbisogno>
  <Fabbisogno>
    <Data>20160804</Data>
    <Mercato>MGP</Mercato>
    <Ora>23</Ora>
    <Italia>35075,001</Italia>
    <CNOR>3881,067</CNOR>
    <CSUD>6251,801</CSUD>
    <NORD>17928,61</NORD>
    <SARD>1222,865</SARD>
    <SICI>2354,745</SICI>
    <SUD>3435,913</SUD>
  </Fabbisogno>
  <Fabbisogno>
    <Data>20160804</Data>
    <Mercato>MGP</Mercato>
    <Ora>24</Ora>
    <Italia>32037,028</Italia>
    <CNOR>3558,209</CNOR>
    <CSUD>5751,254</CSUD>
    <NORD>16242,359</NORD>
    <SARD>1141,019</SARD>
    <SICI>2170,277</SICI>
    <SUD>3173,91</SUD>
  </Fabbisogno>
</NewDataSet>