<?xml version="1.0" standalone="yes"?>
<NewDataSet>
  <xs:schema id="NewDataSet" xmlns="" xmlns:xs="http://www.w3.org/2001/XMLSchema" xmlns:msdata="urn:schemas-microsoft-com:xml-msdata">
    <xs:element name="NewDataSet" msdata:IsDataSet="true" msdata:UseCurrentLocale="true">
      <xs:complexType>
        <xs:choice minOccurs="0" maxOccurs="unbounded">
          <xs:element name="Fabbisogno">
            <xs:complexType>
              <xs:sequence>
                <xs:element name="Data" type="xs:string" minOccurs="0" />
                <xs:element name="Mercato" type="xs:string" minOccurs="0" />
                <xs:element name="Ora" type="xs:string" minOccurs="0" />
                <xs:element name="Italia" type="xs:string" minOccurs="0" />
                <xs:element name="CNOR" type="xs:string" minOccurs="0" />
                <xs:element name="CSUD" type="xs:string" minOccurs="0" />
                <xs:element name="NORD" type="xs:string" minOccurs="0" />
                <xs:element name="SARD" type="xs:string" minOccurs="0" />
                <xs:element name="SICI" type="xs:string" minOccurs="0" />
                <xs:element name="SUD" type="xs:string" minOccurs="0" />
              </xs:sequence>
            </xs:complexType>
          </xs:element>
        </xs:choice>
      </xs:complexType>
    </xs:element>
  </xs:schema>
  <Fabbisogno>
    <Data>20160822</Data>
    <Mercato>MGP</Mercato>
    <Ora>1</Ora>
    <Italia>23724,42</Italia>
    <CNOR>2610,395</CNOR>
    <CSUD>4470,398</CSUD>
    <NORD>11187,37</NORD>
    <SARD>1036,291</SARD>
    <SICI>1911,305</SICI>
    <SUD>2508,661</SUD>
  </Fabbisogno>
  <Fabbisogno>
    <Data>20160822</Data>
    <Mercato>MGP</Mercato>
    <Ora>2</Ora>
    <Italia>22366,197</Italia>
    <CNOR>2412,711</CNOR>
    <CSUD>4183,754</CSUD>
    <NORD>10713,789</NORD>
    <SARD>971,725</SARD>
    <SICI>1742,672</SICI>
    <SUD>2341,546</SUD>
  </Fabbisogno>
  <Fabbisogno>
    <Data>20160822</Data>
    <Mercato>MGP</Mercato>
    <Ora>3</Ora>
    <Italia>21565,681</Italia>
    <CNOR>2330,354</CNOR>
    <CSUD>4008,637</CSUD>
    <NORD>10410,302</NORD>
    <SARD>932,952</SARD>
    <SICI>1646,356</SICI>
    <SUD>2237,08</SUD>
  </Fabbisogno>
  <Fabbisogno>
    <Data>20160822</Data>
    <Mercato>MGP</Mercato>
    <Ora>4</Ora>
    <Italia>21284,568</Italia>
    <CNOR>2302,646</CNOR>
    <CSUD>3915,653</CSUD>
    <NORD>10369,965</NORD>
    <SARD>915,131</SARD>
    <SICI>1587,941</SICI>
    <SUD>2193,232</SUD>
  </Fabbisogno>
  <Fabbisogno>
    <Data>20160822</Data>
    <Mercato>MGP</Mercato>
    <Ora>5</Ora>
    <Italia>21501,637</Italia>
    <CNOR>2302,343</CNOR>
    <CSUD>3921,876</CSUD>
    <NORD>10629,331</NORD>
    <SARD>910,029</SARD>
    <SICI>1571,702</SICI>
    <SUD>2166,356</SUD>
  </Fabbisogno>
  <Fabbisogno>
    <Data>20160822</Data>
    <Mercato>MGP</Mercato>
    <Ora>6</Ora>
    <Italia>22601,968</Italia>
    <CNOR>2434,658</CNOR>
    <CSUD>4086,865</CSUD>
    <NORD>11347,836</NORD>
    <SARD>928,759</SARD>
    <SICI>1600,619</SICI>
    <SUD>2203,231</SUD>
  </Fabbisogno>
  <Fabbisogno>
    <Data>20160822</Data>
    <Mercato>MGP</Mercato>
    <Ora>7</Ora>
    <Italia>24662,734</Italia>
    <CNOR>2654,348</CNOR>
    <CSUD>4339,883</CSUD>
    <NORD>12849,656</NORD>
    <SARD>954,034</SARD>
    <SICI>1629,996</SICI>
    <SUD>2234,817</SUD>
  </Fabbisogno>
  <Fabbisogno>
    <Data>20160822</Data>
    <Mercato>MGP</Mercato>
    <Ora>8</Ora>
    <Italia>27816,298</Italia>
    <CNOR>2984,495</CNOR>
    <CSUD>4792,139</CSUD>
    <NORD>14788,119</NORD>
    <SARD>999,478</SARD>
    <SICI>1769,272</SICI>
    <SUD>2482,795</SUD>
  </Fabbisogno>
  <Fabbisogno>
    <Data>20160822</Data>
    <Mercato>MGP</Mercato>
    <Ora>9</Ora>
    <Italia>32402,506</Italia>
    <CNOR>3497,565</CNOR>
    <CSUD>5509,135</CSUD>
    <NORD>17255,743</NORD>
    <SARD>1149,145</SARD>
    <SICI>2078,939</SICI>
    <SUD>2911,979</SUD>
  </Fabbisogno>
  <Fabbisogno>
    <Data>20160822</Data>
    <Mercato>MGP</Mercato>
    <Ora>10</Ora>
    <Italia>33944,525</Italia>
    <CNOR>3650,74</CNOR>
    <CSUD>5882,033</CSUD>
    <NORD>17978,22</NORD>
    <SARD>1169,153</SARD>
    <SICI>2247,203</SICI>
    <SUD>3017,176</SUD>
  </Fabbisogno>
  <Fabbisogno>
    <Data>20160822</Data>
    <Mercato>MGP</Mercato>
    <Ora>11</Ora>
    <Italia>34212,293</Italia>
    <CNOR>3677,641</CNOR>
    <CSUD>6037,93</CSUD>
    <NORD>18078,218</NORD>
    <SARD>1158,827</SARD>
    <SICI>2234,596</SICI>
    <SUD>3025,081</SUD>
  </Fabbisogno>
  <Fabbisogno>
    <Data>20160822</Data>
    <Mercato>MGP</Mercato>
    <Ora>12</Ora>
    <Italia>34255,081</Italia>
    <CNOR>3643,969</CNOR>
    <CSUD>6061,808</CSUD>
    <NORD>18185,55</NORD>
    <SARD>1137,37</SARD>
    <SICI>2215,163</SICI>
    <SUD>3011,221</SUD>
  </Fabbisogno>
  <Fabbisogno>
    <Data>20160822</Data>
    <Mercato>MGP</Mercato>
    <Ora>13</Ora>
    <Italia>33337,747</Italia>
    <CNOR>3520,316</CNOR>
    <CSUD>6119,81</CSUD>
    <NORD>17267,269</NORD>
    <SARD>1132,334</SARD>
    <SICI>2235,281</SICI>
    <SUD>3062,737</SUD>
  </Fabbisogno>
  <Fabbisogno>
    <Data>20160822</Data>
    <Mercato>MGP</Mercato>
    <Ora>14</Ora>
    <Italia>33182,553</Italia>
    <CNOR>3411,838</CNOR>
    <CSUD>6022,615</CSUD>
    <NORD>17410,89</NORD>
    <SARD>1106,965</SARD>
    <SICI>2226,84</SICI>
    <SUD>3003,405</SUD>
  </Fabbisogno>
  <Fabbisogno>
    <Data>20160822</Data>
    <Mercato>MGP</Mercato>
    <Ora>15</Ora>
    <Italia>33582,505</Italia>
    <CNOR>3508,816</CNOR>
    <CSUD>5939,217</CSUD>
    <NORD>17964,077</NORD>
    <SARD>1082,535</SARD>
    <SICI>2179,203</SICI>
    <SUD>2908,657</SUD>
  </Fabbisogno>
  <Fabbisogno>
    <Data>20160822</Data>
    <Mercato>MGP</Mercato>
    <Ora>16</Ora>
    <Italia>34026,266</Italia>
    <CNOR>3597,655</CNOR>
    <CSUD>6054,644</CSUD>
    <NORD>18184,085</NORD>
    <SARD>1078,845</SARD>
    <SICI>2186,134</SICI>
    <SUD>2924,903</SUD>
  </Fabbisogno>
  <Fabbisogno>
    <Data>20160822</Data>
    <Mercato>MGP</Mercato>
    <Ora>17</Ora>
    <Italia>34509,892</Italia>
    <CNOR>3658,433</CNOR>
    <CSUD>6066,486</CSUD>
    <NORD>18377,248</NORD>
    <SARD>1104,081</SARD>
    <SICI>2285,463</SICI>
    <SUD>3018,181</SUD>
  </Fabbisogno>
  <Fabbisogno>
    <Data>20160822</Data>
    <Mercato>MGP</Mercato>
    <Ora>18</Ora>
    <Italia>34856,507</Italia>
    <CNOR>3753,441</CNOR>
    <CSUD>6192,5</CSUD>
    <NORD>18124,971</NORD>
    <SARD>1171,997</SARD>
    <SICI>2387,058</SICI>
    <SUD>3226,54</SUD>
  </Fabbisogno>
  <Fabbisogno>
    <Data>20160822</Data>
    <Mercato>MGP</Mercato>
    <Ora>19</Ora>
    <Italia>34890,326</Italia>
    <CNOR>3789,582</CNOR>
    <CSUD>6182,968</CSUD>
    <NORD>17955,341</NORD>
    <SARD>1217,094</SARD>
    <SICI>2393,926</SICI>
    <SUD>3351,415</SUD>
  </Fabbisogno>
  <Fabbisogno>
    <Data>20160822</Data>
    <Mercato>MGP</Mercato>
    <Ora>20</Ora>
    <Italia>34916,125</Italia>
    <CNOR>3796,162</CNOR>
    <CSUD>6245,638</CSUD>
    <NORD>17795,715</NORD>
    <SARD>1247,019</SARD>
    <SICI>2401,034</SICI>
    <SUD>3430,557</SUD>
  </Fabbisogno>
  <Fabbisogno>
    <Data>20160822</Data>
    <Mercato>MGP</Mercato>
    <Ora>21</Ora>
    <Italia>36158,17</Italia>
    <CNOR>3911,769</CNOR>
    <CSUD>6614,361</CSUD>
    <NORD>17833,851</NORD>
    <SARD>1357,484</SARD>
    <SICI>2631,053</SICI>
    <SUD>3809,652</SUD>
  </Fabbisogno>
  <Fabbisogno>
    <Data>20160822</Data>
    <Mercato>MGP</Mercato>
    <Ora>22</Ora>
    <Italia>34464,613</Italia>
    <CNOR>3738,321</CNOR>
    <CSUD>6208,77</CSUD>
    <NORD>17261,399</NORD>
    <SARD>1319,822</SARD>
    <SICI>2460,691</SICI>
    <SUD>3475,61</SUD>
  </Fabbisogno>
  <Fabbisogno>
    <Data>20160822</Data>
    <Mercato>MGP</Mercato>
    <Ora>23</Ora>
    <Italia>31569,266</Italia>
    <CNOR>3403,638</CNOR>
    <CSUD>5693,487</CSUD>
    <NORD>15838,101</NORD>
    <SARD>1200,956</SARD>
    <SICI>2272,07</SICI>
    <SUD>3161,014</SUD>
  </Fabbisogno>
  <Fabbisogno>
    <Data>20160822</Data>
    <Mercato>MGP</Mercato>
    <Ora>24</Ora>
    <Italia>28762,218</Italia>
    <CNOR>3053,919</CNOR>
    <CSUD>5210,588</CSUD>
    <NORD>14399,778</NORD>
    <SARD>1109,021</SARD>
    <SICI>2102,827</SICI>
    <SUD>2886,085</SUD>
  </Fabbisogno>
</NewDataSet>