<?xml version="1.0" standalone="yes"?>
<NewDataSet>
  <xs:schema id="NewDataSet" xmlns="" xmlns:xs="http://www.w3.org/2001/XMLSchema" xmlns:msdata="urn:schemas-microsoft-com:xml-msdata">
    <xs:element name="NewDataSet" msdata:IsDataSet="true" msdata:MainDataTable="marketintervaldetail" msdata:UseCurrentLocale="true">
      <xs:complexType>
        <xs:choice minOccurs="0" maxOccurs="unbounded">
          <xs:element name="marketintervaldetail">
            <xs:complexType>
              <xs:sequence>
                <xs:element name="Data" type="xs:string" minOccurs="0" />
                <xs:element name="Mercato" type="xs:string" minOccurs="0" />
                <xs:element name="Ora" type="xs:string" minOccurs="0" />
                <xs:element name="Totale" type="xs:string" minOccurs="0" />
                <xs:element name="CNOR" type="xs:string" minOccurs="0" />
                <xs:element name="CSUD" type="xs:string" minOccurs="0" />
                <xs:element name="NORD" type="xs:string" minOccurs="0" />
                <xs:element name="SARD" type="xs:string" minOccurs="0" />
                <xs:element name="SICI" type="xs:string" minOccurs="0" />
                <xs:element name="SUD" type="xs:string" minOccurs="0" />
              </xs:sequence>
            </xs:complexType>
          </xs:element>
        </xs:choice>
      </xs:complexType>
    </xs:element>
  </xs:schema>
  <marketintervaldetail>
    <Data>20141001</Data>
    <Mercato>MGP</Mercato>
    <Ora>01</Ora>
    <Totale>26446</Totale>
    <CNOR>2818</CNOR>
    <CSUD>4205</CSUD>
    <NORD>14877</NORD>
    <SARD>837</SARD>
    <SICI>1603</SICI>
    <SUD>2106</SUD>
  </marketintervaldetail>
  <marketintervaldetail>
    <Data>20141001</Data>
    <Mercato>MGP</Mercato>
    <Ora>02</Ora>
    <Totale>24907</Totale>
    <CNOR>2667</CNOR>
    <CSUD>3897</CSUD>
    <NORD>14075</NORD>
    <SARD>812</SARD>
    <SICI>1492</SICI>
    <SUD>1964</SUD>
  </marketintervaldetail>
  <marketintervaldetail>
    <Data>20141001</Data>
    <Mercato>MGP</Mercato>
    <Ora>03</Ora>
    <Totale>24081</Totale>
    <CNOR>2567</CNOR>
    <CSUD>3715</CSUD>
    <NORD>13679</NORD>
    <SARD>797</SARD>
    <SICI>1442</SICI>
    <SUD>1881</SUD>
  </marketintervaldetail>
  <marketintervaldetail>
    <Data>20141001</Data>
    <Mercato>MGP</Mercato>
    <Ora>04</Ora>
    <Totale>23871</Totale>
    <CNOR>2536</CNOR>
    <CSUD>3620</CSUD>
    <NORD>13608</NORD>
    <SARD>799</SARD>
    <SICI>1426</SICI>
    <SUD>1882</SUD>
  </marketintervaldetail>
  <marketintervaldetail>
    <Data>20141001</Data>
    <Mercato>MGP</Mercato>
    <Ora>05</Ora>
    <Totale>24008</Totale>
    <CNOR>2519</CNOR>
    <CSUD>3660</CSUD>
    <NORD>13784</NORD>
    <SARD>793</SARD>
    <SICI>1432</SICI>
    <SUD>1820</SUD>
  </marketintervaldetail>
  <marketintervaldetail>
    <Data>20141001</Data>
    <Mercato>MGP</Mercato>
    <Ora>06</Ora>
    <Totale>25222</Totale>
    <CNOR>2594</CNOR>
    <CSUD>3783</CSUD>
    <NORD>14629</NORD>
    <SARD>811</SARD>
    <SICI>1511</SICI>
    <SUD>1894</SUD>
  </marketintervaldetail>
  <marketintervaldetail>
    <Data>20141001</Data>
    <Mercato>MGP</Mercato>
    <Ora>07</Ora>
    <Totale>29783</Totale>
    <CNOR>3001</CNOR>
    <CSUD>4343</CSUD>
    <NORD>17728</NORD>
    <SARD>897</SARD>
    <SICI>1692</SICI>
    <SUD>2122</SUD>
  </marketintervaldetail>
  <marketintervaldetail>
    <Data>20141001</Data>
    <Mercato>MGP</Mercato>
    <Ora>08</Ora>
    <Totale>34098</Totale>
    <CNOR>3416</CNOR>
    <CSUD>4734</CSUD>
    <NORD>20785</NORD>
    <SARD>1002</SARD>
    <SICI>1850</SICI>
    <SUD>2311</SUD>
  </marketintervaldetail>
  <marketintervaldetail>
    <Data>20141001</Data>
    <Mercato>MGP</Mercato>
    <Ora>09</Ora>
    <Totale>38366</Totale>
    <CNOR>3926</CNOR>
    <CSUD>5382</CSUD>
    <NORD>23386</NORD>
    <SARD>1077</SARD>
    <SICI>2121</SICI>
    <SUD>2474</SUD>
  </marketintervaldetail>
  <marketintervaldetail>
    <Data>20141001</Data>
    <Mercato>MGP</Mercato>
    <Ora>10</Ora>
    <Totale>40167</Totale>
    <CNOR>4058</CNOR>
    <CSUD>5704</CSUD>
    <NORD>24433</NORD>
    <SARD>1125</SARD>
    <SICI>2231</SICI>
    <SUD>2616</SUD>
  </marketintervaldetail>
  <marketintervaldetail>
    <Data>20141001</Data>
    <Mercato>MGP</Mercato>
    <Ora>11</Ora>
    <Totale>40493</Totale>
    <CNOR>4158</CNOR>
    <CSUD>5858</CSUD>
    <NORD>24699</NORD>
    <SARD>1125</SARD>
    <SICI>2163</SICI>
    <SUD>2490</SUD>
  </marketintervaldetail>
  <marketintervaldetail>
    <Data>20141001</Data>
    <Mercato>MGP</Mercato>
    <Ora>12</Ora>
    <Totale>40620</Totale>
    <CNOR>4168</CNOR>
    <CSUD>5761</CSUD>
    <NORD>24774</NORD>
    <SARD>1132</SARD>
    <SICI>2152</SICI>
    <SUD>2633</SUD>
  </marketintervaldetail>
  <marketintervaldetail>
    <Data>20141001</Data>
    <Mercato>MGP</Mercato>
    <Ora>13</Ora>
    <Totale>38726</Totale>
    <CNOR>4025</CNOR>
    <CSUD>5953</CSUD>
    <NORD>22455</NORD>
    <SARD>1130</SARD>
    <SICI>2236</SICI>
    <SUD>2927</SUD>
  </marketintervaldetail>
  <marketintervaldetail>
    <Data>20141001</Data>
    <Mercato>MGP</Mercato>
    <Ora>14</Ora>
    <Totale>38560</Totale>
    <CNOR>3907</CNOR>
    <CSUD>5582</CSUD>
    <NORD>22934</NORD>
    <SARD>1099</SARD>
    <SICI>2160</SICI>
    <SUD>2878</SUD>
  </marketintervaldetail>
  <marketintervaldetail>
    <Data>20141001</Data>
    <Mercato>MGP</Mercato>
    <Ora>15</Ora>
    <Totale>39562</Totale>
    <CNOR>3891</CNOR>
    <CSUD>5973</CSUD>
    <NORD>23985</NORD>
    <SARD>1058</SARD>
    <SICI>2117</SICI>
    <SUD>2538</SUD>
  </marketintervaldetail>
  <marketintervaldetail>
    <Data>20141001</Data>
    <Mercato>MGP</Mercato>
    <Ora>16</Ora>
    <Totale>39993</Totale>
    <CNOR>4071</CNOR>
    <CSUD>6077</CSUD>
    <NORD>24254</NORD>
    <SARD>1046</SARD>
    <SICI>2088</SICI>
    <SUD>2457</SUD>
  </marketintervaldetail>
  <marketintervaldetail>
    <Data>20141001</Data>
    <Mercato>MGP</Mercato>
    <Ora>17</Ora>
    <Totale>40136</Totale>
    <CNOR>4218</CNOR>
    <CSUD>6047</CSUD>
    <NORD>23947</NORD>
    <SARD>1074</SARD>
    <SICI>2208</SICI>
    <SUD>2642</SUD>
  </marketintervaldetail>
  <marketintervaldetail>
    <Data>20141001</Data>
    <Mercato>MGP</Mercato>
    <Ora>18</Ora>
    <Totale>39104</Totale>
    <CNOR>4165</CNOR>
    <CSUD>5914</CSUD>
    <NORD>23036</NORD>
    <SARD>1089</SARD>
    <SICI>2180</SICI>
    <SUD>2720</SUD>
  </marketintervaldetail>
  <marketintervaldetail>
    <Data>20141001</Data>
    <Mercato>MGP</Mercato>
    <Ora>19</Ora>
    <Totale>38522</Totale>
    <CNOR>4171</CNOR>
    <CSUD>5833</CSUD>
    <NORD>22206</NORD>
    <SARD>1119</SARD>
    <SICI>2218</SICI>
    <SUD>2975</SUD>
  </marketintervaldetail>
  <marketintervaldetail>
    <Data>20141001</Data>
    <Mercato>MGP</Mercato>
    <Ora>20</Ora>
    <Totale>41306</Totale>
    <CNOR>4530</CNOR>
    <CSUD>6562</CSUD>
    <NORD>23141</NORD>
    <SARD>1185</SARD>
    <SICI>2512</SICI>
    <SUD>3376</SUD>
  </marketintervaldetail>
  <marketintervaldetail>
    <Data>20141001</Data>
    <Mercato>MGP</Mercato>
    <Ora>21</Ora>
    <Totale>39541</Totale>
    <CNOR>4222</CNOR>
    <CSUD>6282</CSUD>
    <NORD>22113</NORD>
    <SARD>1192</SARD>
    <SICI>2385</SICI>
    <SUD>3347</SUD>
  </marketintervaldetail>
  <marketintervaldetail>
    <Data>20141001</Data>
    <Mercato>MGP</Mercato>
    <Ora>22</Ora>
    <Totale>36069</Totale>
    <CNOR>3869</CNOR>
    <CSUD>5792</CSUD>
    <NORD>20239</NORD>
    <SARD>1100</SARD>
    <SICI>2122</SICI>
    <SUD>2947</SUD>
  </marketintervaldetail>
  <marketintervaldetail>
    <Data>20141001</Data>
    <Mercato>MGP</Mercato>
    <Ora>23</Ora>
    <Totale>32346</Totale>
    <CNOR>3437</CNOR>
    <CSUD>5189</CSUD>
    <NORD>18109</NORD>
    <SARD>1025</SARD>
    <SICI>1944</SICI>
    <SUD>2642</SUD>
  </marketintervaldetail>
  <marketintervaldetail>
    <Data>20141001</Data>
    <Mercato>MGP</Mercato>
    <Ora>24</Ora>
    <Totale>29256</Totale>
    <CNOR>3077</CNOR>
    <CSUD>4628</CSUD>
    <NORD>16549</NORD>
    <SARD>954</SARD>
    <SICI>1719</SICI>
    <SUD>2329</SUD>
  </marketintervaldetail>
</NewDataSet>