<?xml version="1.0" standalone="yes"?>
<NewDataSet>
  <xs:schema id="NewDataSet" xmlns="" xmlns:xs="http://www.w3.org/2001/XMLSchema" xmlns:msdata="urn:schemas-microsoft-com:xml-msdata">
    <xs:element name="NewDataSet" msdata:IsDataSet="true" msdata:MainDataTable="marketintervaldetail" msdata:UseCurrentLocale="true">
      <xs:complexType>
        <xs:choice minOccurs="0" maxOccurs="unbounded">
          <xs:element name="marketintervaldetail">
            <xs:complexType>
              <xs:sequence>
                <xs:element name="Data" type="xs:string" minOccurs="0" />
                <xs:element name="Mercato" type="xs:string" minOccurs="0" />
                <xs:element name="Ora" type="xs:string" minOccurs="0" />
                <xs:element name="Totale" type="xs:string" minOccurs="0" />
                <xs:element name="CNOR" type="xs:string" minOccurs="0" />
                <xs:element name="CSUD" type="xs:string" minOccurs="0" />
                <xs:element name="NORD" type="xs:string" minOccurs="0" />
                <xs:element name="SARD" type="xs:string" minOccurs="0" />
                <xs:element name="SICI" type="xs:string" minOccurs="0" />
                <xs:element name="SUD" type="xs:string" minOccurs="0" />
              </xs:sequence>
            </xs:complexType>
          </xs:element>
        </xs:choice>
      </xs:complexType>
    </xs:element>
  </xs:schema>
  <marketintervaldetail>
    <Data>20141016</Data>
    <Mercato>MGP</Mercato>
    <Ora>01</Ora>
    <Totale>26934</Totale>
    <CNOR>2840</CNOR>
    <CSUD>4196</CSUD>
    <NORD>15088</NORD>
    <SARD>814</SARD>
    <SICI>1735</SICI>
    <SUD>2261</SUD>
  </marketintervaldetail>
  <marketintervaldetail>
    <Data>20141016</Data>
    <Mercato>MGP</Mercato>
    <Ora>02</Ora>
    <Totale>25375</Totale>
    <CNOR>2781</CNOR>
    <CSUD>3863</CSUD>
    <NORD>14227</NORD>
    <SARD>780</SARD>
    <SICI>1624</SICI>
    <SUD>2100</SUD>
  </marketintervaldetail>
  <marketintervaldetail>
    <Data>20141016</Data>
    <Mercato>MGP</Mercato>
    <Ora>03</Ora>
    <Totale>24577</Totale>
    <CNOR>2677</CNOR>
    <CSUD>3686</CSUD>
    <NORD>13763</NORD>
    <SARD>764</SARD>
    <SICI>1566</SICI>
    <SUD>2121</SUD>
  </marketintervaldetail>
  <marketintervaldetail>
    <Data>20141016</Data>
    <Mercato>MGP</Mercato>
    <Ora>04</Ora>
    <Totale>24394</Totale>
    <CNOR>2634</CNOR>
    <CSUD>3615</CSUD>
    <NORD>13806</NORD>
    <SARD>754</SARD>
    <SICI>1540</SICI>
    <SUD>2045</SUD>
  </marketintervaldetail>
  <marketintervaldetail>
    <Data>20141016</Data>
    <Mercato>MGP</Mercato>
    <Ora>05</Ora>
    <Totale>24663</Totale>
    <CNOR>2634</CNOR>
    <CSUD>3661</CSUD>
    <NORD>14001</NORD>
    <SARD>753</SARD>
    <SICI>1557</SICI>
    <SUD>2057</SUD>
  </marketintervaldetail>
  <marketintervaldetail>
    <Data>20141016</Data>
    <Mercato>MGP</Mercato>
    <Ora>06</Ora>
    <Totale>26118</Totale>
    <CNOR>2795</CNOR>
    <CSUD>3869</CSUD>
    <NORD>14913</NORD>
    <SARD>774</SARD>
    <SICI>1636</SICI>
    <SUD>2131</SUD>
  </marketintervaldetail>
  <marketintervaldetail>
    <Data>20141016</Data>
    <Mercato>MGP</Mercato>
    <Ora>07</Ora>
    <Totale>30884</Totale>
    <CNOR>3231</CNOR>
    <CSUD>4557</CSUD>
    <NORD>17992</NORD>
    <SARD>863</SARD>
    <SICI>1824</SICI>
    <SUD>2417</SUD>
  </marketintervaldetail>
  <marketintervaldetail>
    <Data>20141016</Data>
    <Mercato>MGP</Mercato>
    <Ora>08</Ora>
    <Totale>36331</Totale>
    <CNOR>3766</CNOR>
    <CSUD>5273</CSUD>
    <NORD>21574</NORD>
    <SARD>964</SARD>
    <SICI>2042</SICI>
    <SUD>2712</SUD>
  </marketintervaldetail>
  <marketintervaldetail>
    <Data>20141016</Data>
    <Mercato>MGP</Mercato>
    <Ora>09</Ora>
    <Totale>41051</Totale>
    <CNOR>4418</CNOR>
    <CSUD>6016</CSUD>
    <NORD>24336</NORD>
    <SARD>992</SARD>
    <SICI>2301</SICI>
    <SUD>2988</SUD>
  </marketintervaldetail>
  <marketintervaldetail>
    <Data>20141016</Data>
    <Mercato>MGP</Mercato>
    <Ora>10</Ora>
    <Totale>42718</Totale>
    <CNOR>4732</CNOR>
    <CSUD>6419</CSUD>
    <NORD>24970</NORD>
    <SARD>1010</SARD>
    <SICI>2431</SICI>
    <SUD>3156</SUD>
  </marketintervaldetail>
  <marketintervaldetail>
    <Data>20141016</Data>
    <Mercato>MGP</Mercato>
    <Ora>11</Ora>
    <Totale>42510</Totale>
    <CNOR>4787</CNOR>
    <CSUD>6755</CSUD>
    <NORD>24274</NORD>
    <SARD>1049</SARD>
    <SICI>2397</SICI>
    <SUD>3248</SUD>
  </marketintervaldetail>
  <marketintervaldetail>
    <Data>20141016</Data>
    <Mercato>MGP</Mercato>
    <Ora>12</Ora>
    <Totale>42079</Totale>
    <CNOR>4730</CNOR>
    <CSUD>6830</CSUD>
    <NORD>23828</NORD>
    <SARD>1085</SARD>
    <SICI>2372</SICI>
    <SUD>3234</SUD>
  </marketintervaldetail>
  <marketintervaldetail>
    <Data>20141016</Data>
    <Mercato>MGP</Mercato>
    <Ora>13</Ora>
    <Totale>39580</Totale>
    <CNOR>4577</CNOR>
    <CSUD>6731</CSUD>
    <NORD>21795</NORD>
    <SARD>1116</SARD>
    <SICI>2305</SICI>
    <SUD>3056</SUD>
  </marketintervaldetail>
  <marketintervaldetail>
    <Data>20141016</Data>
    <Mercato>MGP</Mercato>
    <Ora>14</Ora>
    <Totale>38797</Totale>
    <CNOR>4416</CNOR>
    <CSUD>6491</CSUD>
    <NORD>21550</NORD>
    <SARD>1071</SARD>
    <SICI>2258</SICI>
    <SUD>3011</SUD>
  </marketintervaldetail>
  <marketintervaldetail>
    <Data>20141016</Data>
    <Mercato>MGP</Mercato>
    <Ora>15</Ora>
    <Totale>40529</Totale>
    <CNOR>4571</CNOR>
    <CSUD>6483</CSUD>
    <NORD>23406</NORD>
    <SARD>941</SARD>
    <SICI>2299</SICI>
    <SUD>2829</SUD>
  </marketintervaldetail>
  <marketintervaldetail>
    <Data>20141016</Data>
    <Mercato>MGP</Mercato>
    <Ora>16</Ora>
    <Totale>41026</Totale>
    <CNOR>4620</CNOR>
    <CSUD>6510</CSUD>
    <NORD>23577</NORD>
    <SARD>936</SARD>
    <SICI>2369</SICI>
    <SUD>3014</SUD>
  </marketintervaldetail>
  <marketintervaldetail>
    <Data>20141016</Data>
    <Mercato>MGP</Mercato>
    <Ora>17</Ora>
    <Totale>41049</Totale>
    <CNOR>4642</CNOR>
    <CSUD>6512</CSUD>
    <NORD>23450</NORD>
    <SARD>937</SARD>
    <SICI>2395</SICI>
    <SUD>3113</SUD>
  </marketintervaldetail>
  <marketintervaldetail>
    <Data>20141016</Data>
    <Mercato>MGP</Mercato>
    <Ora>18</Ora>
    <Totale>39794</Totale>
    <CNOR>4437</CNOR>
    <CSUD>6502</CSUD>
    <NORD>22320</NORD>
    <SARD>964</SARD>
    <SICI>2414</SICI>
    <SUD>3157</SUD>
  </marketintervaldetail>
  <marketintervaldetail>
    <Data>20141016</Data>
    <Mercato>MGP</Mercato>
    <Ora>19</Ora>
    <Totale>40423</Totale>
    <CNOR>4353</CNOR>
    <CSUD>6456</CSUD>
    <NORD>22693</NORD>
    <SARD>979</SARD>
    <SICI>2517</SICI>
    <SUD>3425</SUD>
  </marketintervaldetail>
  <marketintervaldetail>
    <Data>20141016</Data>
    <Mercato>MGP</Mercato>
    <Ora>20</Ora>
    <Totale>41665</Totale>
    <CNOR>4375</CNOR>
    <CSUD>6620</CSUD>
    <NORD>23184</NORD>
    <SARD>1077</SARD>
    <SICI>2697</SICI>
    <SUD>3712</SUD>
  </marketintervaldetail>
  <marketintervaldetail>
    <Data>20141016</Data>
    <Mercato>MGP</Mercato>
    <Ora>21</Ora>
    <Totale>39020</Totale>
    <CNOR>3943</CNOR>
    <CSUD>6160</CSUD>
    <NORD>21757</NORD>
    <SARD>1030</SARD>
    <SICI>2590</SICI>
    <SUD>3540</SUD>
  </marketintervaldetail>
  <marketintervaldetail>
    <Data>20141016</Data>
    <Mercato>MGP</Mercato>
    <Ora>22</Ora>
    <Totale>35957</Totale>
    <CNOR>3622</CNOR>
    <CSUD>5653</CSUD>
    <NORD>20092</NORD>
    <SARD>949</SARD>
    <SICI>2376</SICI>
    <SUD>3265</SUD>
  </marketintervaldetail>
  <marketintervaldetail>
    <Data>20141016</Data>
    <Mercato>MGP</Mercato>
    <Ora>23</Ora>
    <Totale>32535</Totale>
    <CNOR>3325</CNOR>
    <CSUD>5082</CSUD>
    <NORD>18024</NORD>
    <SARD>879</SARD>
    <SICI>2208</SICI>
    <SUD>3017</SUD>
  </marketintervaldetail>
  <marketintervaldetail>
    <Data>20141016</Data>
    <Mercato>MGP</Mercato>
    <Ora>24</Ora>
    <Totale>29053</Totale>
    <CNOR>2956</CNOR>
    <CSUD>4441</CSUD>
    <NORD>16243</NORD>
    <SARD>810</SARD>
    <SICI>1959</SICI>
    <SUD>2644</SUD>
  </marketintervaldetail>
</NewDataSet>