<?xml version="1.0" standalone="yes"?>
<NewDataSet>
  <xs:schema id="NewDataSet" xmlns="" xmlns:xs="http://www.w3.org/2001/XMLSchema" xmlns:msdata="urn:schemas-microsoft-com:xml-msdata">
    <xs:element name="NewDataSet" msdata:IsDataSet="true" msdata:MainDataTable="marketintervaldetail" msdata:UseCurrentLocale="true">
      <xs:complexType>
        <xs:choice minOccurs="0" maxOccurs="unbounded">
          <xs:element name="marketintervaldetail">
            <xs:complexType>
              <xs:sequence>
                <xs:element name="Data" type="xs:string" minOccurs="0" />
                <xs:element name="Mercato" type="xs:string" minOccurs="0" />
                <xs:element name="Ora" type="xs:string" minOccurs="0" />
                <xs:element name="Totale" type="xs:string" minOccurs="0" />
                <xs:element name="CNOR" type="xs:string" minOccurs="0" />
                <xs:element name="CSUD" type="xs:string" minOccurs="0" />
                <xs:element name="NORD" type="xs:string" minOccurs="0" />
                <xs:element name="SARD" type="xs:string" minOccurs="0" />
                <xs:element name="SICI" type="xs:string" minOccurs="0" />
                <xs:element name="SUD" type="xs:string" minOccurs="0" />
              </xs:sequence>
            </xs:complexType>
          </xs:element>
        </xs:choice>
      </xs:complexType>
    </xs:element>
  </xs:schema>
  <marketintervaldetail>
    <Data>20141014</Data>
    <Mercato>MGP</Mercato>
    <Ora>01</Ora>
    <Totale>26640</Totale>
    <CNOR>2987</CNOR>
    <CSUD>4185</CSUD>
    <NORD>15071</NORD>
    <SARD>614</SARD>
    <SICI>1593</SICI>
    <SUD>2190</SUD>
  </marketintervaldetail>
  <marketintervaldetail>
    <Data>20141014</Data>
    <Mercato>MGP</Mercato>
    <Ora>02</Ora>
    <Totale>25212</Totale>
    <CNOR>2788</CNOR>
    <CSUD>3917</CSUD>
    <NORD>14319</NORD>
    <SARD>604</SARD>
    <SICI>1503</SICI>
    <SUD>2081</SUD>
  </marketintervaldetail>
  <marketintervaldetail>
    <Data>20141014</Data>
    <Mercato>MGP</Mercato>
    <Ora>03</Ora>
    <Totale>24350</Totale>
    <CNOR>2687</CNOR>
    <CSUD>3721</CSUD>
    <NORD>13868</NORD>
    <SARD>601</SARD>
    <SICI>1463</SICI>
    <SUD>2010</SUD>
  </marketintervaldetail>
  <marketintervaldetail>
    <Data>20141014</Data>
    <Mercato>MGP</Mercato>
    <Ora>04</Ora>
    <Totale>24024</Totale>
    <CNOR>2648</CNOR>
    <CSUD>3655</CSUD>
    <NORD>13689</NORD>
    <SARD>574</SARD>
    <SICI>1447</SICI>
    <SUD>2011</SUD>
  </marketintervaldetail>
  <marketintervaldetail>
    <Data>20141014</Data>
    <Mercato>MGP</Mercato>
    <Ora>05</Ora>
    <Totale>24142</Totale>
    <CNOR>2634</CNOR>
    <CSUD>3647</CSUD>
    <NORD>13776</NORD>
    <SARD>585</SARD>
    <SICI>1462</SICI>
    <SUD>2038</SUD>
  </marketintervaldetail>
  <marketintervaldetail>
    <Data>20141014</Data>
    <Mercato>MGP</Mercato>
    <Ora>06</Ora>
    <Totale>25575</Totale>
    <CNOR>2764</CNOR>
    <CSUD>3859</CSUD>
    <NORD>14705</NORD>
    <SARD>603</SARD>
    <SICI>1526</SICI>
    <SUD>2118</SUD>
  </marketintervaldetail>
  <marketintervaldetail>
    <Data>20141014</Data>
    <Mercato>MGP</Mercato>
    <Ora>07</Ora>
    <Totale>30430</Totale>
    <CNOR>3270</CNOR>
    <CSUD>4489</CSUD>
    <NORD>17940</NORD>
    <SARD>689</SARD>
    <SICI>1702</SICI>
    <SUD>2340</SUD>
  </marketintervaldetail>
  <marketintervaldetail>
    <Data>20141014</Data>
    <Mercato>MGP</Mercato>
    <Ora>08</Ora>
    <Totale>35907</Totale>
    <CNOR>3874</CNOR>
    <CSUD>5100</CSUD>
    <NORD>21578</NORD>
    <SARD>792</SARD>
    <SICI>1938</SICI>
    <SUD>2625</SUD>
  </marketintervaldetail>
  <marketintervaldetail>
    <Data>20141014</Data>
    <Mercato>MGP</Mercato>
    <Ora>09</Ora>
    <Totale>39995</Totale>
    <CNOR>4298</CNOR>
    <CSUD>5562</CSUD>
    <NORD>24231</NORD>
    <SARD>866</SARD>
    <SICI>2147</SICI>
    <SUD>2891</SUD>
  </marketintervaldetail>
  <marketintervaldetail>
    <Data>20141014</Data>
    <Mercato>MGP</Mercato>
    <Ora>10</Ora>
    <Totale>41312</Totale>
    <CNOR>4494</CNOR>
    <CSUD>5901</CSUD>
    <NORD>24841</NORD>
    <SARD>908</SARD>
    <SICI>2234</SICI>
    <SUD>2934</SUD>
  </marketintervaldetail>
  <marketintervaldetail>
    <Data>20141014</Data>
    <Mercato>MGP</Mercato>
    <Ora>11</Ora>
    <Totale>41291</Totale>
    <CNOR>4483</CNOR>
    <CSUD>6026</CSUD>
    <NORD>24631</NORD>
    <SARD>900</SARD>
    <SICI>2208</SICI>
    <SUD>3043</SUD>
  </marketintervaldetail>
  <marketintervaldetail>
    <Data>20141014</Data>
    <Mercato>MGP</Mercato>
    <Ora>12</Ora>
    <Totale>41041</Totale>
    <CNOR>4333</CNOR>
    <CSUD>6057</CSUD>
    <NORD>24530</NORD>
    <SARD>882</SARD>
    <SICI>2155</SICI>
    <SUD>3084</SUD>
  </marketintervaldetail>
  <marketintervaldetail>
    <Data>20141014</Data>
    <Mercato>MGP</Mercato>
    <Ora>13</Ora>
    <Totale>38880</Totale>
    <CNOR>3860</CNOR>
    <CSUD>6075</CSUD>
    <NORD>22735</NORD>
    <SARD>876</SARD>
    <SICI>2227</SICI>
    <SUD>3107</SUD>
  </marketintervaldetail>
  <marketintervaldetail>
    <Data>20141014</Data>
    <Mercato>MGP</Mercato>
    <Ora>14</Ora>
    <Totale>38815</Totale>
    <CNOR>3722</CNOR>
    <CSUD>6013</CSUD>
    <NORD>23056</NORD>
    <SARD>833</SARD>
    <SICI>2161</SICI>
    <SUD>3030</SUD>
  </marketintervaldetail>
  <marketintervaldetail>
    <Data>20141014</Data>
    <Mercato>MGP</Mercato>
    <Ora>15</Ora>
    <Totale>40007</Totale>
    <CNOR>3965</CNOR>
    <CSUD>6127</CSUD>
    <NORD>23997</NORD>
    <SARD>822</SARD>
    <SICI>2143</SICI>
    <SUD>2953</SUD>
  </marketintervaldetail>
  <marketintervaldetail>
    <Data>20141014</Data>
    <Mercato>MGP</Mercato>
    <Ora>16</Ora>
    <Totale>40570</Totale>
    <CNOR>4226</CNOR>
    <CSUD>6256</CSUD>
    <NORD>24136</NORD>
    <SARD>796</SARD>
    <SICI>2206</SICI>
    <SUD>2950</SUD>
  </marketintervaldetail>
  <marketintervaldetail>
    <Data>20141014</Data>
    <Mercato>MGP</Mercato>
    <Ora>17</Ora>
    <Totale>40613</Totale>
    <CNOR>4362</CNOR>
    <CSUD>6212</CSUD>
    <NORD>24056</NORD>
    <SARD>758</SARD>
    <SICI>2311</SICI>
    <SUD>2914</SUD>
  </marketintervaldetail>
  <marketintervaldetail>
    <Data>20141014</Data>
    <Mercato>MGP</Mercato>
    <Ora>18</Ora>
    <Totale>39563</Totale>
    <CNOR>4165</CNOR>
    <CSUD>5720</CSUD>
    <NORD>23555</NORD>
    <SARD>750</SARD>
    <SICI>2309</SICI>
    <SUD>3064</SUD>
  </marketintervaldetail>
  <marketintervaldetail>
    <Data>20141014</Data>
    <Mercato>MGP</Mercato>
    <Ora>19</Ora>
    <Totale>40836</Totale>
    <CNOR>2143</CNOR>
    <CSUD>4586</CSUD>
    <NORD>25466</NORD>
    <SARD>1129</SARD>
    <SICI>2789</SICI>
    <SUD>4723</SUD>
  </marketintervaldetail>
  <marketintervaldetail>
    <Data>20141014</Data>
    <Mercato>MGP</Mercato>
    <Ora>20</Ora>
    <Totale>42988</Totale>
    <CNOR>2006</CNOR>
    <CSUD>5032</CSUD>
    <NORD>26206</NORD>
    <SARD>1195</SARD>
    <SICI>2995</SICI>
    <SUD>5554</SUD>
  </marketintervaldetail>
  <marketintervaldetail>
    <Data>20141014</Data>
    <Mercato>MGP</Mercato>
    <Ora>21</Ora>
    <Totale>40204</Totale>
    <CNOR>1927</CNOR>
    <CSUD>4839</CSUD>
    <NORD>24044</NORD>
    <SARD>1242</SARD>
    <SICI>3017</SICI>
    <SUD>5135</SUD>
  </marketintervaldetail>
  <marketintervaldetail>
    <Data>20141014</Data>
    <Mercato>MGP</Mercato>
    <Ora>22</Ora>
    <Totale>36567</Totale>
    <CNOR>1655</CNOR>
    <CSUD>4508</CSUD>
    <NORD>21964</NORD>
    <SARD>1145</SARD>
    <SICI>2667</SICI>
    <SUD>4628</SUD>
  </marketintervaldetail>
  <marketintervaldetail>
    <Data>20141014</Data>
    <Mercato>MGP</Mercato>
    <Ora>23</Ora>
    <Totale>32926</Totale>
    <CNOR>1535</CNOR>
    <CSUD>3754</CSUD>
    <NORD>19257</NORD>
    <SARD>1100</SARD>
    <SICI>2426</SICI>
    <SUD>4854</SUD>
  </marketintervaldetail>
  <marketintervaldetail>
    <Data>20141014</Data>
    <Mercato>MGP</Mercato>
    <Ora>24</Ora>
    <Totale>29819</Totale>
    <CNOR>1509</CNOR>
    <CSUD>3114</CSUD>
    <NORD>17304</NORD>
    <SARD>1068</SARD>
    <SICI>2114</SICI>
    <SUD>4710</SUD>
  </marketintervaldetail>
</NewDataSet>