<?xml version="1.0" standalone="yes"?>
<NewDataSet>
  <xs:schema id="NewDataSet" xmlns="" xmlns:xs="http://www.w3.org/2001/XMLSchema" xmlns:msdata="urn:schemas-microsoft-com:xml-msdata">
    <xs:element name="NewDataSet" msdata:IsDataSet="true" msdata:MainDataTable="marketintervaldetail" msdata:UseCurrentLocale="true">
      <xs:complexType>
        <xs:choice minOccurs="0" maxOccurs="unbounded">
          <xs:element name="marketintervaldetail">
            <xs:complexType>
              <xs:sequence>
                <xs:element name="Data" type="xs:string" minOccurs="0" />
                <xs:element name="Mercato" type="xs:string" minOccurs="0" />
                <xs:element name="Ora" type="xs:string" minOccurs="0" />
                <xs:element name="Totale" type="xs:string" minOccurs="0" />
                <xs:element name="CNOR" type="xs:string" minOccurs="0" />
                <xs:element name="CSUD" type="xs:string" minOccurs="0" />
                <xs:element name="NORD" type="xs:string" minOccurs="0" />
                <xs:element name="SARD" type="xs:string" minOccurs="0" />
                <xs:element name="SICI" type="xs:string" minOccurs="0" />
                <xs:element name="SUD" type="xs:string" minOccurs="0" />
              </xs:sequence>
            </xs:complexType>
          </xs:element>
        </xs:choice>
      </xs:complexType>
    </xs:element>
  </xs:schema>
  <marketintervaldetail>
    <Data>20141003</Data>
    <Mercato>MGP</Mercato>
    <Ora>01</Ora>
    <Totale>27282</Totale>
    <CNOR>2845</CNOR>
    <CSUD>4167</CSUD>
    <NORD>15661</NORD>
    <SARD>879</SARD>
    <SICI>1624</SICI>
    <SUD>2106</SUD>
  </marketintervaldetail>
  <marketintervaldetail>
    <Data>20141003</Data>
    <Mercato>MGP</Mercato>
    <Ora>02</Ora>
    <Totale>25599</Totale>
    <CNOR>2725</CNOR>
    <CSUD>3880</CSUD>
    <NORD>14711</NORD>
    <SARD>838</SARD>
    <SICI>1500</SICI>
    <SUD>1945</SUD>
  </marketintervaldetail>
  <marketintervaldetail>
    <Data>20141003</Data>
    <Mercato>MGP</Mercato>
    <Ora>03</Ora>
    <Totale>24809</Totale>
    <CNOR>2597</CNOR>
    <CSUD>3741</CSUD>
    <NORD>14381</NORD>
    <SARD>807</SARD>
    <SICI>1432</SICI>
    <SUD>1851</SUD>
  </marketintervaldetail>
  <marketintervaldetail>
    <Data>20141003</Data>
    <Mercato>MGP</Mercato>
    <Ora>04</Ora>
    <Totale>24474</Totale>
    <CNOR>2588</CNOR>
    <CSUD>3659</CSUD>
    <NORD>14179</NORD>
    <SARD>803</SARD>
    <SICI>1411</SICI>
    <SUD>1834</SUD>
  </marketintervaldetail>
  <marketintervaldetail>
    <Data>20141003</Data>
    <Mercato>MGP</Mercato>
    <Ora>05</Ora>
    <Totale>24628</Totale>
    <CNOR>2590</CNOR>
    <CSUD>3669</CSUD>
    <NORD>14292</NORD>
    <SARD>793</SARD>
    <SICI>1430</SICI>
    <SUD>1854</SUD>
  </marketintervaldetail>
  <marketintervaldetail>
    <Data>20141003</Data>
    <Mercato>MGP</Mercato>
    <Ora>06</Ora>
    <Totale>25903</Totale>
    <CNOR>2716</CNOR>
    <CSUD>3866</CSUD>
    <NORD>15067</NORD>
    <SARD>797</SARD>
    <SICI>1502</SICI>
    <SUD>1955</SUD>
  </marketintervaldetail>
  <marketintervaldetail>
    <Data>20141003</Data>
    <Mercato>MGP</Mercato>
    <Ora>07</Ora>
    <Totale>30376</Totale>
    <CNOR>3160</CNOR>
    <CSUD>4481</CSUD>
    <NORD>17948</NORD>
    <SARD>875</SARD>
    <SICI>1659</SICI>
    <SUD>2253</SUD>
  </marketintervaldetail>
  <marketintervaldetail>
    <Data>20141003</Data>
    <Mercato>MGP</Mercato>
    <Ora>08</Ora>
    <Totale>35233</Totale>
    <CNOR>3655</CNOR>
    <CSUD>5143</CSUD>
    <NORD>21190</NORD>
    <SARD>965</SARD>
    <SICI>1818</SICI>
    <SUD>2462</SUD>
  </marketintervaldetail>
  <marketintervaldetail>
    <Data>20141003</Data>
    <Mercato>MGP</Mercato>
    <Ora>09</Ora>
    <Totale>39356</Totale>
    <CNOR>4139</CNOR>
    <CSUD>5865</CSUD>
    <NORD>23746</NORD>
    <SARD>1037</SARD>
    <SICI>2047</SICI>
    <SUD>2522</SUD>
  </marketintervaldetail>
  <marketintervaldetail>
    <Data>20141003</Data>
    <Mercato>MGP</Mercato>
    <Ora>10</Ora>
    <Totale>41211</Totale>
    <CNOR>4264</CNOR>
    <CSUD>6400</CSUD>
    <NORD>24738</NORD>
    <SARD>1040</SARD>
    <SICI>2122</SICI>
    <SUD>2647</SUD>
  </marketintervaldetail>
  <marketintervaldetail>
    <Data>20141003</Data>
    <Mercato>MGP</Mercato>
    <Ora>11</Ora>
    <Totale>41685</Totale>
    <CNOR>4252</CNOR>
    <CSUD>6469</CSUD>
    <NORD>25039</NORD>
    <SARD>1056</SARD>
    <SICI>2194</SICI>
    <SUD>2675</SUD>
  </marketintervaldetail>
  <marketintervaldetail>
    <Data>20141003</Data>
    <Mercato>MGP</Mercato>
    <Ora>12</Ora>
    <Totale>41389</Totale>
    <CNOR>4254</CNOR>
    <CSUD>6487</CSUD>
    <NORD>24744</NORD>
    <SARD>1070</SARD>
    <SICI>2132</SICI>
    <SUD>2702</SUD>
  </marketintervaldetail>
  <marketintervaldetail>
    <Data>20141003</Data>
    <Mercato>MGP</Mercato>
    <Ora>13</Ora>
    <Totale>38887</Totale>
    <CNOR>3899</CNOR>
    <CSUD>6443</CSUD>
    <NORD>22557</NORD>
    <SARD>1047</SARD>
    <SICI>2278</SICI>
    <SUD>2663</SUD>
  </marketintervaldetail>
  <marketintervaldetail>
    <Data>20141003</Data>
    <Mercato>MGP</Mercato>
    <Ora>14</Ora>
    <Totale>38312</Totale>
    <CNOR>3799</CNOR>
    <CSUD>6161</CSUD>
    <NORD>22637</NORD>
    <SARD>986</SARD>
    <SICI>2189</SICI>
    <SUD>2540</SUD>
  </marketintervaldetail>
  <marketintervaldetail>
    <Data>20141003</Data>
    <Mercato>MGP</Mercato>
    <Ora>15</Ora>
    <Totale>38257</Totale>
    <CNOR>3938</CNOR>
    <CSUD>6234</CSUD>
    <NORD>22646</NORD>
    <SARD>925</SARD>
    <SICI>2081</SICI>
    <SUD>2433</SUD>
  </marketintervaldetail>
  <marketintervaldetail>
    <Data>20141003</Data>
    <Mercato>MGP</Mercato>
    <Ora>16</Ora>
    <Totale>38523</Totale>
    <CNOR>4019</CNOR>
    <CSUD>6211</CSUD>
    <NORD>22696</NORD>
    <SARD>885</SARD>
    <SICI>2146</SICI>
    <SUD>2566</SUD>
  </marketintervaldetail>
  <marketintervaldetail>
    <Data>20141003</Data>
    <Mercato>MGP</Mercato>
    <Ora>17</Ora>
    <Totale>38862</Totale>
    <CNOR>4158</CNOR>
    <CSUD>6191</CSUD>
    <NORD>22664</NORD>
    <SARD>901</SARD>
    <SICI>2241</SICI>
    <SUD>2707</SUD>
  </marketintervaldetail>
  <marketintervaldetail>
    <Data>20141003</Data>
    <Mercato>MGP</Mercato>
    <Ora>18</Ora>
    <Totale>38558</Totale>
    <CNOR>4207</CNOR>
    <CSUD>6176</CSUD>
    <NORD>22023</NORD>
    <SARD>947</SARD>
    <SICI>2285</SICI>
    <SUD>2920</SUD>
  </marketintervaldetail>
  <marketintervaldetail>
    <Data>20141003</Data>
    <Mercato>MGP</Mercato>
    <Ora>19</Ora>
    <Totale>38816</Totale>
    <CNOR>4206</CNOR>
    <CSUD>5994</CSUD>
    <NORD>22240</NORD>
    <SARD>991</SARD>
    <SICI>2299</SICI>
    <SUD>3086</SUD>
  </marketintervaldetail>
  <marketintervaldetail>
    <Data>20141003</Data>
    <Mercato>MGP</Mercato>
    <Ora>20</Ora>
    <Totale>41954</Totale>
    <CNOR>4437</CNOR>
    <CSUD>6667</CSUD>
    <NORD>23491</NORD>
    <SARD>1130</SARD>
    <SICI>2600</SICI>
    <SUD>3629</SUD>
  </marketintervaldetail>
  <marketintervaldetail>
    <Data>20141003</Data>
    <Mercato>MGP</Mercato>
    <Ora>21</Ora>
    <Totale>39339</Totale>
    <CNOR>4086</CNOR>
    <CSUD>6365</CSUD>
    <NORD>21770</NORD>
    <SARD>1120</SARD>
    <SICI>2520</SICI>
    <SUD>3478</SUD>
  </marketintervaldetail>
  <marketintervaldetail>
    <Data>20141003</Data>
    <Mercato>MGP</Mercato>
    <Ora>22</Ora>
    <Totale>36081</Totale>
    <CNOR>3790</CNOR>
    <CSUD>5838</CSUD>
    <NORD>19987</NORD>
    <SARD>1015</SARD>
    <SICI>2295</SICI>
    <SUD>3156</SUD>
  </marketintervaldetail>
  <marketintervaldetail>
    <Data>20141003</Data>
    <Mercato>MGP</Mercato>
    <Ora>23</Ora>
    <Totale>32766</Totale>
    <CNOR>3480</CNOR>
    <CSUD>5227</CSUD>
    <NORD>18088</NORD>
    <SARD>931</SARD>
    <SICI>2159</SICI>
    <SUD>2881</SUD>
  </marketintervaldetail>
  <marketintervaldetail>
    <Data>20141003</Data>
    <Mercato>MGP</Mercato>
    <Ora>24</Ora>
    <Totale>29842</Totale>
    <CNOR>3154</CNOR>
    <CSUD>4708</CSUD>
    <NORD>16566</NORD>
    <SARD>850</SARD>
    <SICI>1944</SICI>
    <SUD>2620</SUD>
  </marketintervaldetail>
</NewDataSet>