<?xml version="1.0" standalone="yes"?>
<NewDataSet>
  <xs:schema id="NewDataSet" xmlns="" xmlns:xs="http://www.w3.org/2001/XMLSchema" xmlns:msdata="urn:schemas-microsoft-com:xml-msdata">
    <xs:element name="NewDataSet" msdata:IsDataSet="true" msdata:UseCurrentLocale="true">
      <xs:complexType>
        <xs:choice minOccurs="0" maxOccurs="unbounded">
          <xs:element name="negoziazione_continua">
            <xs:complexType>
              <xs:sequence>
                <xs:element name="DataSessione" type="xs:string" minOccurs="0" />
                <xs:element name="NomeProdotto" type="xs:string" minOccurs="0" />
                <xs:element name="PrimoPrezzo" type="xs:decimal" minOccurs="0" />
                <xs:element name="UltimoPrezzo" type="xs:decimal" minOccurs="0" />
                <xs:element name="PrezzoMassimo" type="xs:decimal" minOccurs="0" />
                <xs:element name="PrezzoMinimo" type="xs:decimal" minOccurs="0" />
                <xs:element name="PrezzoMedio" type="xs:decimal" minOccurs="0" />
                <xs:element name="PrezzoControllo" type="xs:decimal" minOccurs="0" />
                <xs:element name="Volumi" type="xs:decimal" minOccurs="0" />
                <xs:element name="PosizioniAperte" type="xs:decimal" minOccurs="0" />
                <xs:element name="Abbinamenti" type="xs:int" minOccurs="0" />
              </xs:sequence>
            </xs:complexType>
          </xs:element>
        </xs:choice>
      </xs:complexType>
    </xs:element>
  </xs:schema>
  <negoziazione_continua>
    <DataSessione>20170818</DataSessione>
    <NomeProdotto>MGP-2017-08-19</NomeProdotto>
    <PrimoPrezzo>17.3000</PrimoPrezzo>
    <UltimoPrezzo>17.5750</UltimoPrezzo>
    <PrezzoMassimo>17.5750</PrezzoMassimo>
    <PrezzoMinimo>17.3000</PrezzoMinimo>
    <PrezzoMedio>17.512683</PrezzoMedio>
    <PrezzoControllo>17.4810</PrezzoControllo>
    <Volumi>9540.00000</Volumi>
    <PosizioniAperte>5140.000000</PosizioniAperte>
    <Abbinamenti>8</Abbinamenti>
  </negoziazione_continua>
  <negoziazione_continua>
    <DataSessione>20170818</DataSessione>
    <NomeProdotto>MGP-2017-08-20</NomeProdotto>
    <PrimoPrezzo>17.3750</PrimoPrezzo>
    <UltimoPrezzo>17.0500</UltimoPrezzo>
    <PrezzoMassimo>17.3750</PrezzoMassimo>
    <PrezzoMinimo>17.0500</PrezzoMinimo>
    <PrezzoMedio>17.211693</PrezzoMedio>
    <PrezzoControllo>17.2620</PrezzoControllo>
    <Volumi>8020.00000</Volumi>
    <PosizioniAperte>16980.000000</PosizioniAperte>
    <Abbinamenti>8</Abbinamenti>
  </negoziazione_continua>
  <negoziazione_continua>
    <DataSessione>20170818</DataSessione>
    <NomeProdotto>MGP-2017-08-21</NomeProdotto>
    <PrimoPrezzo>17.5000</PrimoPrezzo>
    <UltimoPrezzo>17.8250</UltimoPrezzo>
    <PrezzoMassimo>17.9000</PrezzoMassimo>
    <PrezzoMinimo>17.5000</PrezzoMinimo>
    <PrezzoMedio>17.884319</PrezzoMedio>
    <PrezzoControllo>17.7350</PrezzoControllo>
    <Volumi>10140.00000</Volumi>
    <PosizioniAperte>10100.000000</PosizioniAperte>
    <Abbinamenti>9</Abbinamenti>
  </negoziazione_continua>
</NewDataSet>