<?xml version="1.0" standalone="yes"?>
<NewDataSet>
  <xs:schema id="NewDataSet" xmlns="" xmlns:xs="http://www.w3.org/2001/XMLSchema" xmlns:msdata="urn:schemas-microsoft-com:xml-msdata">
    <xs:element name="NewDataSet" msdata:IsDataSet="true" msdata:UseCurrentLocale="true">
      <xs:complexType>
        <xs:choice minOccurs="0" maxOccurs="unbounded">
          <xs:element name="negoziazione_continua">
            <xs:complexType>
              <xs:sequence>
                <xs:element name="DataSessione" type="xs:string" minOccurs="0" />
                <xs:element name="NomeProdotto" type="xs:string" minOccurs="0" />
                <xs:element name="PrimoPrezzo" type="xs:decimal" minOccurs="0" />
                <xs:element name="UltimoPrezzo" type="xs:decimal" minOccurs="0" />
                <xs:element name="PrezzoMassimo" type="xs:decimal" minOccurs="0" />
                <xs:element name="PrezzoMinimo" type="xs:decimal" minOccurs="0" />
                <xs:element name="PrezzoMedio" type="xs:decimal" minOccurs="0" />
                <xs:element name="PrezzoControllo" type="xs:decimal" minOccurs="0" />
                <xs:element name="Volumi" type="xs:decimal" minOccurs="0" />
                <xs:element name="PosizioniAperte" type="xs:decimal" minOccurs="0" />
                <xs:element name="Abbinamenti" type="xs:int" minOccurs="0" />
              </xs:sequence>
            </xs:complexType>
          </xs:element>
        </xs:choice>
      </xs:complexType>
    </xs:element>
  </xs:schema>
  <negoziazione_continua>
    <DataSessione>20170823</DataSessione>
    <NomeProdotto>MGP-2017-08-24</NomeProdotto>
    <PrimoPrezzo>18.5000</PrimoPrezzo>
    <UltimoPrezzo>18.6000</UltimoPrezzo>
    <PrezzoMassimo>18.6000</PrezzoMassimo>
    <PrezzoMinimo>18.5000</PrezzoMinimo>
    <PrezzoMedio>18.552272</PrezzoMedio>
    <PrezzoControllo>18.6030</PrezzoControllo>
    <Volumi>2640.00000</Volumi>
    <PosizioniAperte>2400.000000</PosizioniAperte>
    <Abbinamenti>4</Abbinamenti>
  </negoziazione_continua>
  <negoziazione_continua>
    <DataSessione>20170823</DataSessione>
    <NomeProdotto>MGP-2017-08-25</NomeProdotto>
    <PrimoPrezzo>18.5500</PrimoPrezzo>
    <UltimoPrezzo>18.5500</UltimoPrezzo>
    <PrezzoMassimo>18.5500</PrezzoMassimo>
    <PrezzoMinimo>18.5500</PrezzoMinimo>
    <PrezzoMedio>18.550000</PrezzoMedio>
    <PrezzoControllo>18.5970</PrezzoControllo>
    <Volumi>720.00000</Volumi>
    <PosizioniAperte>720.000000</PosizioniAperte>
    <Abbinamenti>1</Abbinamenti>
  </negoziazione_continua>
  <negoziazione_continua>
    <DataSessione>20170823</DataSessione>
    <NomeProdotto>MGP-2017-08-26</NomeProdotto>
    <PrimoPrezzo>18.4000</PrimoPrezzo>
    <UltimoPrezzo>18.4000</UltimoPrezzo>
    <PrezzoMassimo>18.4000</PrezzoMassimo>
    <PrezzoMinimo>18.4000</PrezzoMinimo>
    <PrezzoMedio>18.400000</PrezzoMedio>
    <PrezzoControllo>18.4920</PrezzoControllo>
    <Volumi>720.00000</Volumi>
    <PosizioniAperte>720.000000</PosizioniAperte>
    <Abbinamenti>1</Abbinamenti>
  </negoziazione_continua>
</NewDataSet>