<?xml version="1.0" standalone="yes"?>
<NewDataSet>
  <xs:schema id="NewDataSet" xmlns="" xmlns:xs="http://www.w3.org/2001/XMLSchema" xmlns:msdata="urn:schemas-microsoft-com:xml-msdata">
    <xs:element name="NewDataSet" msdata:IsDataSet="true" msdata:UseCurrentLocale="true">
      <xs:complexType>
        <xs:choice minOccurs="0" maxOccurs="unbounded">
          <xs:element name="negoziazione_continua">
            <xs:complexType>
              <xs:sequence>
                <xs:element name="DataSessione" type="xs:string" minOccurs="0" />
                <xs:element name="NomeProdotto" type="xs:string" minOccurs="0" />
                <xs:element name="PrimoPrezzo" type="xs:decimal" minOccurs="0" />
                <xs:element name="UltimoPrezzo" type="xs:decimal" minOccurs="0" />
                <xs:element name="PrezzoMassimo" type="xs:decimal" minOccurs="0" />
                <xs:element name="PrezzoMinimo" type="xs:decimal" minOccurs="0" />
                <xs:element name="PrezzoMedio" type="xs:decimal" minOccurs="0" />
                <xs:element name="PrezzoControllo" type="xs:decimal" minOccurs="0" />
                <xs:element name="Volumi" type="xs:decimal" minOccurs="0" />
                <xs:element name="PosizioniAperte" type="xs:decimal" minOccurs="0" />
                <xs:element name="Abbinamenti" type="xs:int" minOccurs="0" />
              </xs:sequence>
            </xs:complexType>
          </xs:element>
        </xs:choice>
      </xs:complexType>
    </xs:element>
  </xs:schema>
  <negoziazione_continua>
    <DataSessione>20170801</DataSessione>
    <NomeProdotto>MGP-2017-08-02</NomeProdotto>
    <PrimoPrezzo>17.4500</PrimoPrezzo>
    <UltimoPrezzo>17.6000</UltimoPrezzo>
    <PrezzoMassimo>17.6000</PrezzoMassimo>
    <PrezzoMinimo>17.4500</PrezzoMinimo>
    <PrezzoMedio>17.526269</PrezzoMedio>
    <PrezzoControllo>17.5650</PrezzoControllo>
    <Volumi>18931.71000</Volumi>
    <PosizioniAperte>18931.710000</PosizioniAperte>
    <Abbinamenti>14</Abbinamenti>
  </negoziazione_continua>
  <negoziazione_continua>
    <DataSessione>20170801</DataSessione>
    <NomeProdotto>MGP-2017-08-03</NomeProdotto>
    <PrimoPrezzo>17.5000</PrimoPrezzo>
    <UltimoPrezzo>17.5000</UltimoPrezzo>
    <PrezzoMassimo>17.5000</PrezzoMassimo>
    <PrezzoMinimo>17.5000</PrezzoMinimo>
    <PrezzoMedio>17.500000</PrezzoMedio>
    <PrezzoControllo>17.5410</PrezzoControllo>
    <Volumi>2880.00000</Volumi>
    <PosizioniAperte>2880.000000</PosizioniAperte>
    <Abbinamenti>2</Abbinamenti>
  </negoziazione_continua>
  <negoziazione_continua>
    <DataSessione>20170801</DataSessione>
    <NomeProdotto>MGP-2017-08-04</NomeProdotto>
    <PrezzoControllo>17.6370</PrezzoControllo>
    <PosizioniAperte>0.000000</PosizioniAperte>
    <Abbinamenti>0</Abbinamenti>
  </negoziazione_continua>
</NewDataSet>