<?xml version="1.0" standalone="yes"?>
<NewDataSet>
  <xs:schema id="NewDataSet" xmlns="" xmlns:xs="http://www.w3.org/2001/XMLSchema" xmlns:msdata="urn:schemas-microsoft-com:xml-msdata">
    <xs:element name="NewDataSet" msdata:IsDataSet="true" msdata:MainDataTable="marketintervaldetail" msdata:UseCurrentLocale="true">
      <xs:complexType>
        <xs:choice minOccurs="0" maxOccurs="unbounded">
          <xs:element name="marketintervaldetail">
            <xs:complexType>
              <xs:sequence>
                <xs:element name="Data" type="xs:string" minOccurs="0" />
                <xs:element name="Mercato" type="xs:string" minOccurs="0" />
                <xs:element name="Ora" type="xs:string" minOccurs="0" />
                <xs:element name="Totale" type="xs:string" minOccurs="0" />
                <xs:element name="CNOR" type="xs:string" minOccurs="0" />
                <xs:element name="CSUD" type="xs:string" minOccurs="0" />
                <xs:element name="NORD" type="xs:string" minOccurs="0" />
                <xs:element name="SARD" type="xs:string" minOccurs="0" />
                <xs:element name="SICI" type="xs:string" minOccurs="0" />
                <xs:element name="SUD" type="xs:string" minOccurs="0" />
              </xs:sequence>
            </xs:complexType>
          </xs:element>
        </xs:choice>
      </xs:complexType>
    </xs:element>
  </xs:schema>
  <marketintervaldetail>
    <Data>20150403</Data>
    <Mercato>MGP</Mercato>
    <Ora>01</Ora>
    <Totale>27226</Totale>
    <CNOR>2981</CNOR>
    <CSUD>4406</CSUD>
    <NORD>15105</NORD>
    <SARD>849</SARD>
    <SICI>1684</SICI>
    <SUD>2201</SUD>
  </marketintervaldetail>
  <marketintervaldetail>
    <Data>20150403</Data>
    <Mercato>MGP</Mercato>
    <Ora>02</Ora>
    <Totale>25211</Totale>
    <CNOR>2681</CNOR>
    <CSUD>3981</CSUD>
    <NORD>14161</NORD>
    <SARD>797</SARD>
    <SICI>1518</SICI>
    <SUD>2073</SUD>
  </marketintervaldetail>
  <marketintervaldetail>
    <Data>20150403</Data>
    <Mercato>MGP</Mercato>
    <Ora>03</Ora>
    <Totale>24139</Totale>
    <CNOR>2667</CNOR>
    <CSUD>3416</CSUD>
    <NORD>13545</NORD>
    <SARD>767</SARD>
    <SICI>1408</SICI>
    <SUD>2336</SUD>
  </marketintervaldetail>
  <marketintervaldetail>
    <Data>20150403</Data>
    <Mercato>MGP</Mercato>
    <Ora>04</Ora>
    <Totale>23773</Totale>
    <CNOR>2634</CNOR>
    <CSUD>3236</CSUD>
    <NORD>13376</NORD>
    <SARD>760</SARD>
    <SICI>1384</SICI>
    <SUD>2383</SUD>
  </marketintervaldetail>
  <marketintervaldetail>
    <Data>20150403</Data>
    <Mercato>MGP</Mercato>
    <Ora>05</Ora>
    <Totale>23988</Totale>
    <CNOR>2604</CNOR>
    <CSUD>3256</CSUD>
    <NORD>13456</NORD>
    <SARD>777</SARD>
    <SICI>1386</SICI>
    <SUD>2509</SUD>
  </marketintervaldetail>
  <marketintervaldetail>
    <Data>20150403</Data>
    <Mercato>MGP</Mercato>
    <Ora>06</Ora>
    <Totale>25399</Totale>
    <CNOR>2707</CNOR>
    <CSUD>3444</CSUD>
    <NORD>14303</NORD>
    <SARD>807</SARD>
    <SICI>1433</SICI>
    <SUD>2705</SUD>
  </marketintervaldetail>
  <marketintervaldetail>
    <Data>20150403</Data>
    <Mercato>MGP</Mercato>
    <Ora>07</Ora>
    <Totale>28883</Totale>
    <CNOR>3055</CNOR>
    <CSUD>3888</CSUD>
    <NORD>16699</NORD>
    <SARD>888</SARD>
    <SICI>1557</SICI>
    <SUD>2796</SUD>
  </marketintervaldetail>
  <marketintervaldetail>
    <Data>20150403</Data>
    <Mercato>MGP</Mercato>
    <Ora>08</Ora>
    <Totale>32477</Totale>
    <CNOR>3564</CNOR>
    <CSUD>4426</CSUD>
    <NORD>18885</NORD>
    <SARD>986</SARD>
    <SICI>1758</SICI>
    <SUD>2858</SUD>
  </marketintervaldetail>
  <marketintervaldetail>
    <Data>20150403</Data>
    <Mercato>MGP</Mercato>
    <Ora>09</Ora>
    <Totale>36971</Totale>
    <CNOR>4057</CNOR>
    <CSUD>5157</CSUD>
    <NORD>21333</NORD>
    <SARD>1081</SARD>
    <SICI>2046</SICI>
    <SUD>3297</SUD>
  </marketintervaldetail>
  <marketintervaldetail>
    <Data>20150403</Data>
    <Mercato>MGP</Mercato>
    <Ora>10</Ora>
    <Totale>38138</Totale>
    <CNOR>4034</CNOR>
    <CSUD>5515</CSUD>
    <NORD>22109</NORD>
    <SARD>1150</SARD>
    <SICI>2146</SICI>
    <SUD>3184</SUD>
  </marketintervaldetail>
  <marketintervaldetail>
    <Data>20150403</Data>
    <Mercato>MGP</Mercato>
    <Ora>11</Ora>
    <Totale>38106</Totale>
    <CNOR>3958</CNOR>
    <CSUD>5647</CSUD>
    <NORD>22147</NORD>
    <SARD>1169</SARD>
    <SICI>2096</SICI>
    <SUD>3089</SUD>
  </marketintervaldetail>
  <marketintervaldetail>
    <Data>20150403</Data>
    <Mercato>MGP</Mercato>
    <Ora>12</Ora>
    <Totale>37694</Totale>
    <CNOR>3902</CNOR>
    <CSUD>5702</CSUD>
    <NORD>21962</NORD>
    <SARD>1195</SARD>
    <SICI>1985</SICI>
    <SUD>2948</SUD>
  </marketintervaldetail>
  <marketintervaldetail>
    <Data>20150403</Data>
    <Mercato>MGP</Mercato>
    <Ora>13</Ora>
    <Totale>35622</Totale>
    <CNOR>3658</CNOR>
    <CSUD>5497</CSUD>
    <NORD>20293</NORD>
    <SARD>1138</SARD>
    <SICI>1946</SICI>
    <SUD>3090</SUD>
  </marketintervaldetail>
  <marketintervaldetail>
    <Data>20150403</Data>
    <Mercato>MGP</Mercato>
    <Ora>14</Ora>
    <Totale>35075</Totale>
    <CNOR>3522</CNOR>
    <CSUD>5336</CSUD>
    <NORD>20086</NORD>
    <SARD>1102</SARD>
    <SICI>1896</SICI>
    <SUD>3133</SUD>
  </marketintervaldetail>
  <marketintervaldetail>
    <Data>20150403</Data>
    <Mercato>MGP</Mercato>
    <Ora>15</Ora>
    <Totale>35407</Totale>
    <CNOR>3585</CNOR>
    <CSUD>5256</CSUD>
    <NORD>20426</NORD>
    <SARD>1056</SARD>
    <SICI>1895</SICI>
    <SUD>3189</SUD>
  </marketintervaldetail>
  <marketintervaldetail>
    <Data>20150403</Data>
    <Mercato>MGP</Mercato>
    <Ora>16</Ora>
    <Totale>35220</Totale>
    <CNOR>3680</CNOR>
    <CSUD>5089</CSUD>
    <NORD>20286</NORD>
    <SARD>1017</SARD>
    <SICI>1949</SICI>
    <SUD>3199</SUD>
  </marketintervaldetail>
  <marketintervaldetail>
    <Data>20150403</Data>
    <Mercato>MGP</Mercato>
    <Ora>17</Ora>
    <Totale>34844</Totale>
    <CNOR>3601</CNOR>
    <CSUD>5234</CSUD>
    <NORD>19908</NORD>
    <SARD>992</SARD>
    <SICI>1934</SICI>
    <SUD>3175</SUD>
  </marketintervaldetail>
  <marketintervaldetail>
    <Data>20150403</Data>
    <Mercato>MGP</Mercato>
    <Ora>18</Ora>
    <Totale>34164</Totale>
    <CNOR>3611</CNOR>
    <CSUD>5088</CSUD>
    <NORD>19177</NORD>
    <SARD>1005</SARD>
    <SICI>1942</SICI>
    <SUD>3341</SUD>
  </marketintervaldetail>
  <marketintervaldetail>
    <Data>20150403</Data>
    <Mercato>MGP</Mercato>
    <Ora>19</Ora>
    <Totale>33765</Totale>
    <CNOR>3594</CNOR>
    <CSUD>5044</CSUD>
    <NORD>18849</NORD>
    <SARD>1044</SARD>
    <SICI>1975</SICI>
    <SUD>3259</SUD>
  </marketintervaldetail>
  <marketintervaldetail>
    <Data>20150403</Data>
    <Mercato>MGP</Mercato>
    <Ora>20</Ora>
    <Totale>35654</Totale>
    <CNOR>3940</CNOR>
    <CSUD>5560</CSUD>
    <NORD>19248</NORD>
    <SARD>1087</SARD>
    <SICI>2202</SICI>
    <SUD>3617</SUD>
  </marketintervaldetail>
  <marketintervaldetail>
    <Data>20150403</Data>
    <Mercato>MGP</Mercato>
    <Ora>21</Ora>
    <Totale>36720</Totale>
    <CNOR>4053</CNOR>
    <CSUD>5757</CSUD>
    <NORD>19667</NORD>
    <SARD>1170</SARD>
    <SICI>2325</SICI>
    <SUD>3748</SUD>
  </marketintervaldetail>
  <marketintervaldetail>
    <Data>20150403</Data>
    <Mercato>MGP</Mercato>
    <Ora>22</Ora>
    <Totale>34052</Totale>
    <CNOR>3687</CNOR>
    <CSUD>5335</CSUD>
    <NORD>18210</NORD>
    <SARD>1113</SARD>
    <SICI>2201</SICI>
    <SUD>3506</SUD>
  </marketintervaldetail>
  <marketintervaldetail>
    <Data>20150403</Data>
    <Mercato>MGP</Mercato>
    <Ora>23</Ora>
    <Totale>31234</Totale>
    <CNOR>3407</CNOR>
    <CSUD>4921</CSUD>
    <NORD>16485</NORD>
    <SARD>1050</SARD>
    <SICI>2018</SICI>
    <SUD>3353</SUD>
  </marketintervaldetail>
  <marketintervaldetail>
    <Data>20150403</Data>
    <Mercato>MGP</Mercato>
    <Ora>24</Ora>
    <Totale>28322</Totale>
    <CNOR>3087</CNOR>
    <CSUD>4277</CSUD>
    <NORD>15074</NORD>
    <SARD>956</SARD>
    <SICI>1848</SICI>
    <SUD>3080</SUD>
  </marketintervaldetail>
</NewDataSet>