<?xml version="1.0" standalone="yes"?>
<NewDataSet>
  <xs:schema id="NewDataSet" xmlns="" xmlns:xs="http://www.w3.org/2001/XMLSchema" xmlns:msdata="urn:schemas-microsoft-com:xml-msdata">
    <xs:element name="NewDataSet" msdata:IsDataSet="true" msdata:MainDataTable="marketintervaldetail" msdata:UseCurrentLocale="true">
      <xs:complexType>
        <xs:choice minOccurs="0" maxOccurs="unbounded">
          <xs:element name="marketintervaldetail">
            <xs:complexType>
              <xs:sequence>
                <xs:element name="Data" type="xs:string" minOccurs="0" />
                <xs:element name="Mercato" type="xs:string" minOccurs="0" />
                <xs:element name="Ora" type="xs:string" minOccurs="0" />
                <xs:element name="Totale" type="xs:string" minOccurs="0" />
                <xs:element name="CNOR" type="xs:string" minOccurs="0" />
                <xs:element name="CSUD" type="xs:string" minOccurs="0" />
                <xs:element name="NORD" type="xs:string" minOccurs="0" />
                <xs:element name="SARD" type="xs:string" minOccurs="0" />
                <xs:element name="SICI" type="xs:string" minOccurs="0" />
                <xs:element name="SUD" type="xs:string" minOccurs="0" />
              </xs:sequence>
            </xs:complexType>
          </xs:element>
        </xs:choice>
      </xs:complexType>
    </xs:element>
  </xs:schema>
  <marketintervaldetail>
    <Data>20150414</Data>
    <Mercato>MGP</Mercato>
    <Ora>01</Ora>
    <Totale>26242</Totale>
    <CNOR>2917</CNOR>
    <CSUD>4283</CSUD>
    <NORD>14114</NORD>
    <SARD>797</SARD>
    <SICI>1658</SICI>
    <SUD>2473</SUD>
  </marketintervaldetail>
  <marketintervaldetail>
    <Data>20150414</Data>
    <Mercato>MGP</Mercato>
    <Ora>02</Ora>
    <Totale>24222</Totale>
    <CNOR>2746</CNOR>
    <CSUD>3844</CSUD>
    <NORD>13226</NORD>
    <SARD>735</SARD>
    <SICI>1496</SICI>
    <SUD>2175</SUD>
  </marketintervaldetail>
  <marketintervaldetail>
    <Data>20150414</Data>
    <Mercato>MGP</Mercato>
    <Ora>03</Ora>
    <Totale>23353</Totale>
    <CNOR>2616</CNOR>
    <CSUD>3615</CSUD>
    <NORD>12868</NORD>
    <SARD>714</SARD>
    <SICI>1405</SICI>
    <SUD>2135</SUD>
  </marketintervaldetail>
  <marketintervaldetail>
    <Data>20150414</Data>
    <Mercato>MGP</Mercato>
    <Ora>04</Ora>
    <Totale>23012</Totale>
    <CNOR>2574</CNOR>
    <CSUD>3535</CSUD>
    <NORD>12733</NORD>
    <SARD>700</SARD>
    <SICI>1377</SICI>
    <SUD>2093</SUD>
  </marketintervaldetail>
  <marketintervaldetail>
    <Data>20150414</Data>
    <Mercato>MGP</Mercato>
    <Ora>05</Ora>
    <Totale>23489</Totale>
    <CNOR>2590</CNOR>
    <CSUD>3598</CSUD>
    <NORD>13097</NORD>
    <SARD>703</SARD>
    <SICI>1384</SICI>
    <SUD>2117</SUD>
  </marketintervaldetail>
  <marketintervaldetail>
    <Data>20150414</Data>
    <Mercato>MGP</Mercato>
    <Ora>06</Ora>
    <Totale>25606</Totale>
    <CNOR>2758</CNOR>
    <CSUD>3860</CSUD>
    <NORD>14606</NORD>
    <SARD>745</SARD>
    <SICI>1472</SICI>
    <SUD>2165</SUD>
  </marketintervaldetail>
  <marketintervaldetail>
    <Data>20150414</Data>
    <Mercato>MGP</Mercato>
    <Ora>07</Ora>
    <Totale>29406</Totale>
    <CNOR>3142</CNOR>
    <CSUD>4145</CSUD>
    <NORD>17317</NORD>
    <SARD>825</SARD>
    <SICI>1620</SICI>
    <SUD>2357</SUD>
  </marketintervaldetail>
  <marketintervaldetail>
    <Data>20150414</Data>
    <Mercato>MGP</Mercato>
    <Ora>08</Ora>
    <Totale>34630</Totale>
    <CNOR>3730</CNOR>
    <CSUD>4860</CSUD>
    <NORD>20482</NORD>
    <SARD>949</SARD>
    <SICI>1941</SICI>
    <SUD>2668</SUD>
  </marketintervaldetail>
  <marketintervaldetail>
    <Data>20150414</Data>
    <Mercato>MGP</Mercato>
    <Ora>09</Ora>
    <Totale>38612</Totale>
    <CNOR>4151</CNOR>
    <CSUD>5384</CSUD>
    <NORD>23035</NORD>
    <SARD>1042</SARD>
    <SICI>2187</SICI>
    <SUD>2813</SUD>
  </marketintervaldetail>
  <marketintervaldetail>
    <Data>20150414</Data>
    <Mercato>MGP</Mercato>
    <Ora>10</Ora>
    <Totale>39357</Totale>
    <CNOR>4254</CNOR>
    <CSUD>5558</CSUD>
    <NORD>23344</NORD>
    <SARD>1071</SARD>
    <SICI>2319</SICI>
    <SUD>2811</SUD>
  </marketintervaldetail>
  <marketintervaldetail>
    <Data>20150414</Data>
    <Mercato>MGP</Mercato>
    <Ora>11</Ora>
    <Totale>39355</Totale>
    <CNOR>4101</CNOR>
    <CSUD>5877</CSUD>
    <NORD>23327</NORD>
    <SARD>1048</SARD>
    <SICI>2249</SICI>
    <SUD>2753</SUD>
  </marketintervaldetail>
  <marketintervaldetail>
    <Data>20150414</Data>
    <Mercato>MGP</Mercato>
    <Ora>12</Ora>
    <Totale>38912</Totale>
    <CNOR>4030</CNOR>
    <CSUD>6002</CSUD>
    <NORD>23008</NORD>
    <SARD>1037</SARD>
    <SICI>2172</SICI>
    <SUD>2663</SUD>
  </marketintervaldetail>
  <marketintervaldetail>
    <Data>20150414</Data>
    <Mercato>MGP</Mercato>
    <Ora>13</Ora>
    <Totale>35818</Totale>
    <CNOR>3564</CNOR>
    <CSUD>5932</CSUD>
    <NORD>20691</NORD>
    <SARD>1016</SARD>
    <SICI>2176</SICI>
    <SUD>2439</SUD>
  </marketintervaldetail>
  <marketintervaldetail>
    <Data>20150414</Data>
    <Mercato>MGP</Mercato>
    <Ora>14</Ora>
    <Totale>35717</Totale>
    <CNOR>3388</CNOR>
    <CSUD>5767</CSUD>
    <NORD>21141</NORD>
    <SARD>979</SARD>
    <SICI>2094</SICI>
    <SUD>2348</SUD>
  </marketintervaldetail>
  <marketintervaldetail>
    <Data>20150414</Data>
    <Mercato>MGP</Mercato>
    <Ora>15</Ora>
    <Totale>36957</Totale>
    <CNOR>3697</CNOR>
    <CSUD>5672</CSUD>
    <NORD>22117</NORD>
    <SARD>967</SARD>
    <SICI>2105</SICI>
    <SUD>2399</SUD>
  </marketintervaldetail>
  <marketintervaldetail>
    <Data>20150414</Data>
    <Mercato>MGP</Mercato>
    <Ora>16</Ora>
    <Totale>36930</Totale>
    <CNOR>3689</CNOR>
    <CSUD>5590</CSUD>
    <NORD>22065</NORD>
    <SARD>943</SARD>
    <SICI>2097</SICI>
    <SUD>2546</SUD>
  </marketintervaldetail>
  <marketintervaldetail>
    <Data>20150414</Data>
    <Mercato>MGP</Mercato>
    <Ora>17</Ora>
    <Totale>36827</Totale>
    <CNOR>3784</CNOR>
    <CSUD>5722</CSUD>
    <NORD>21694</NORD>
    <SARD>926</SARD>
    <SICI>2143</SICI>
    <SUD>2558</SUD>
  </marketintervaldetail>
  <marketintervaldetail>
    <Data>20150414</Data>
    <Mercato>MGP</Mercato>
    <Ora>18</Ora>
    <Totale>35774</Totale>
    <CNOR>3747</CNOR>
    <CSUD>5522</CSUD>
    <NORD>20705</NORD>
    <SARD>968</SARD>
    <SICI>2208</SICI>
    <SUD>2624</SUD>
  </marketintervaldetail>
  <marketintervaldetail>
    <Data>20150414</Data>
    <Mercato>MGP</Mercato>
    <Ora>19</Ora>
    <Totale>34982</Totale>
    <CNOR>3717</CNOR>
    <CSUD>5453</CSUD>
    <NORD>19748</NORD>
    <SARD>981</SARD>
    <SICI>2285</SICI>
    <SUD>2798</SUD>
  </marketintervaldetail>
  <marketintervaldetail>
    <Data>20150414</Data>
    <Mercato>MGP</Mercato>
    <Ora>20</Ora>
    <Totale>36461</Totale>
    <CNOR>3887</CNOR>
    <CSUD>5999</CSUD>
    <NORD>19927</NORD>
    <SARD>1030</SARD>
    <SICI>2535</SICI>
    <SUD>3083</SUD>
  </marketintervaldetail>
  <marketintervaldetail>
    <Data>20150414</Data>
    <Mercato>MGP</Mercato>
    <Ora>21</Ora>
    <Totale>39194</Totale>
    <CNOR>4079</CNOR>
    <CSUD>6560</CSUD>
    <NORD>21214</NORD>
    <SARD>1155</SARD>
    <SICI>2782</SICI>
    <SUD>3404</SUD>
  </marketintervaldetail>
  <marketintervaldetail>
    <Data>20150414</Data>
    <Mercato>MGP</Mercato>
    <Ora>22</Ora>
    <Totale>37041</Totale>
    <CNOR>3855</CNOR>
    <CSUD>6146</CSUD>
    <NORD>20143</NORD>
    <SARD>1103</SARD>
    <SICI>2622</SICI>
    <SUD>3172</SUD>
  </marketintervaldetail>
  <marketintervaldetail>
    <Data>20150414</Data>
    <Mercato>MGP</Mercato>
    <Ora>23</Ora>
    <Totale>33063</Totale>
    <CNOR>3448</CNOR>
    <CSUD>5596</CSUD>
    <NORD>17946</NORD>
    <SARD>1005</SARD>
    <SICI>2351</SICI>
    <SUD>2717</SUD>
  </marketintervaldetail>
  <marketintervaldetail>
    <Data>20150414</Data>
    <Mercato>MGP</Mercato>
    <Ora>24</Ora>
    <Totale>29547</Totale>
    <CNOR>3112</CNOR>
    <CSUD>4892</CSUD>
    <NORD>16175</NORD>
    <SARD>909</SARD>
    <SICI>2078</SICI>
    <SUD>2381</SUD>
  </marketintervaldetail>
</NewDataSet>