<?xml version="1.0" standalone="yes"?>
<NewDataSet>
  <xs:schema id="NewDataSet" xmlns="" xmlns:xs="http://www.w3.org/2001/XMLSchema" xmlns:msdata="urn:schemas-microsoft-com:xml-msdata">
    <xs:element name="NewDataSet" msdata:IsDataSet="true" msdata:MainDataTable="marketintervaldetail" msdata:UseCurrentLocale="true">
      <xs:complexType>
        <xs:choice minOccurs="0" maxOccurs="unbounded">
          <xs:element name="marketintervaldetail">
            <xs:complexType>
              <xs:sequence>
                <xs:element name="Data" type="xs:string" minOccurs="0" />
                <xs:element name="Mercato" type="xs:string" minOccurs="0" />
                <xs:element name="Ora" type="xs:string" minOccurs="0" />
                <xs:element name="Totale" type="xs:string" minOccurs="0" />
                <xs:element name="CNOR" type="xs:string" minOccurs="0" />
                <xs:element name="CSUD" type="xs:string" minOccurs="0" />
                <xs:element name="NORD" type="xs:string" minOccurs="0" />
                <xs:element name="SARD" type="xs:string" minOccurs="0" />
                <xs:element name="SICI" type="xs:string" minOccurs="0" />
                <xs:element name="SUD" type="xs:string" minOccurs="0" />
              </xs:sequence>
            </xs:complexType>
          </xs:element>
        </xs:choice>
      </xs:complexType>
    </xs:element>
  </xs:schema>
  <marketintervaldetail>
    <Data>20150415</Data>
    <Mercato>MGP</Mercato>
    <Ora>01</Ora>
    <Totale>24616</Totale>
    <CNOR>2755</CNOR>
    <CSUD>3991</CSUD>
    <NORD>13297</NORD>
    <SARD>815</SARD>
    <SICI>1506</SICI>
    <SUD>2252</SUD>
  </marketintervaldetail>
  <marketintervaldetail>
    <Data>20150415</Data>
    <Mercato>MGP</Mercato>
    <Ora>02</Ora>
    <Totale>22850</Totale>
    <CNOR>2570</CNOR>
    <CSUD>3591</CSUD>
    <NORD>12456</NORD>
    <SARD>773</SARD>
    <SICI>1333</SICI>
    <SUD>2127</SUD>
  </marketintervaldetail>
  <marketintervaldetail>
    <Data>20150415</Data>
    <Mercato>MGP</Mercato>
    <Ora>03</Ora>
    <Totale>21903</Totale>
    <CNOR>2499</CNOR>
    <CSUD>3388</CSUD>
    <NORD>12040</NORD>
    <SARD>753</SARD>
    <SICI>1226</SICI>
    <SUD>1997</SUD>
  </marketintervaldetail>
  <marketintervaldetail>
    <Data>20150415</Data>
    <Mercato>MGP</Mercato>
    <Ora>04</Ora>
    <Totale>21657</Totale>
    <CNOR>2463</CNOR>
    <CSUD>3364</CSUD>
    <NORD>11958</NORD>
    <SARD>749</SARD>
    <SICI>1174</SICI>
    <SUD>1949</SUD>
  </marketintervaldetail>
  <marketintervaldetail>
    <Data>20150415</Data>
    <Mercato>MGP</Mercato>
    <Ora>05</Ora>
    <Totale>21959</Totale>
    <CNOR>2492</CNOR>
    <CSUD>3426</CSUD>
    <NORD>12173</NORD>
    <SARD>752</SARD>
    <SICI>1158</SICI>
    <SUD>1958</SUD>
  </marketintervaldetail>
  <marketintervaldetail>
    <Data>20150415</Data>
    <Mercato>MGP</Mercato>
    <Ora>06</Ora>
    <Totale>23768</Totale>
    <CNOR>2618</CNOR>
    <CSUD>3667</CSUD>
    <NORD>13452</NORD>
    <SARD>784</SARD>
    <SICI>1218</SICI>
    <SUD>2029</SUD>
  </marketintervaldetail>
  <marketintervaldetail>
    <Data>20150415</Data>
    <Mercato>MGP</Mercato>
    <Ora>07</Ora>
    <Totale>27753</Totale>
    <CNOR>3025</CNOR>
    <CSUD>4198</CSUD>
    <NORD>16133</NORD>
    <SARD>868</SARD>
    <SICI>1382</SICI>
    <SUD>2147</SUD>
  </marketintervaldetail>
  <marketintervaldetail>
    <Data>20150415</Data>
    <Mercato>MGP</Mercato>
    <Ora>08</Ora>
    <Totale>32606</Totale>
    <CNOR>3565</CNOR>
    <CSUD>5033</CSUD>
    <NORD>18829</NORD>
    <SARD>989</SARD>
    <SICI>1717</SICI>
    <SUD>2473</SUD>
  </marketintervaldetail>
  <marketintervaldetail>
    <Data>20150415</Data>
    <Mercato>MGP</Mercato>
    <Ora>09</Ora>
    <Totale>36943</Totale>
    <CNOR>3946</CNOR>
    <CSUD>5781</CSUD>
    <NORD>21402</NORD>
    <SARD>1019</SARD>
    <SICI>2098</SICI>
    <SUD>2697</SUD>
  </marketintervaldetail>
  <marketintervaldetail>
    <Data>20150415</Data>
    <Mercato>MGP</Mercato>
    <Ora>10</Ora>
    <Totale>38104</Totale>
    <CNOR>4028</CNOR>
    <CSUD>6220</CSUD>
    <NORD>22007</NORD>
    <SARD>1020</SARD>
    <SICI>2077</SICI>
    <SUD>2752</SUD>
  </marketintervaldetail>
  <marketintervaldetail>
    <Data>20150415</Data>
    <Mercato>MGP</Mercato>
    <Ora>11</Ora>
    <Totale>38049</Totale>
    <CNOR>4013</CNOR>
    <CSUD>6286</CSUD>
    <NORD>22030</NORD>
    <SARD>994</SARD>
    <SICI>2086</SICI>
    <SUD>2640</SUD>
  </marketintervaldetail>
  <marketintervaldetail>
    <Data>20150415</Data>
    <Mercato>MGP</Mercato>
    <Ora>12</Ora>
    <Totale>37752</Totale>
    <CNOR>4013</CNOR>
    <CSUD>6216</CSUD>
    <NORD>21836</NORD>
    <SARD>980</SARD>
    <SICI>1970</SICI>
    <SUD>2737</SUD>
  </marketintervaldetail>
  <marketintervaldetail>
    <Data>20150415</Data>
    <Mercato>MGP</Mercato>
    <Ora>13</Ora>
    <Totale>35274</Totale>
    <CNOR>3688</CNOR>
    <CSUD>6005</CSUD>
    <NORD>19810</NORD>
    <SARD>976</SARD>
    <SICI>1966</SICI>
    <SUD>2829</SUD>
  </marketintervaldetail>
  <marketintervaldetail>
    <Data>20150415</Data>
    <Mercato>MGP</Mercato>
    <Ora>14</Ora>
    <Totale>35056</Totale>
    <CNOR>3637</CNOR>
    <CSUD>5840</CSUD>
    <NORD>19900</NORD>
    <SARD>960</SARD>
    <SICI>1862</SICI>
    <SUD>2857</SUD>
  </marketintervaldetail>
  <marketintervaldetail>
    <Data>20150415</Data>
    <Mercato>MGP</Mercato>
    <Ora>15</Ora>
    <Totale>35470</Totale>
    <CNOR>3789</CNOR>
    <CSUD>5882</CSUD>
    <NORD>20199</NORD>
    <SARD>980</SARD>
    <SICI>1911</SICI>
    <SUD>2709</SUD>
  </marketintervaldetail>
  <marketintervaldetail>
    <Data>20150415</Data>
    <Mercato>MGP</Mercato>
    <Ora>16</Ora>
    <Totale>35428</Totale>
    <CNOR>3720</CNOR>
    <CSUD>5807</CSUD>
    <NORD>20408</NORD>
    <SARD>1008</SARD>
    <SICI>1940</SICI>
    <SUD>2545</SUD>
  </marketintervaldetail>
  <marketintervaldetail>
    <Data>20150415</Data>
    <Mercato>MGP</Mercato>
    <Ora>17</Ora>
    <Totale>35279</Totale>
    <CNOR>3695</CNOR>
    <CSUD>5625</CSUD>
    <NORD>20284</NORD>
    <SARD>952</SARD>
    <SICI>2053</SICI>
    <SUD>2670</SUD>
  </marketintervaldetail>
  <marketintervaldetail>
    <Data>20150415</Data>
    <Mercato>MGP</Mercato>
    <Ora>18</Ora>
    <Totale>34449</Totale>
    <CNOR>3643</CNOR>
    <CSUD>5709</CSUD>
    <NORD>19541</NORD>
    <SARD>946</SARD>
    <SICI>2020</SICI>
    <SUD>2590</SUD>
  </marketintervaldetail>
  <marketintervaldetail>
    <Data>20150415</Data>
    <Mercato>MGP</Mercato>
    <Ora>19</Ora>
    <Totale>33679</Totale>
    <CNOR>3602</CNOR>
    <CSUD>5788</CSUD>
    <NORD>18789</NORD>
    <SARD>940</SARD>
    <SICI>2058</SICI>
    <SUD>2502</SUD>
  </marketintervaldetail>
  <marketintervaldetail>
    <Data>20150415</Data>
    <Mercato>MGP</Mercato>
    <Ora>20</Ora>
    <Totale>35236</Totale>
    <CNOR>3779</CNOR>
    <CSUD>6150</CSUD>
    <NORD>19181</NORD>
    <SARD>987</SARD>
    <SICI>2202</SICI>
    <SUD>2937</SUD>
  </marketintervaldetail>
  <marketintervaldetail>
    <Data>20150415</Data>
    <Mercato>MGP</Mercato>
    <Ora>21</Ora>
    <Totale>38158</Totale>
    <CNOR>3993</CNOR>
    <CSUD>6654</CSUD>
    <NORD>20352</NORD>
    <SARD>1152</SARD>
    <SICI>2452</SICI>
    <SUD>3555</SUD>
  </marketintervaldetail>
  <marketintervaldetail>
    <Data>20150415</Data>
    <Mercato>MGP</Mercato>
    <Ora>22</Ora>
    <Totale>36058</Totale>
    <CNOR>3768</CNOR>
    <CSUD>6322</CSUD>
    <NORD>19151</NORD>
    <SARD>1142</SARD>
    <SICI>2307</SICI>
    <SUD>3368</SUD>
  </marketintervaldetail>
  <marketintervaldetail>
    <Data>20150415</Data>
    <Mercato>MGP</Mercato>
    <Ora>23</Ora>
    <Totale>32390</Totale>
    <CNOR>3442</CNOR>
    <CSUD>5714</CSUD>
    <NORD>17186</NORD>
    <SARD>1062</SARD>
    <SICI>2060</SICI>
    <SUD>2926</SUD>
  </marketintervaldetail>
  <marketintervaldetail>
    <Data>20150415</Data>
    <Mercato>MGP</Mercato>
    <Ora>24</Ora>
    <Totale>29082</Totale>
    <CNOR>3075</CNOR>
    <CSUD>5068</CSUD>
    <NORD>15589</NORD>
    <SARD>962</SARD>
    <SICI>1840</SICI>
    <SUD>2548</SUD>
  </marketintervaldetail>
</NewDataSet>