<?xml version="1.0" standalone="yes"?>
<NewDataSet>
  <xs:schema id="NewDataSet" xmlns="" xmlns:xs="http://www.w3.org/2001/XMLSchema" xmlns:msdata="urn:schemas-microsoft-com:xml-msdata">
    <xs:element name="NewDataSet" msdata:IsDataSet="true" msdata:MainDataTable="marketintervaldetail" msdata:UseCurrentLocale="true">
      <xs:complexType>
        <xs:choice minOccurs="0" maxOccurs="unbounded">
          <xs:element name="marketintervaldetail">
            <xs:complexType>
              <xs:sequence>
                <xs:element name="Data" type="xs:string" minOccurs="0" />
                <xs:element name="Mercato" type="xs:string" minOccurs="0" />
                <xs:element name="Ora" type="xs:string" minOccurs="0" />
                <xs:element name="Totale" type="xs:string" minOccurs="0" />
                <xs:element name="CNOR" type="xs:string" minOccurs="0" />
                <xs:element name="CSUD" type="xs:string" minOccurs="0" />
                <xs:element name="NORD" type="xs:string" minOccurs="0" />
                <xs:element name="SARD" type="xs:string" minOccurs="0" />
                <xs:element name="SICI" type="xs:string" minOccurs="0" />
                <xs:element name="SUD" type="xs:string" minOccurs="0" />
              </xs:sequence>
            </xs:complexType>
          </xs:element>
        </xs:choice>
      </xs:complexType>
    </xs:element>
  </xs:schema>
  <marketintervaldetail>
    <Data>20150423</Data>
    <Mercato>MGP</Mercato>
    <Ora>01</Ora>
    <Totale>26287</Totale>
    <CNOR>2844</CNOR>
    <CSUD>3618</CSUD>
    <NORD>14502</NORD>
    <SARD>789</SARD>
    <SICI>1623</SICI>
    <SUD>2911</SUD>
  </marketintervaldetail>
  <marketintervaldetail>
    <Data>20150423</Data>
    <Mercato>MGP</Mercato>
    <Ora>02</Ora>
    <Totale>24623</Totale>
    <CNOR>2625</CNOR>
    <CSUD>3350</CSUD>
    <NORD>13628</NORD>
    <SARD>755</SARD>
    <SICI>1484</SICI>
    <SUD>2781</SUD>
  </marketintervaldetail>
  <marketintervaldetail>
    <Data>20150423</Data>
    <Mercato>MGP</Mercato>
    <Ora>03</Ora>
    <Totale>23823</Totale>
    <CNOR>2601</CNOR>
    <CSUD>3201</CSUD>
    <NORD>13174</NORD>
    <SARD>729</SARD>
    <SICI>1439</SICI>
    <SUD>2679</SUD>
  </marketintervaldetail>
  <marketintervaldetail>
    <Data>20150423</Data>
    <Mercato>MGP</Mercato>
    <Ora>04</Ora>
    <Totale>23482</Totale>
    <CNOR>2518</CNOR>
    <CSUD>3076</CSUD>
    <NORD>13042</NORD>
    <SARD>729</SARD>
    <SICI>1416</SICI>
    <SUD>2701</SUD>
  </marketintervaldetail>
  <marketintervaldetail>
    <Data>20150423</Data>
    <Mercato>MGP</Mercato>
    <Ora>05</Ora>
    <Totale>23752</Totale>
    <CNOR>2543</CNOR>
    <CSUD>3081</CSUD>
    <NORD>13213</NORD>
    <SARD>744</SARD>
    <SICI>1429</SICI>
    <SUD>2742</SUD>
  </marketintervaldetail>
  <marketintervaldetail>
    <Data>20150423</Data>
    <Mercato>MGP</Mercato>
    <Ora>06</Ora>
    <Totale>25280</Totale>
    <CNOR>2706</CNOR>
    <CSUD>3287</CSUD>
    <NORD>14053</NORD>
    <SARD>763</SARD>
    <SICI>1613</SICI>
    <SUD>2858</SUD>
  </marketintervaldetail>
  <marketintervaldetail>
    <Data>20150423</Data>
    <Mercato>MGP</Mercato>
    <Ora>07</Ora>
    <Totale>28769</Totale>
    <CNOR>3065</CNOR>
    <CSUD>3687</CSUD>
    <NORD>16305</NORD>
    <SARD>831</SARD>
    <SICI>1935</SICI>
    <SUD>2946</SUD>
  </marketintervaldetail>
  <marketintervaldetail>
    <Data>20150423</Data>
    <Mercato>MGP</Mercato>
    <Ora>08</Ora>
    <Totale>33486</Totale>
    <CNOR>3576</CNOR>
    <CSUD>4460</CSUD>
    <NORD>19190</NORD>
    <SARD>941</SARD>
    <SICI>2221</SICI>
    <SUD>3098</SUD>
  </marketintervaldetail>
  <marketintervaldetail>
    <Data>20150423</Data>
    <Mercato>MGP</Mercato>
    <Ora>09</Ora>
    <Totale>37444</Totale>
    <CNOR>4005</CNOR>
    <CSUD>5147</CSUD>
    <NORD>21680</NORD>
    <SARD>1004</SARD>
    <SICI>2412</SICI>
    <SUD>3196</SUD>
  </marketintervaldetail>
  <marketintervaldetail>
    <Data>20150423</Data>
    <Mercato>MGP</Mercato>
    <Ora>10</Ora>
    <Totale>38808</Totale>
    <CNOR>4141</CNOR>
    <CSUD>5519</CSUD>
    <NORD>22397</NORD>
    <SARD>1004</SARD>
    <SICI>2443</SICI>
    <SUD>3304</SUD>
  </marketintervaldetail>
  <marketintervaldetail>
    <Data>20150423</Data>
    <Mercato>MGP</Mercato>
    <Ora>11</Ora>
    <Totale>38543</Totale>
    <CNOR>4127</CNOR>
    <CSUD>5866</CSUD>
    <NORD>22272</NORD>
    <SARD>979</SARD>
    <SICI>2414</SICI>
    <SUD>2885</SUD>
  </marketintervaldetail>
  <marketintervaldetail>
    <Data>20150423</Data>
    <Mercato>MGP</Mercato>
    <Ora>12</Ora>
    <Totale>38538</Totale>
    <CNOR>4100</CNOR>
    <CSUD>5587</CSUD>
    <NORD>22213</NORD>
    <SARD>965</SARD>
    <SICI>2445</SICI>
    <SUD>3228</SUD>
  </marketintervaldetail>
  <marketintervaldetail>
    <Data>20150423</Data>
    <Mercato>MGP</Mercato>
    <Ora>13</Ora>
    <Totale>36278</Totale>
    <CNOR>3769</CNOR>
    <CSUD>5645</CSUD>
    <NORD>20290</NORD>
    <SARD>958</SARD>
    <SICI>2339</SICI>
    <SUD>3277</SUD>
  </marketintervaldetail>
  <marketintervaldetail>
    <Data>20150423</Data>
    <Mercato>MGP</Mercato>
    <Ora>14</Ora>
    <Totale>35988</Totale>
    <CNOR>3670</CNOR>
    <CSUD>5698</CSUD>
    <NORD>20561</NORD>
    <SARD>925</SARD>
    <SICI>2252</SICI>
    <SUD>2882</SUD>
  </marketintervaldetail>
  <marketintervaldetail>
    <Data>20150423</Data>
    <Mercato>MGP</Mercato>
    <Ora>15</Ora>
    <Totale>36547</Totale>
    <CNOR>3778</CNOR>
    <CSUD>5577</CSUD>
    <NORD>21081</NORD>
    <SARD>926</SARD>
    <SICI>2185</SICI>
    <SUD>3000</SUD>
  </marketintervaldetail>
  <marketintervaldetail>
    <Data>20150423</Data>
    <Mercato>MGP</Mercato>
    <Ora>16</Ora>
    <Totale>36942</Totale>
    <CNOR>3854</CNOR>
    <CSUD>5619</CSUD>
    <NORD>21306</NORD>
    <SARD>967</SARD>
    <SICI>2261</SICI>
    <SUD>2935</SUD>
  </marketintervaldetail>
  <marketintervaldetail>
    <Data>20150423</Data>
    <Mercato>MGP</Mercato>
    <Ora>17</Ora>
    <Totale>36955</Totale>
    <CNOR>3883</CNOR>
    <CSUD>5504</CSUD>
    <NORD>21204</NORD>
    <SARD>921</SARD>
    <SICI>2388</SICI>
    <SUD>3055</SUD>
  </marketintervaldetail>
  <marketintervaldetail>
    <Data>20150423</Data>
    <Mercato>MGP</Mercato>
    <Ora>18</Ora>
    <Totale>35859</Totale>
    <CNOR>3748</CNOR>
    <CSUD>5521</CSUD>
    <NORD>20141</NORD>
    <SARD>956</SARD>
    <SICI>2428</SICI>
    <SUD>3065</SUD>
  </marketintervaldetail>
  <marketintervaldetail>
    <Data>20150423</Data>
    <Mercato>MGP</Mercato>
    <Ora>19</Ora>
    <Totale>35264</Totale>
    <CNOR>3692</CNOR>
    <CSUD>5462</CSUD>
    <NORD>19587</NORD>
    <SARD>1015</SARD>
    <SICI>2415</SICI>
    <SUD>3093</SUD>
  </marketintervaldetail>
  <marketintervaldetail>
    <Data>20150423</Data>
    <Mercato>MGP</Mercato>
    <Ora>20</Ora>
    <Totale>35928</Totale>
    <CNOR>3836</CNOR>
    <CSUD>5693</CSUD>
    <NORD>19623</NORD>
    <SARD>1010</SARD>
    <SICI>2472</SICI>
    <SUD>3294</SUD>
  </marketintervaldetail>
  <marketintervaldetail>
    <Data>20150423</Data>
    <Mercato>MGP</Mercato>
    <Ora>21</Ora>
    <Totale>38172</Totale>
    <CNOR>4238</CNOR>
    <CSUD>5868</CSUD>
    <NORD>20426</NORD>
    <SARD>1100</SARD>
    <SICI>2445</SICI>
    <SUD>4095</SUD>
  </marketintervaldetail>
  <marketintervaldetail>
    <Data>20150423</Data>
    <Mercato>MGP</Mercato>
    <Ora>22</Ora>
    <Totale>36413</Totale>
    <CNOR>4124</CNOR>
    <CSUD>5175</CSUD>
    <NORD>19673</NORD>
    <SARD>1045</SARD>
    <SICI>2288</SICI>
    <SUD>4108</SUD>
  </marketintervaldetail>
  <marketintervaldetail>
    <Data>20150423</Data>
    <Mercato>MGP</Mercato>
    <Ora>23</Ora>
    <Totale>32862</Totale>
    <CNOR>3772</CNOR>
    <CSUD>4548</CSUD>
    <NORD>17629</NORD>
    <SARD>968</SARD>
    <SICI>2087</SICI>
    <SUD>3858</SUD>
  </marketintervaldetail>
  <marketintervaldetail>
    <Data>20150423</Data>
    <Mercato>MGP</Mercato>
    <Ora>24</Ora>
    <Totale>29684</Totale>
    <CNOR>3369</CNOR>
    <CSUD>3928</CSUD>
    <NORD>16027</NORD>
    <SARD>893</SARD>
    <SICI>1860</SICI>
    <SUD>3607</SUD>
  </marketintervaldetail>
</NewDataSet>