<?xml version="1.0" standalone="yes"?>
<NewDataSet>
  <xs:schema id="NewDataSet" xmlns="" xmlns:xs="http://www.w3.org/2001/XMLSchema" xmlns:msdata="urn:schemas-microsoft-com:xml-msdata">
    <xs:element name="NewDataSet" msdata:IsDataSet="true" msdata:MainDataTable="Fabbisogno" msdata:UseCurrentLocale="true">
      <xs:complexType>
        <xs:choice minOccurs="0" maxOccurs="unbounded">
          <xs:element name="Fabbisogno">
            <xs:complexType>
              <xs:sequence>
                <xs:element name="Data" type="xs:string" minOccurs="0" />
                <xs:element name="Mercato" type="xs:string" minOccurs="0" />
                <xs:element name="Ora" type="xs:string" minOccurs="0" />
                <xs:element name="Totale" type="xs:string" minOccurs="0" />
                <xs:element name="CNOR" type="xs:string" minOccurs="0" />
                <xs:element name="CSUD" type="xs:string" minOccurs="0" />
                <xs:element name="NORD" type="xs:string" minOccurs="0" />
                <xs:element name="SARD" type="xs:string" minOccurs="0" />
                <xs:element name="SICI" type="xs:string" minOccurs="0" />
                <xs:element name="SUD" type="xs:string" minOccurs="0" />
              </xs:sequence>
            </xs:complexType>
          </xs:element>
        </xs:choice>
      </xs:complexType>
    </xs:element>
  </xs:schema>
  <Fabbisogno>
    <Data>20150402</Data>
    <Mercato>MGP</Mercato>
    <Ora>01</Ora>
    <Totale>26935</Totale>
    <CNOR>2946</CNOR>
    <CSUD>4207</CSUD>
    <NORD>14888</NORD>
    <SARD>858</SARD>
    <SICI>1736</SICI>
    <SUD>2300</SUD>
  </Fabbisogno>
  <Fabbisogno>
    <Data>20150402</Data>
    <Mercato>MGP</Mercato>
    <Ora>02</Ora>
    <Totale>24959</Totale>
    <CNOR>2677</CNOR>
    <CSUD>3854</CSUD>
    <NORD>13972</NORD>
    <SARD>788</SARD>
    <SICI>1593</SICI>
    <SUD>2075</SUD>
  </Fabbisogno>
  <Fabbisogno>
    <Data>20150402</Data>
    <Mercato>MGP</Mercato>
    <Ora>03</Ora>
    <Totale>24033</Totale>
    <CNOR>2556</CNOR>
    <CSUD>3665</CSUD>
    <NORD>13630</NORD>
    <SARD>772</SARD>
    <SICI>1506</SICI>
    <SUD>1904</SUD>
  </Fabbisogno>
  <Fabbisogno>
    <Data>20150402</Data>
    <Mercato>MGP</Mercato>
    <Ora>04</Ora>
    <Totale>23798</Totale>
    <CNOR>2546</CNOR>
    <CSUD>3691</CSUD>
    <NORD>13560</NORD>
    <SARD>757</SARD>
    <SICI>1471</SICI>
    <SUD>1773</SUD>
  </Fabbisogno>
  <Fabbisogno>
    <Data>20150402</Data>
    <Mercato>MGP</Mercato>
    <Ora>05</Ora>
    <Totale>24407</Totale>
    <CNOR>2639</CNOR>
    <CSUD>3639</CSUD>
    <NORD>13670</NORD>
    <SARD>765</SARD>
    <SICI>1465</SICI>
    <SUD>2229</SUD>
  </Fabbisogno>
  <Fabbisogno>
    <Data>20150402</Data>
    <Mercato>MGP</Mercato>
    <Ora>06</Ora>
    <Totale>26228</Totale>
    <CNOR>2844</CNOR>
    <CSUD>3768</CSUD>
    <NORD>14824</NORD>
    <SARD>801</SARD>
    <SICI>1504</SICI>
    <SUD>2487</SUD>
  </Fabbisogno>
  <Fabbisogno>
    <Data>20150402</Data>
    <Mercato>MGP</Mercato>
    <Ora>07</Ora>
    <Totale>30120</Totale>
    <CNOR>3241</CNOR>
    <CSUD>4236</CSUD>
    <NORD>17467</NORD>
    <SARD>890</SARD>
    <SICI>1605</SICI>
    <SUD>2681</SUD>
  </Fabbisogno>
  <Fabbisogno>
    <Data>20150402</Data>
    <Mercato>MGP</Mercato>
    <Ora>08</Ora>
    <Totale>34420</Totale>
    <CNOR>3717</CNOR>
    <CSUD>4910</CSUD>
    <NORD>20056</NORD>
    <SARD>990</SARD>
    <SICI>1848</SICI>
    <SUD>2899</SUD>
  </Fabbisogno>
  <Fabbisogno>
    <Data>20150402</Data>
    <Mercato>MGP</Mercato>
    <Ora>09</Ora>
    <Totale>38814</Totale>
    <CNOR>4164</CNOR>
    <CSUD>5770</CSUD>
    <NORD>22838</NORD>
    <SARD>1090</SARD>
    <SICI>2094</SICI>
    <SUD>2858</SUD>
  </Fabbisogno>
  <Fabbisogno>
    <Data>20150402</Data>
    <Mercato>MGP</Mercato>
    <Ora>10</Ora>
    <Totale>40414</Totale>
    <CNOR>4423</CNOR>
    <CSUD>6405</CSUD>
    <NORD>23422</NORD>
    <SARD>1114</SARD>
    <SICI>2118</SICI>
    <SUD>2932</SUD>
  </Fabbisogno>
  <Fabbisogno>
    <Data>20150402</Data>
    <Mercato>MGP</Mercato>
    <Ora>11</Ora>
    <Totale>40312</Totale>
    <CNOR>4338</CNOR>
    <CSUD>6654</CSUD>
    <NORD>23406</NORD>
    <SARD>1044</SARD>
    <SICI>2095</SICI>
    <SUD>2775</SUD>
  </Fabbisogno>
  <Fabbisogno>
    <Data>20150402</Data>
    <Mercato>MGP</Mercato>
    <Ora>12</Ora>
    <Totale>40115</Totale>
    <CNOR>4246</CNOR>
    <CSUD>6411</CSUD>
    <NORD>23518</NORD>
    <SARD>1027</SARD>
    <SICI>2052</SICI>
    <SUD>2861</SUD>
  </Fabbisogno>
  <Fabbisogno>
    <Data>20150402</Data>
    <Mercato>MGP</Mercato>
    <Ora>13</Ora>
    <Totale>37945</Totale>
    <CNOR>3893</CNOR>
    <CSUD>6375</CSUD>
    <NORD>21831</NORD>
    <SARD>1029</SARD>
    <SICI>2009</SICI>
    <SUD>2808</SUD>
  </Fabbisogno>
  <Fabbisogno>
    <Data>20150402</Data>
    <Mercato>MGP</Mercato>
    <Ora>14</Ora>
    <Totale>37649</Totale>
    <CNOR>3825</CNOR>
    <CSUD>6113</CSUD>
    <NORD>21856</NORD>
    <SARD>1025</SARD>
    <SICI>1955</SICI>
    <SUD>2875</SUD>
  </Fabbisogno>
  <Fabbisogno>
    <Data>20150402</Data>
    <Mercato>MGP</Mercato>
    <Ora>15</Ora>
    <Totale>38445</Totale>
    <CNOR>4014</CNOR>
    <CSUD>6017</CSUD>
    <NORD>22347</NORD>
    <SARD>1095</SARD>
    <SICI>2006</SICI>
    <SUD>2966</SUD>
  </Fabbisogno>
  <Fabbisogno>
    <Data>20150402</Data>
    <Mercato>MGP</Mercato>
    <Ora>16</Ora>
    <Totale>38405</Totale>
    <CNOR>4098</CNOR>
    <CSUD>6072</CSUD>
    <NORD>22335</NORD>
    <SARD>1038</SARD>
    <SICI>1921</SICI>
    <SUD>2941</SUD>
  </Fabbisogno>
  <Fabbisogno>
    <Data>20150402</Data>
    <Mercato>MGP</Mercato>
    <Ora>17</Ora>
    <Totale>38202</Totale>
    <CNOR>4087</CNOR>
    <CSUD>6295</CSUD>
    <NORD>21858</NORD>
    <SARD>1009</SARD>
    <SICI>1993</SICI>
    <SUD>2960</SUD>
  </Fabbisogno>
  <Fabbisogno>
    <Data>20150402</Data>
    <Mercato>MGP</Mercato>
    <Ora>18</Ora>
    <Totale>37007</Totale>
    <CNOR>3950</CNOR>
    <CSUD>5970</CSUD>
    <NORD>21052</NORD>
    <SARD>986</SARD>
    <SICI>1988</SICI>
    <SUD>3061</SUD>
  </Fabbisogno>
  <Fabbisogno>
    <Data>20150402</Data>
    <Mercato>MGP</Mercato>
    <Ora>19</Ora>
    <Totale>36030</Totale>
    <CNOR>3807</CNOR>
    <CSUD>5753</CSUD>
    <NORD>20454</NORD>
    <SARD>988</SARD>
    <SICI>1993</SICI>
    <SUD>3035</SUD>
  </Fabbisogno>
  <Fabbisogno>
    <Data>20150402</Data>
    <Mercato>MGP</Mercato>
    <Ora>20</Ora>
    <Totale>38366</Totale>
    <CNOR>4124</CNOR>
    <CSUD>6241</CSUD>
    <NORD>21260</NORD>
    <SARD>1065</SARD>
    <SICI>2240</SICI>
    <SUD>3436</SUD>
  </Fabbisogno>
  <Fabbisogno>
    <Data>20150402</Data>
    <Mercato>MGP</Mercato>
    <Ora>21</Ora>
    <Totale>39480</Totale>
    <CNOR>4385</CNOR>
    <CSUD>6453</CSUD>
    <NORD>21133</NORD>
    <SARD>1197</SARD>
    <SICI>2502</SICI>
    <SUD>3810</SUD>
  </Fabbisogno>
  <Fabbisogno>
    <Data>20150402</Data>
    <Mercato>MGP</Mercato>
    <Ora>22</Ora>
    <Totale>36734</Totale>
    <CNOR>4081</CNOR>
    <CSUD>6029</CSUD>
    <NORD>19611</NORD>
    <SARD>1160</SARD>
    <SICI>2339</SICI>
    <SUD>3514</SUD>
  </Fabbisogno>
  <Fabbisogno>
    <Data>20150402</Data>
    <Mercato>MGP</Mercato>
    <Ora>23</Ora>
    <Totale>33552</Totale>
    <CNOR>3730</CNOR>
    <CSUD>5528</CSUD>
    <NORD>17832</NORD>
    <SARD>1068</SARD>
    <SICI>2119</SICI>
    <SUD>3275</SUD>
  </Fabbisogno>
  <Fabbisogno>
    <Data>20150402</Data>
    <Mercato>MGP</Mercato>
    <Ora>24</Ora>
    <Totale>30397</Totale>
    <CNOR>3389</CNOR>
    <CSUD>4876</CSUD>
    <NORD>16225</NORD>
    <SARD>999</SARD>
    <SICI>1907</SICI>
    <SUD>3001</SUD>
  </Fabbisogno>
</NewDataSet>