<?xml version="1.0" standalone="yes"?>
<NewDataSet>
  <xs:schema id="NewDataSet" xmlns="" xmlns:xs="http://www.w3.org/2001/XMLSchema" xmlns:msdata="urn:schemas-microsoft-com:xml-msdata">
    <xs:element name="NewDataSet" msdata:IsDataSet="true" msdata:MainDataTable="marketintervaldetail" msdata:UseCurrentLocale="true">
      <xs:complexType>
        <xs:choice minOccurs="0" maxOccurs="unbounded">
          <xs:element name="marketintervaldetail">
            <xs:complexType>
              <xs:sequence>
                <xs:element name="Data" type="xs:string" minOccurs="0" />
                <xs:element name="Mercato" type="xs:string" minOccurs="0" />
                <xs:element name="Ora" type="xs:string" minOccurs="0" />
                <xs:element name="Totale" type="xs:string" minOccurs="0" />
                <xs:element name="CNOR" type="xs:string" minOccurs="0" />
                <xs:element name="CSUD" type="xs:string" minOccurs="0" />
                <xs:element name="NORD" type="xs:string" minOccurs="0" />
                <xs:element name="SARD" type="xs:string" minOccurs="0" />
                <xs:element name="SICI" type="xs:string" minOccurs="0" />
                <xs:element name="SUD" type="xs:string" minOccurs="0" />
              </xs:sequence>
            </xs:complexType>
          </xs:element>
        </xs:choice>
      </xs:complexType>
    </xs:element>
  </xs:schema>
  <marketintervaldetail>
    <Data>20150406</Data>
    <Mercato>MGP</Mercato>
    <Ora>01</Ora>
    <Totale>20222</Totale>
    <CNOR>2216</CNOR>
    <CSUD>3450</CSUD>
    <NORD>10292</NORD>
    <SARD>820</SARD>
    <SICI>1523</SICI>
    <SUD>1921</SUD>
  </marketintervaldetail>
  <marketintervaldetail>
    <Data>20150406</Data>
    <Mercato>MGP</Mercato>
    <Ora>02</Ora>
    <Totale>18742</Totale>
    <CNOR>2048</CNOR>
    <CSUD>3157</CSUD>
    <NORD>9643</NORD>
    <SARD>771</SARD>
    <SICI>1371</SICI>
    <SUD>1752</SUD>
  </marketintervaldetail>
  <marketintervaldetail>
    <Data>20150406</Data>
    <Mercato>MGP</Mercato>
    <Ora>03</Ora>
    <Totale>17877</Totale>
    <CNOR>1912</CNOR>
    <CSUD>3007</CSUD>
    <NORD>9214</NORD>
    <SARD>730</SARD>
    <SICI>1293</SICI>
    <SUD>1721</SUD>
  </marketintervaldetail>
  <marketintervaldetail>
    <Data>20150406</Data>
    <Mercato>MGP</Mercato>
    <Ora>04</Ora>
    <Totale>17613</Totale>
    <CNOR>1865</CNOR>
    <CSUD>2953</CSUD>
    <NORD>9044</NORD>
    <SARD>719</SARD>
    <SICI>1259</SICI>
    <SUD>1773</SUD>
  </marketintervaldetail>
  <marketintervaldetail>
    <Data>20150406</Data>
    <Mercato>MGP</Mercato>
    <Ora>05</Ora>
    <Totale>17441</Totale>
    <CNOR>1863</CNOR>
    <CSUD>2930</CSUD>
    <NORD>8878</NORD>
    <SARD>718</SARD>
    <SICI>1265</SICI>
    <SUD>1787</SUD>
  </marketintervaldetail>
  <marketintervaldetail>
    <Data>20150406</Data>
    <Mercato>MGP</Mercato>
    <Ora>06</Ora>
    <Totale>17860</Totale>
    <CNOR>1905</CNOR>
    <CSUD>3040</CSUD>
    <NORD>9088</NORD>
    <SARD>733</SARD>
    <SICI>1287</SICI>
    <SUD>1807</SUD>
  </marketintervaldetail>
  <marketintervaldetail>
    <Data>20150406</Data>
    <Mercato>MGP</Mercato>
    <Ora>07</Ora>
    <Totale>18463</Totale>
    <CNOR>2051</CNOR>
    <CSUD>3092</CSUD>
    <NORD>9450</NORD>
    <SARD>769</SARD>
    <SICI>1276</SICI>
    <SUD>1825</SUD>
  </marketintervaldetail>
  <marketintervaldetail>
    <Data>20150406</Data>
    <Mercato>MGP</Mercato>
    <Ora>08</Ora>
    <Totale>18872</Totale>
    <CNOR>1950</CNOR>
    <CSUD>3127</CSUD>
    <NORD>9680</NORD>
    <SARD>783</SARD>
    <SICI>1300</SICI>
    <SUD>2032</SUD>
  </marketintervaldetail>
  <marketintervaldetail>
    <Data>20150406</Data>
    <Mercato>MGP</Mercato>
    <Ora>09</Ora>
    <Totale>21098</Totale>
    <CNOR>2130</CNOR>
    <CSUD>3538</CSUD>
    <NORD>10630</NORD>
    <SARD>854</SARD>
    <SICI>1495</SICI>
    <SUD>2451</SUD>
  </marketintervaldetail>
  <marketintervaldetail>
    <Data>20150406</Data>
    <Mercato>MGP</Mercato>
    <Ora>10</Ora>
    <Totale>22804</Totale>
    <CNOR>2261</CNOR>
    <CSUD>3908</CSUD>
    <NORD>11280</NORD>
    <SARD>900</SARD>
    <SICI>1675</SICI>
    <SUD>2780</SUD>
  </marketintervaldetail>
  <marketintervaldetail>
    <Data>20150406</Data>
    <Mercato>MGP</Mercato>
    <Ora>11</Ora>
    <Totale>23477</Totale>
    <CNOR>2363</CNOR>
    <CSUD>4061</CSUD>
    <NORD>11429</NORD>
    <SARD>933</SARD>
    <SICI>1768</SICI>
    <SUD>2923</SUD>
  </marketintervaldetail>
  <marketintervaldetail>
    <Data>20150406</Data>
    <Mercato>MGP</Mercato>
    <Ora>12</Ora>
    <Totale>23577</Totale>
    <CNOR>2401</CNOR>
    <CSUD>4141</CSUD>
    <NORD>11545</NORD>
    <SARD>910</SARD>
    <SICI>1720</SICI>
    <SUD>2860</SUD>
  </marketintervaldetail>
  <marketintervaldetail>
    <Data>20150406</Data>
    <Mercato>MGP</Mercato>
    <Ora>13</Ora>
    <Totale>23019</Totale>
    <CNOR>2334</CNOR>
    <CSUD>4133</CSUD>
    <NORD>11297</NORD>
    <SARD>900</SARD>
    <SICI>1697</SICI>
    <SUD>2658</SUD>
  </marketintervaldetail>
  <marketintervaldetail>
    <Data>20150406</Data>
    <Mercato>MGP</Mercato>
    <Ora>14</Ora>
    <Totale>21442</Totale>
    <CNOR>2096</CNOR>
    <CSUD>3874</CSUD>
    <NORD>10656</NORD>
    <SARD>807</SARD>
    <SICI>1554</SICI>
    <SUD>2455</SUD>
  </marketintervaldetail>
  <marketintervaldetail>
    <Data>20150406</Data>
    <Mercato>MGP</Mercato>
    <Ora>15</Ora>
    <Totale>20688</Totale>
    <CNOR>2158</CNOR>
    <CSUD>3572</CSUD>
    <NORD>10485</NORD>
    <SARD>757</SARD>
    <SICI>1465</SICI>
    <SUD>2251</SUD>
  </marketintervaldetail>
  <marketintervaldetail>
    <Data>20150406</Data>
    <Mercato>MGP</Mercato>
    <Ora>16</Ora>
    <Totale>20554</Totale>
    <CNOR>2171</CNOR>
    <CSUD>3443</CSUD>
    <NORD>10333</NORD>
    <SARD>810</SARD>
    <SICI>1482</SICI>
    <SUD>2315</SUD>
  </marketintervaldetail>
  <marketintervaldetail>
    <Data>20150406</Data>
    <Mercato>MGP</Mercato>
    <Ora>17</Ora>
    <Totale>20160</Totale>
    <CNOR>2179</CNOR>
    <CSUD>3403</CSUD>
    <NORD>10008</NORD>
    <SARD>805</SARD>
    <SICI>1469</SICI>
    <SUD>2296</SUD>
  </marketintervaldetail>
  <marketintervaldetail>
    <Data>20150406</Data>
    <Mercato>MGP</Mercato>
    <Ora>18</Ora>
    <Totale>20450</Totale>
    <CNOR>2294</CNOR>
    <CSUD>3345</CSUD>
    <NORD>10176</NORD>
    <SARD>773</SARD>
    <SICI>1529</SICI>
    <SUD>2333</SUD>
  </marketintervaldetail>
  <marketintervaldetail>
    <Data>20150406</Data>
    <Mercato>MGP</Mercato>
    <Ora>19</Ora>
    <Totale>21548</Totale>
    <CNOR>2497</CNOR>
    <CSUD>3360</CSUD>
    <NORD>10858</NORD>
    <SARD>797</SARD>
    <SICI>1507</SICI>
    <SUD>2529</SUD>
  </marketintervaldetail>
  <marketintervaldetail>
    <Data>20150406</Data>
    <Mercato>MGP</Mercato>
    <Ora>20</Ora>
    <Totale>24169</Totale>
    <CNOR>2880</CNOR>
    <CSUD>3873</CSUD>
    <NORD>12065</NORD>
    <SARD>847</SARD>
    <SICI>1735</SICI>
    <SUD>2769</SUD>
  </marketintervaldetail>
  <marketintervaldetail>
    <Data>20150406</Data>
    <Mercato>MGP</Mercato>
    <Ora>21</Ora>
    <Totale>27839</Totale>
    <CNOR>3246</CNOR>
    <CSUD>4486</CSUD>
    <NORD>13956</NORD>
    <SARD>1045</SARD>
    <SICI>2010</SICI>
    <SUD>3096</SUD>
  </marketintervaldetail>
  <marketintervaldetail>
    <Data>20150406</Data>
    <Mercato>MGP</Mercato>
    <Ora>22</Ora>
    <Totale>27229</Totale>
    <CNOR>3221</CNOR>
    <CSUD>4386</CSUD>
    <NORD>13396</NORD>
    <SARD>1044</SARD>
    <SICI>2019</SICI>
    <SUD>3163</SUD>
  </marketintervaldetail>
  <marketintervaldetail>
    <Data>20150406</Data>
    <Mercato>MGP</Mercato>
    <Ora>23</Ora>
    <Totale>25207</Totale>
    <CNOR>2988</CNOR>
    <CSUD>4017</CSUD>
    <NORD>12371</NORD>
    <SARD>974</SARD>
    <SICI>1941</SICI>
    <SUD>2916</SUD>
  </marketintervaldetail>
  <marketintervaldetail>
    <Data>20150406</Data>
    <Mercato>MGP</Mercato>
    <Ora>24</Ora>
    <Totale>22956</Totale>
    <CNOR>2737</CNOR>
    <CSUD>3540</CSUD>
    <NORD>11287</NORD>
    <SARD>899</SARD>
    <SICI>1786</SICI>
    <SUD>2707</SUD>
  </marketintervaldetail>
</NewDataSet>