<?xml version="1.0" standalone="yes"?>
<NewDataSet>
  <xs:schema id="NewDataSet" xmlns="" xmlns:xs="http://www.w3.org/2001/XMLSchema" xmlns:msdata="urn:schemas-microsoft-com:xml-msdata">
    <xs:element name="NewDataSet" msdata:IsDataSet="true" msdata:UseCurrentLocale="true">
      <xs:complexType>
        <xs:choice minOccurs="0" maxOccurs="unbounded">
          <xs:element name="Fabbisogno">
            <xs:complexType>
              <xs:sequence>
                <xs:element name="Data" type="xs:string" minOccurs="0" />
                <xs:element name="Mercato" type="xs:string" minOccurs="0" />
                <xs:element name="Ora" type="xs:string" minOccurs="0" />
                <xs:element name="Italia" type="xs:string" minOccurs="0" />
                <xs:element name="CNOR" type="xs:string" minOccurs="0" />
                <xs:element name="CSUD" type="xs:string" minOccurs="0" />
                <xs:element name="NORD" type="xs:string" minOccurs="0" />
                <xs:element name="SARD" type="xs:string" minOccurs="0" />
                <xs:element name="SICI" type="xs:string" minOccurs="0" />
                <xs:element name="SUD" type="xs:string" minOccurs="0" />
              </xs:sequence>
            </xs:complexType>
          </xs:element>
        </xs:choice>
      </xs:complexType>
    </xs:element>
  </xs:schema>
  <Fabbisogno>
    <Data>20160902</Data>
    <Mercato>MGP</Mercato>
    <Ora>1</Ora>
    <Italia>30082,409</Italia>
    <CNOR>3150,647</CNOR>
    <CSUD>5063,496</CSUD>
    <NORD>16538,78</NORD>
    <SARD>1006,901</SARD>
    <SICI>1793,842</SICI>
    <SUD>2528,743</SUD>
  </Fabbisogno>
  <Fabbisogno>
    <Data>20160902</Data>
    <Mercato>MGP</Mercato>
    <Ora>2</Ora>
    <Italia>28495,337</Italia>
    <CNOR>2976,249</CNOR>
    <CSUD>4745,358</CSUD>
    <NORD>15780,697</NORD>
    <SARD>962,483</SARD>
    <SICI>1664,968</SICI>
    <SUD>2365,582</SUD>
  </Fabbisogno>
  <Fabbisogno>
    <Data>20160902</Data>
    <Mercato>MGP</Mercato>
    <Ora>3</Ora>
    <Italia>27581,75</Italia>
    <CNOR>2883,182</CNOR>
    <CSUD>4565,035</CSUD>
    <NORD>15339,03</NORD>
    <SARD>937,287</SARD>
    <SICI>1584,829</SICI>
    <SUD>2272,387</SUD>
  </Fabbisogno>
  <Fabbisogno>
    <Data>20160902</Data>
    <Mercato>MGP</Mercato>
    <Ora>4</Ora>
    <Italia>27091,457</Italia>
    <CNOR>2838,817</CNOR>
    <CSUD>4425,141</CSUD>
    <NORD>15175,915</NORD>
    <SARD>893,228</SARD>
    <SICI>1535,551</SICI>
    <SUD>2222,805</SUD>
  </Fabbisogno>
  <Fabbisogno>
    <Data>20160902</Data>
    <Mercato>MGP</Mercato>
    <Ora>5</Ora>
    <Italia>27286,669</Italia>
    <CNOR>2846,057</CNOR>
    <CSUD>4401,737</CSUD>
    <NORD>15393,564</NORD>
    <SARD>892,717</SARD>
    <SICI>1535,919</SICI>
    <SUD>2216,675</SUD>
  </Fabbisogno>
  <Fabbisogno>
    <Data>20160902</Data>
    <Mercato>MGP</Mercato>
    <Ora>6</Ora>
    <Italia>28503,384</Italia>
    <CNOR>2947,388</CNOR>
    <CSUD>4558,895</CSUD>
    <NORD>16172,738</NORD>
    <SARD>958,118</SARD>
    <SICI>1590,828</SICI>
    <SUD>2275,417</SUD>
  </Fabbisogno>
  <Fabbisogno>
    <Data>20160902</Data>
    <Mercato>MGP</Mercato>
    <Ora>7</Ora>
    <Italia>31332,664</Italia>
    <CNOR>3204,536</CNOR>
    <CSUD>4903,53</CSUD>
    <NORD>18196,184</NORD>
    <SARD>1016,142</SARD>
    <SICI>1690,205</SICI>
    <SUD>2322,067</SUD>
  </Fabbisogno>
  <Fabbisogno>
    <Data>20160902</Data>
    <Mercato>MGP</Mercato>
    <Ora>8</Ora>
    <Italia>35640,582</Italia>
    <CNOR>3655,099</CNOR>
    <CSUD>5450,767</CSUD>
    <NORD>20972,371</NORD>
    <SARD>1069,91</SARD>
    <SICI>1885,859</SICI>
    <SUD>2606,576</SUD>
  </Fabbisogno>
  <Fabbisogno>
    <Data>20160902</Data>
    <Mercato>MGP</Mercato>
    <Ora>9</Ora>
    <Italia>40556,911</Italia>
    <CNOR>4198,837</CNOR>
    <CSUD>6188,621</CSUD>
    <NORD>23928,666</NORD>
    <SARD>1145,78</SARD>
    <SICI>2106,424</SICI>
    <SUD>2988,583</SUD>
  </Fabbisogno>
  <Fabbisogno>
    <Data>20160902</Data>
    <Mercato>MGP</Mercato>
    <Ora>10</Ora>
    <Italia>42044,447</Italia>
    <CNOR>4376,833</CNOR>
    <CSUD>6628,452</CSUD>
    <NORD>24457,718</NORD>
    <SARD>1218,938</SARD>
    <SICI>2258,942</SICI>
    <SUD>3103,564</SUD>
  </Fabbisogno>
  <Fabbisogno>
    <Data>20160902</Data>
    <Mercato>MGP</Mercato>
    <Ora>11</Ora>
    <Italia>42402,277</Italia>
    <CNOR>4411,643</CNOR>
    <CSUD>6730,484</CSUD>
    <NORD>24783,459</NORD>
    <SARD>1151,106</SARD>
    <SICI>2230,188</SICI>
    <SUD>3095,397</SUD>
  </Fabbisogno>
  <Fabbisogno>
    <Data>20160902</Data>
    <Mercato>MGP</Mercato>
    <Ora>12</Ora>
    <Italia>42316,164</Italia>
    <CNOR>4454,379</CNOR>
    <CSUD>6840,544</CSUD>
    <NORD>24590,888</NORD>
    <SARD>1127,571</SARD>
    <SICI>2226,532</SICI>
    <SUD>3076,25</SUD>
  </Fabbisogno>
  <Fabbisogno>
    <Data>20160902</Data>
    <Mercato>MGP</Mercato>
    <Ora>13</Ora>
    <Italia>40580,112</Italia>
    <CNOR>4232,205</CNOR>
    <CSUD>6900,323</CSUD>
    <NORD>23004,257</NORD>
    <SARD>1122,546</SARD>
    <SICI>2226,988</SICI>
    <SUD>3093,793</SUD>
  </Fabbisogno>
  <Fabbisogno>
    <Data>20160902</Data>
    <Mercato>MGP</Mercato>
    <Ora>14</Ora>
    <Italia>40381,688</Italia>
    <CNOR>4079,157</CNOR>
    <CSUD>6749,017</CSUD>
    <NORD>23363,789</NORD>
    <SARD>1073,112</SARD>
    <SICI>2120,317</SICI>
    <SUD>2996,296</SUD>
  </Fabbisogno>
  <Fabbisogno>
    <Data>20160902</Data>
    <Mercato>MGP</Mercato>
    <Ora>15</Ora>
    <Italia>41169,478</Italia>
    <CNOR>4217,25</CNOR>
    <CSUD>6695,849</CSUD>
    <NORD>24174,334</NORD>
    <SARD>1048,772</SARD>
    <SICI>2066,87</SICI>
    <SUD>2966,403</SUD>
  </Fabbisogno>
  <Fabbisogno>
    <Data>20160902</Data>
    <Mercato>MGP</Mercato>
    <Ora>16</Ora>
    <Italia>41619,738</Italia>
    <CNOR>4310,943</CNOR>
    <CSUD>6793,31</CSUD>
    <NORD>24360,658</NORD>
    <SARD>1055,199</SARD>
    <SICI>2102,641</SICI>
    <SUD>2996,987</SUD>
  </Fabbisogno>
  <Fabbisogno>
    <Data>20160902</Data>
    <Mercato>MGP</Mercato>
    <Ora>17</Ora>
    <Italia>41702,559</Italia>
    <CNOR>4355,328</CNOR>
    <CSUD>6814,036</CSUD>
    <NORD>24126,772</NORD>
    <SARD>1087,411</SARD>
    <SICI>2194,985</SICI>
    <SUD>3124,027</SUD>
  </Fabbisogno>
  <Fabbisogno>
    <Data>20160902</Data>
    <Mercato>MGP</Mercato>
    <Ora>18</Ora>
    <Italia>41255,258</Italia>
    <CNOR>4353,515</CNOR>
    <CSUD>6821,881</CSUD>
    <NORD>23350,929</NORD>
    <SARD>1199,049</SARD>
    <SICI>2250,263</SICI>
    <SUD>3279,621</SUD>
  </Fabbisogno>
  <Fabbisogno>
    <Data>20160902</Data>
    <Mercato>MGP</Mercato>
    <Ora>19</Ora>
    <Italia>40883,146</Italia>
    <CNOR>4315,278</CNOR>
    <CSUD>6784,771</CSUD>
    <NORD>22894,519</NORD>
    <SARD>1236,952</SARD>
    <SICI>2278,833</SICI>
    <SUD>3372,793</SUD>
  </Fabbisogno>
  <Fabbisogno>
    <Data>20160902</Data>
    <Mercato>MGP</Mercato>
    <Ora>20</Ora>
    <Italia>41214,469</Italia>
    <CNOR>4397,961</CNOR>
    <CSUD>7040,229</CSUD>
    <NORD>22624,737</NORD>
    <SARD>1214,133</SARD>
    <SICI>2419,025</SICI>
    <SUD>3518,384</SUD>
  </Fabbisogno>
  <Fabbisogno>
    <Data>20160902</Data>
    <Mercato>MGP</Mercato>
    <Ora>21</Ora>
    <Italia>41188,501</Italia>
    <CNOR>4344,385</CNOR>
    <CSUD>7070,462</CSUD>
    <NORD>22296,371</NORD>
    <SARD>1346,392</SARD>
    <SICI>2445,776</SICI>
    <SUD>3685,115</SUD>
  </Fabbisogno>
  <Fabbisogno>
    <Data>20160902</Data>
    <Mercato>MGP</Mercato>
    <Ora>22</Ora>
    <Italia>38482,034</Italia>
    <CNOR>4071,455</CNOR>
    <CSUD>6542,092</CSUD>
    <NORD>20932,34</NORD>
    <SARD>1273,768</SARD>
    <SICI>2296,081</SICI>
    <SUD>3366,298</SUD>
  </Fabbisogno>
  <Fabbisogno>
    <Data>20160902</Data>
    <Mercato>MGP</Mercato>
    <Ora>23</Ora>
    <Italia>35471,228</Italia>
    <CNOR>3730,59</CNOR>
    <CSUD>6014,193</CSUD>
    <NORD>19334,265</NORD>
    <SARD>1195,515</SARD>
    <SICI>2133,449</SICI>
    <SUD>3063,216</SUD>
  </Fabbisogno>
  <Fabbisogno>
    <Data>20160902</Data>
    <Mercato>MGP</Mercato>
    <Ora>24</Ora>
    <Italia>32081,26</Italia>
    <CNOR>3357,943</CNOR>
    <CSUD>5411,478</CSUD>
    <NORD>17621,896</NORD>
    <SARD>1046,502</SARD>
    <SICI>1905,037</SICI>
    <SUD>2738,404</SUD>
  </Fabbisogno>
</NewDataSet>