<?xml version="1.0" standalone="yes"?>
<NewDataSet>
  <xs:schema id="NewDataSet" xmlns="" xmlns:xs="http://www.w3.org/2001/XMLSchema" xmlns:msdata="urn:schemas-microsoft-com:xml-msdata">
    <xs:element name="NewDataSet" msdata:IsDataSet="true" msdata:UseCurrentLocale="true">
      <xs:complexType>
        <xs:choice minOccurs="0" maxOccurs="unbounded">
          <xs:element name="Fabbisogno">
            <xs:complexType>
              <xs:sequence>
                <xs:element name="Data" type="xs:string" minOccurs="0" />
                <xs:element name="Mercato" type="xs:string" minOccurs="0" />
                <xs:element name="Ora" type="xs:string" minOccurs="0" />
                <xs:element name="Italia" type="xs:string" minOccurs="0" />
                <xs:element name="CNOR" type="xs:string" minOccurs="0" />
                <xs:element name="CSUD" type="xs:string" minOccurs="0" />
                <xs:element name="NORD" type="xs:string" minOccurs="0" />
                <xs:element name="SARD" type="xs:string" minOccurs="0" />
                <xs:element name="SICI" type="xs:string" minOccurs="0" />
                <xs:element name="SUD" type="xs:string" minOccurs="0" />
              </xs:sequence>
            </xs:complexType>
          </xs:element>
        </xs:choice>
      </xs:complexType>
    </xs:element>
  </xs:schema>
  <Fabbisogno>
    <Data>20160916</Data>
    <Mercato>MGP</Mercato>
    <Ora>1</Ora>
    <Italia>29392,011</Italia>
    <CNOR>3265,415</CNOR>
    <CSUD>4901,437</CSUD>
    <NORD>15908,427</NORD>
    <SARD>1000,051</SARD>
    <SICI>1794,977</SICI>
    <SUD>2521,704</SUD>
  </Fabbisogno>
  <Fabbisogno>
    <Data>20160916</Data>
    <Mercato>MGP</Mercato>
    <Ora>2</Ora>
    <Italia>27901,714</Italia>
    <CNOR>3080,173</CNOR>
    <CSUD>4590,498</CSUD>
    <NORD>15241,55</NORD>
    <SARD>955,038</SARD>
    <SICI>1655,889</SICI>
    <SUD>2378,566</SUD>
  </Fabbisogno>
  <Fabbisogno>
    <Data>20160916</Data>
    <Mercato>MGP</Mercato>
    <Ora>3</Ora>
    <Italia>27047,389</Italia>
    <CNOR>2993,329</CNOR>
    <CSUD>4427,599</CSUD>
    <NORD>14839,712</NORD>
    <SARD>937,09</SARD>
    <SICI>1545,709</SICI>
    <SUD>2303,95</SUD>
  </Fabbisogno>
  <Fabbisogno>
    <Data>20160916</Data>
    <Mercato>MGP</Mercato>
    <Ora>4</Ora>
    <Italia>26686,522</Italia>
    <CNOR>2943,286</CNOR>
    <CSUD>4326,731</CSUD>
    <NORD>14730,254</NORD>
    <SARD>916</SARD>
    <SICI>1508,632</SICI>
    <SUD>2261,619</SUD>
  </Fabbisogno>
  <Fabbisogno>
    <Data>20160916</Data>
    <Mercato>MGP</Mercato>
    <Ora>5</Ora>
    <Italia>26856,873</Italia>
    <CNOR>2932,622</CNOR>
    <CSUD>4332,75</CSUD>
    <NORD>14908,697</NORD>
    <SARD>921,689</SARD>
    <SICI>1494,714</SICI>
    <SUD>2266,401</SUD>
  </Fabbisogno>
  <Fabbisogno>
    <Data>20160916</Data>
    <Mercato>MGP</Mercato>
    <Ora>6</Ora>
    <Italia>28097,809</Italia>
    <CNOR>3028,472</CNOR>
    <CSUD>4495,31</CSUD>
    <NORD>15777,237</NORD>
    <SARD>923,812</SARD>
    <SICI>1566,552</SICI>
    <SUD>2306,426</SUD>
  </Fabbisogno>
  <Fabbisogno>
    <Data>20160916</Data>
    <Mercato>MGP</Mercato>
    <Ora>7</Ora>
    <Italia>31631,099</Italia>
    <CNOR>3326,787</CNOR>
    <CSUD>4952,804</CSUD>
    <NORD>18271,94</NORD>
    <SARD>1001,843</SARD>
    <SICI>1666,478</SICI>
    <SUD>2411,247</SUD>
  </Fabbisogno>
  <Fabbisogno>
    <Data>20160916</Data>
    <Mercato>MGP</Mercato>
    <Ora>8</Ora>
    <Italia>35556,52</Italia>
    <CNOR>3669,999</CNOR>
    <CSUD>5374,279</CSUD>
    <NORD>20918,628</NORD>
    <SARD>1036,443</SARD>
    <SICI>1894,719</SICI>
    <SUD>2662,452</SUD>
  </Fabbisogno>
  <Fabbisogno>
    <Data>20160916</Data>
    <Mercato>MGP</Mercato>
    <Ora>9</Ora>
    <Italia>39946,796</Italia>
    <CNOR>4206,157</CNOR>
    <CSUD>5997,324</CSUD>
    <NORD>23533,598</NORD>
    <SARD>1127,119</SARD>
    <SICI>2143,153</SICI>
    <SUD>2939,445</SUD>
  </Fabbisogno>
  <Fabbisogno>
    <Data>20160916</Data>
    <Mercato>MGP</Mercato>
    <Ora>10</Ora>
    <Italia>41011,056</Italia>
    <CNOR>4331,189</CNOR>
    <CSUD>6244,119</CSUD>
    <NORD>24038,739</NORD>
    <SARD>1133,932</SARD>
    <SICI>2255,132</SICI>
    <SUD>3007,945</SUD>
  </Fabbisogno>
  <Fabbisogno>
    <Data>20160916</Data>
    <Mercato>MGP</Mercato>
    <Ora>11</Ora>
    <Italia>40889,781</Italia>
    <CNOR>4361,307</CNOR>
    <CSUD>6322,321</CSUD>
    <NORD>23884,643</NORD>
    <SARD>1112,259</SARD>
    <SICI>2229,323</SICI>
    <SUD>2979,928</SUD>
  </Fabbisogno>
  <Fabbisogno>
    <Data>20160916</Data>
    <Mercato>MGP</Mercato>
    <Ora>12</Ora>
    <Italia>40926,057</Italia>
    <CNOR>4431,002</CNOR>
    <CSUD>6450,676</CSUD>
    <NORD>23684,118</NORD>
    <SARD>1139,732</SARD>
    <SICI>2228,18</SICI>
    <SUD>2992,349</SUD>
  </Fabbisogno>
  <Fabbisogno>
    <Data>20160916</Data>
    <Mercato>MGP</Mercato>
    <Ora>13</Ora>
    <Italia>38967,766</Italia>
    <CNOR>4192,081</CNOR>
    <CSUD>6459,396</CSUD>
    <NORD>22031,721</NORD>
    <SARD>1076,77</SARD>
    <SICI>2222,816</SICI>
    <SUD>2984,982</SUD>
  </Fabbisogno>
  <Fabbisogno>
    <Data>20160916</Data>
    <Mercato>MGP</Mercato>
    <Ora>14</Ora>
    <Italia>38326,232</Italia>
    <CNOR>4024,413</CNOR>
    <CSUD>6229,567</CSUD>
    <NORD>22052,303</NORD>
    <SARD>1022,084</SARD>
    <SICI>2119,479</SICI>
    <SUD>2878,386</SUD>
  </Fabbisogno>
  <Fabbisogno>
    <Data>20160916</Data>
    <Mercato>MGP</Mercato>
    <Ora>15</Ora>
    <Italia>39405,901</Italia>
    <CNOR>4241,987</CNOR>
    <CSUD>6241,443</CSUD>
    <NORD>23031,628</NORD>
    <SARD>995,647</SARD>
    <SICI>2073,135</SICI>
    <SUD>2822,061</SUD>
  </Fabbisogno>
  <Fabbisogno>
    <Data>20160916</Data>
    <Mercato>MGP</Mercato>
    <Ora>16</Ora>
    <Italia>39757,061</Italia>
    <CNOR>4280,577</CNOR>
    <CSUD>6216,834</CSUD>
    <NORD>23314,299</NORD>
    <SARD>993,907</SARD>
    <SICI>2089,788</SICI>
    <SUD>2861,656</SUD>
  </Fabbisogno>
  <Fabbisogno>
    <Data>20160916</Data>
    <Mercato>MGP</Mercato>
    <Ora>17</Ora>
    <Italia>39953,349</Italia>
    <CNOR>4300,392</CNOR>
    <CSUD>6282,846</CSUD>
    <NORD>23137,557</NORD>
    <SARD>1033,75</SARD>
    <SICI>2189,949</SICI>
    <SUD>3008,855</SUD>
  </Fabbisogno>
  <Fabbisogno>
    <Data>20160916</Data>
    <Mercato>MGP</Mercato>
    <Ora>18</Ora>
    <Italia>39710,861</Italia>
    <CNOR>4245,999</CNOR>
    <CSUD>6330,208</CSUD>
    <NORD>22556,815</NORD>
    <SARD>1096,475</SARD>
    <SICI>2297,002</SICI>
    <SUD>3184,362</SUD>
  </Fabbisogno>
  <Fabbisogno>
    <Data>20160916</Data>
    <Mercato>MGP</Mercato>
    <Ora>19</Ora>
    <Italia>39663,67</Italia>
    <CNOR>4300,006</CNOR>
    <CSUD>6489,56</CSUD>
    <NORD>22053,656</NORD>
    <SARD>1166,258</SARD>
    <SICI>2346,858</SICI>
    <SUD>3307,332</SUD>
  </Fabbisogno>
  <Fabbisogno>
    <Data>20160916</Data>
    <Mercato>MGP</Mercato>
    <Ora>20</Ora>
    <Italia>40629,827</Italia>
    <CNOR>4418,627</CNOR>
    <CSUD>6870,566</CSUD>
    <NORD>22080,525</NORD>
    <SARD>1213,879</SARD>
    <SICI>2468,314</SICI>
    <SUD>3577,916</SUD>
  </Fabbisogno>
  <Fabbisogno>
    <Data>20160916</Data>
    <Mercato>MGP</Mercato>
    <Ora>21</Ora>
    <Italia>40065,35</Italia>
    <CNOR>4418,303</CNOR>
    <CSUD>6803,833</CSUD>
    <NORD>21558,126</NORD>
    <SARD>1266,886</SARD>
    <SICI>2441,034</SICI>
    <SUD>3577,168</SUD>
  </Fabbisogno>
  <Fabbisogno>
    <Data>20160916</Data>
    <Mercato>MGP</Mercato>
    <Ora>22</Ora>
    <Italia>36726,622</Italia>
    <CNOR>3968,713</CNOR>
    <CSUD>6212,328</CSUD>
    <NORD>19868,688</NORD>
    <SARD>1155,974</SARD>
    <SICI>2301,186</SICI>
    <SUD>3219,733</SUD>
  </Fabbisogno>
  <Fabbisogno>
    <Data>20160916</Data>
    <Mercato>MGP</Mercato>
    <Ora>23</Ora>
    <Italia>33597,943</Italia>
    <CNOR>3668,57</CNOR>
    <CSUD>5723,242</CSUD>
    <NORD>18002,793</NORD>
    <SARD>1085,242</SARD>
    <SICI>2149,476</SICI>
    <SUD>2968,62</SUD>
  </Fabbisogno>
  <Fabbisogno>
    <Data>20160916</Data>
    <Mercato>MGP</Mercato>
    <Ora>24</Ora>
    <Italia>30665,028</Italia>
    <CNOR>3318,479</CNOR>
    <CSUD>5183,849</CSUD>
    <NORD>16531,235</NORD>
    <SARD>1005,122</SARD>
    <SICI>1932,526</SICI>
    <SUD>2693,817</SUD>
  </Fabbisogno>
</NewDataSet>