<?xml version="1.0" standalone="yes"?>
<NewDataSet>
  <xs:schema id="NewDataSet" xmlns="" xmlns:xs="http://www.w3.org/2001/XMLSchema" xmlns:msdata="urn:schemas-microsoft-com:xml-msdata">
    <xs:element name="NewDataSet" msdata:IsDataSet="true" msdata:UseCurrentLocale="true">
      <xs:complexType>
        <xs:choice minOccurs="0" maxOccurs="unbounded">
          <xs:element name="Fabbisogno">
            <xs:complexType>
              <xs:sequence>
                <xs:element name="Data" type="xs:string" minOccurs="0" />
                <xs:element name="Mercato" type="xs:string" minOccurs="0" />
                <xs:element name="Ora" type="xs:string" minOccurs="0" />
                <xs:element name="Italia" type="xs:string" minOccurs="0" />
                <xs:element name="CNOR" type="xs:string" minOccurs="0" />
                <xs:element name="CSUD" type="xs:string" minOccurs="0" />
                <xs:element name="NORD" type="xs:string" minOccurs="0" />
                <xs:element name="SARD" type="xs:string" minOccurs="0" />
                <xs:element name="SICI" type="xs:string" minOccurs="0" />
                <xs:element name="SUD" type="xs:string" minOccurs="0" />
              </xs:sequence>
            </xs:complexType>
          </xs:element>
        </xs:choice>
      </xs:complexType>
    </xs:element>
  </xs:schema>
  <Fabbisogno>
    <Data>20160922</Data>
    <Mercato>MGP</Mercato>
    <Ora>1</Ora>
    <Italia>27874,926</Italia>
    <CNOR>3103,331</CNOR>
    <CSUD>4560,209</CSUD>
    <NORD>15300,724</NORD>
    <SARD>910,116</SARD>
    <SICI>1738,447</SICI>
    <SUD>2262,099</SUD>
  </Fabbisogno>
  <Fabbisogno>
    <Data>20160922</Data>
    <Mercato>MGP</Mercato>
    <Ora>2</Ora>
    <Italia>26452,637</Italia>
    <CNOR>2961,822</CNOR>
    <CSUD>4275,169</CSUD>
    <NORD>14593,455</NORD>
    <SARD>879,904</SARD>
    <SICI>1597,699</SICI>
    <SUD>2144,588</SUD>
  </Fabbisogno>
  <Fabbisogno>
    <Data>20160922</Data>
    <Mercato>MGP</Mercato>
    <Ora>3</Ora>
    <Italia>25747,704</Italia>
    <CNOR>2876,879</CNOR>
    <CSUD>4118,803</CSUD>
    <NORD>14280,63</NORD>
    <SARD>860,131</SARD>
    <SICI>1525,394</SICI>
    <SUD>2085,867</SUD>
  </Fabbisogno>
  <Fabbisogno>
    <Data>20160922</Data>
    <Mercato>MGP</Mercato>
    <Ora>4</Ora>
    <Italia>25376,683</Italia>
    <CNOR>2821,856</CNOR>
    <CSUD>4048,994</CSUD>
    <NORD>14107,9</NORD>
    <SARD>847,714</SARD>
    <SICI>1493,625</SICI>
    <SUD>2056,594</SUD>
  </Fabbisogno>
  <Fabbisogno>
    <Data>20160922</Data>
    <Mercato>MGP</Mercato>
    <Ora>5</Ora>
    <Italia>25570,024</Italia>
    <CNOR>2804,584</CNOR>
    <CSUD>4034,848</CSUD>
    <NORD>14344,939</NORD>
    <SARD>836,331</SARD>
    <SICI>1499,674</SICI>
    <SUD>2049,648</SUD>
  </Fabbisogno>
  <Fabbisogno>
    <Data>20160922</Data>
    <Mercato>MGP</Mercato>
    <Ora>6</Ora>
    <Italia>26773,057</Italia>
    <CNOR>2933,627</CNOR>
    <CSUD>4215,116</CSUD>
    <NORD>15068,745</NORD>
    <SARD>856,088</SARD>
    <SICI>1574,444</SICI>
    <SUD>2125,037</SUD>
  </Fabbisogno>
  <Fabbisogno>
    <Data>20160922</Data>
    <Mercato>MGP</Mercato>
    <Ora>7</Ora>
    <Italia>30629,869</Italia>
    <CNOR>3278,581</CNOR>
    <CSUD>4753,763</CSUD>
    <NORD>17620,162</NORD>
    <SARD>963,948</SARD>
    <SICI>1718,482</SICI>
    <SUD>2294,933</SUD>
  </Fabbisogno>
  <Fabbisogno>
    <Data>20160922</Data>
    <Mercato>MGP</Mercato>
    <Ora>8</Ora>
    <Italia>35028,05</Italia>
    <CNOR>3632,812</CNOR>
    <CSUD>5248,681</CSUD>
    <NORD>20668,412</NORD>
    <SARD>1053,561</SARD>
    <SICI>1926,85</SICI>
    <SUD>2497,734</SUD>
  </Fabbisogno>
  <Fabbisogno>
    <Data>20160922</Data>
    <Mercato>MGP</Mercato>
    <Ora>9</Ora>
    <Italia>39242,029</Italia>
    <CNOR>4139,141</CNOR>
    <CSUD>5774,934</CSUD>
    <NORD>23309,24</NORD>
    <SARD>1124,317</SARD>
    <SICI>2120,373</SICI>
    <SUD>2774,024</SUD>
  </Fabbisogno>
  <Fabbisogno>
    <Data>20160922</Data>
    <Mercato>MGP</Mercato>
    <Ora>10</Ora>
    <Italia>40105,148</Italia>
    <CNOR>4228,03</CNOR>
    <CSUD>5979,856</CSUD>
    <NORD>23814,218</NORD>
    <SARD>1117,377</SARD>
    <SICI>2200,916</SICI>
    <SUD>2764,751</SUD>
  </Fabbisogno>
  <Fabbisogno>
    <Data>20160922</Data>
    <Mercato>MGP</Mercato>
    <Ora>11</Ora>
    <Italia>39950,214</Italia>
    <CNOR>4214,912</CNOR>
    <CSUD>5995,341</CSUD>
    <NORD>23729,417</NORD>
    <SARD>1094,354</SARD>
    <SICI>2186,541</SICI>
    <SUD>2729,649</SUD>
  </Fabbisogno>
  <Fabbisogno>
    <Data>20160922</Data>
    <Mercato>MGP</Mercato>
    <Ora>12</Ora>
    <Italia>39413,128</Italia>
    <CNOR>4182,199</CNOR>
    <CSUD>5946,012</CSUD>
    <NORD>23371,9</NORD>
    <SARD>1045,835</SARD>
    <SICI>2149,606</SICI>
    <SUD>2717,576</SUD>
  </Fabbisogno>
  <Fabbisogno>
    <Data>20160922</Data>
    <Mercato>MGP</Mercato>
    <Ora>13</Ora>
    <Italia>37162,754</Italia>
    <CNOR>3932,039</CNOR>
    <CSUD>5966,221</CSUD>
    <NORD>21389,665</NORD>
    <SARD>1031,699</SARD>
    <SICI>2141,312</SICI>
    <SUD>2701,818</SUD>
  </Fabbisogno>
  <Fabbisogno>
    <Data>20160922</Data>
    <Mercato>MGP</Mercato>
    <Ora>14</Ora>
    <Italia>36819,754</Italia>
    <CNOR>3850,081</CNOR>
    <CSUD>5780,335</CSUD>
    <NORD>21590,409</NORD>
    <SARD>987,604</SARD>
    <SICI>2041,988</SICI>
    <SUD>2569,337</SUD>
  </Fabbisogno>
  <Fabbisogno>
    <Data>20160922</Data>
    <Mercato>MGP</Mercato>
    <Ora>15</Ora>
    <Italia>37663,848</Italia>
    <CNOR>4035,063</CNOR>
    <CSUD>5803,585</CSUD>
    <NORD>22352,436</NORD>
    <SARD>959,806</SARD>
    <SICI>2004,343</SICI>
    <SUD>2508,615</SUD>
  </Fabbisogno>
  <Fabbisogno>
    <Data>20160922</Data>
    <Mercato>MGP</Mercato>
    <Ora>16</Ora>
    <Italia>38076,053</Italia>
    <CNOR>4128,516</CNOR>
    <CSUD>5813,038</CSUD>
    <NORD>22562,972</NORD>
    <SARD>962,669</SARD>
    <SICI>2047,481</SICI>
    <SUD>2561,377</SUD>
  </Fabbisogno>
  <Fabbisogno>
    <Data>20160922</Data>
    <Mercato>MGP</Mercato>
    <Ora>17</Ora>
    <Italia>38549,639</Italia>
    <CNOR>4197,275</CNOR>
    <CSUD>5904,741</CSUD>
    <NORD>22612,818</NORD>
    <SARD>995,534</SARD>
    <SICI>2150,684</SICI>
    <SUD>2688,587</SUD>
  </Fabbisogno>
  <Fabbisogno>
    <Data>20160922</Data>
    <Mercato>MGP</Mercato>
    <Ora>18</Ora>
    <Italia>38355,397</Italia>
    <CNOR>4219,994</CNOR>
    <CSUD>5989,592</CSUD>
    <NORD>21958,108</NORD>
    <SARD>1060,247</SARD>
    <SICI>2251,593</SICI>
    <SUD>2875,863</SUD>
  </Fabbisogno>
  <Fabbisogno>
    <Data>20160922</Data>
    <Mercato>MGP</Mercato>
    <Ora>19</Ora>
    <Italia>38513,741</Italia>
    <CNOR>4283,609</CNOR>
    <CSUD>6207,503</CSUD>
    <NORD>21496,752</NORD>
    <SARD>1164,733</SARD>
    <SICI>2308,246</SICI>
    <SUD>3052,898</SUD>
  </Fabbisogno>
  <Fabbisogno>
    <Data>20160922</Data>
    <Mercato>MGP</Mercato>
    <Ora>20</Ora>
    <Italia>40167,666</Italia>
    <CNOR>4448,412</CNOR>
    <CSUD>6730,885</CSUD>
    <NORD>21877,314</NORD>
    <SARD>1228,415</SARD>
    <SICI>2519,94</SICI>
    <SUD>3362,7</SUD>
  </Fabbisogno>
  <Fabbisogno>
    <Data>20160922</Data>
    <Mercato>MGP</Mercato>
    <Ora>21</Ora>
    <Italia>38947,628</Italia>
    <CNOR>4304,714</CNOR>
    <CSUD>6569,168</CSUD>
    <NORD>21047,434</NORD>
    <SARD>1270,607</SARD>
    <SICI>2471,689</SICI>
    <SUD>3284,016</SUD>
  </Fabbisogno>
  <Fabbisogno>
    <Data>20160922</Data>
    <Mercato>MGP</Mercato>
    <Ora>22</Ora>
    <Italia>35875,244</Italia>
    <CNOR>3981,934</CNOR>
    <CSUD>6012,31</CSUD>
    <NORD>19448,462</NORD>
    <SARD>1157,397</SARD>
    <SICI>2274,91</SICI>
    <SUD>3000,231</SUD>
  </Fabbisogno>
  <Fabbisogno>
    <Data>20160922</Data>
    <Mercato>MGP</Mercato>
    <Ora>23</Ora>
    <Italia>32560,394</Italia>
    <CNOR>3623,775</CNOR>
    <CSUD>5462,398</CSUD>
    <NORD>17625,118</NORD>
    <SARD>1042,199</SARD>
    <SICI>2087,374</SICI>
    <SUD>2719,53</SUD>
  </Fabbisogno>
  <Fabbisogno>
    <Data>20160922</Data>
    <Mercato>MGP</Mercato>
    <Ora>24</Ora>
    <Italia>29480,633</Italia>
    <CNOR>3268,755</CNOR>
    <CSUD>4931,377</CSUD>
    <NORD>16013,585</NORD>
    <SARD>960,299</SARD>
    <SICI>1865,846</SICI>
    <SUD>2440,771</SUD>
  </Fabbisogno>
</NewDataSet>