<?xml version="1.0" standalone="yes"?>
<NewDataSet>
  <xs:schema id="NewDataSet" xmlns="" xmlns:xs="http://www.w3.org/2001/XMLSchema" xmlns:msdata="urn:schemas-microsoft-com:xml-msdata">
    <xs:element name="NewDataSet" msdata:IsDataSet="true" msdata:UseCurrentLocale="true">
      <xs:complexType>
        <xs:choice minOccurs="0" maxOccurs="unbounded">
          <xs:element name="Fabbisogno">
            <xs:complexType>
              <xs:sequence>
                <xs:element name="Data" type="xs:string" minOccurs="0" />
                <xs:element name="Mercato" type="xs:string" minOccurs="0" />
                <xs:element name="Ora" type="xs:string" minOccurs="0" />
                <xs:element name="Italia" type="xs:string" minOccurs="0" />
                <xs:element name="CNOR" type="xs:string" minOccurs="0" />
                <xs:element name="CSUD" type="xs:string" minOccurs="0" />
                <xs:element name="NORD" type="xs:string" minOccurs="0" />
                <xs:element name="SARD" type="xs:string" minOccurs="0" />
                <xs:element name="SICI" type="xs:string" minOccurs="0" />
                <xs:element name="SUD" type="xs:string" minOccurs="0" />
              </xs:sequence>
            </xs:complexType>
          </xs:element>
        </xs:choice>
      </xs:complexType>
    </xs:element>
  </xs:schema>
  <Fabbisogno>
    <Data>20160908</Data>
    <Mercato>MGP</Mercato>
    <Ora>1</Ora>
    <Italia>29205,358</Italia>
    <CNOR>3186,612</CNOR>
    <CSUD>4735,253</CSUD>
    <NORD>16244,194</NORD>
    <SARD>958,188</SARD>
    <SICI>1752,088</SICI>
    <SUD>2329,023</SUD>
  </Fabbisogno>
  <Fabbisogno>
    <Data>20160908</Data>
    <Mercato>MGP</Mercato>
    <Ora>2</Ora>
    <Italia>27604,825</Italia>
    <CNOR>3049,304</CNOR>
    <CSUD>4439,927</CSUD>
    <NORD>15361,738</NORD>
    <SARD>928,739</SARD>
    <SICI>1612,287</SICI>
    <SUD>2212,83</SUD>
  </Fabbisogno>
  <Fabbisogno>
    <Data>20160908</Data>
    <Mercato>MGP</Mercato>
    <Ora>3</Ora>
    <Italia>26833,359</Italia>
    <CNOR>2954,227</CNOR>
    <CSUD>4277,637</CSUD>
    <NORD>15027,011</NORD>
    <SARD>902,262</SARD>
    <SICI>1528,504</SICI>
    <SUD>2143,718</SUD>
  </Fabbisogno>
  <Fabbisogno>
    <Data>20160908</Data>
    <Mercato>MGP</Mercato>
    <Ora>4</Ora>
    <Italia>26468,849</Italia>
    <CNOR>2912,171</CNOR>
    <CSUD>4214,585</CSUD>
    <NORD>14842,234</NORD>
    <SARD>891,842</SARD>
    <SICI>1486,595</SICI>
    <SUD>2121,422</SUD>
  </Fabbisogno>
  <Fabbisogno>
    <Data>20160908</Data>
    <Mercato>MGP</Mercato>
    <Ora>5</Ora>
    <Italia>26664,104</Italia>
    <CNOR>2907,977</CNOR>
    <CSUD>4186,077</CSUD>
    <NORD>15085,041</NORD>
    <SARD>892,195</SARD>
    <SICI>1480,729</SICI>
    <SUD>2112,085</SUD>
  </Fabbisogno>
  <Fabbisogno>
    <Data>20160908</Data>
    <Mercato>MGP</Mercato>
    <Ora>6</Ora>
    <Italia>27774,259</Italia>
    <CNOR>2994,46</CNOR>
    <CSUD>4373,274</CSUD>
    <NORD>15770,468</NORD>
    <SARD>911,128</SARD>
    <SICI>1546,275</SICI>
    <SUD>2178,654</SUD>
  </Fabbisogno>
  <Fabbisogno>
    <Data>20160908</Data>
    <Mercato>MGP</Mercato>
    <Ora>7</Ora>
    <Italia>30787,527</Italia>
    <CNOR>3287,019</CNOR>
    <CSUD>4747,447</CSUD>
    <NORD>17910,399</NORD>
    <SARD>957,451</SARD>
    <SICI>1658,01</SICI>
    <SUD>2227,201</SUD>
  </Fabbisogno>
  <Fabbisogno>
    <Data>20160908</Data>
    <Mercato>MGP</Mercato>
    <Ora>8</Ora>
    <Italia>35041,223</Italia>
    <CNOR>3709,38</CNOR>
    <CSUD>5259,857</CSUD>
    <NORD>20667,271</NORD>
    <SARD>1007,359</SARD>
    <SICI>1844,993</SICI>
    <SUD>2552,363</SUD>
  </Fabbisogno>
  <Fabbisogno>
    <Data>20160908</Data>
    <Mercato>MGP</Mercato>
    <Ora>9</Ora>
    <Italia>40042,759</Italia>
    <CNOR>4285,613</CNOR>
    <CSUD>5872,83</CSUD>
    <NORD>23815,289</NORD>
    <SARD>1130,833</SARD>
    <SICI>2074,249</SICI>
    <SUD>2863,945</SUD>
  </Fabbisogno>
  <Fabbisogno>
    <Data>20160908</Data>
    <Mercato>MGP</Mercato>
    <Ora>10</Ora>
    <Italia>41480,336</Italia>
    <CNOR>4413,968</CNOR>
    <CSUD>6180,096</CSUD>
    <NORD>24551,477</NORD>
    <SARD>1156,552</SARD>
    <SICI>2204,662</SICI>
    <SUD>2973,581</SUD>
  </Fabbisogno>
  <Fabbisogno>
    <Data>20160908</Data>
    <Mercato>MGP</Mercato>
    <Ora>11</Ora>
    <Italia>41399,944</Italia>
    <CNOR>4432,871</CNOR>
    <CSUD>6254,434</CSUD>
    <NORD>24480,407</NORD>
    <SARD>1134,488</SARD>
    <SICI>2163,284</SICI>
    <SUD>2934,46</SUD>
  </Fabbisogno>
  <Fabbisogno>
    <Data>20160908</Data>
    <Mercato>MGP</Mercato>
    <Ora>12</Ora>
    <Italia>41106,767</Italia>
    <CNOR>4400,86</CNOR>
    <CSUD>6270,425</CSUD>
    <NORD>24269,599</NORD>
    <SARD>1094,148</SARD>
    <SICI>2165,138</SICI>
    <SUD>2906,597</SUD>
  </Fabbisogno>
  <Fabbisogno>
    <Data>20160908</Data>
    <Mercato>MGP</Mercato>
    <Ora>13</Ora>
    <Italia>39007,772</Italia>
    <CNOR>4164,03</CNOR>
    <CSUD>6230,779</CSUD>
    <NORD>22507,004</NORD>
    <SARD>1086,997</SARD>
    <SICI>2132,106</SICI>
    <SUD>2886,856</SUD>
  </Fabbisogno>
  <Fabbisogno>
    <Data>20160908</Data>
    <Mercato>MGP</Mercato>
    <Ora>14</Ora>
    <Italia>38720,996</Italia>
    <CNOR>4032,23</CNOR>
    <CSUD>6090,98</CSUD>
    <NORD>22770,024</NORD>
    <SARD>1047,916</SARD>
    <SICI>2034,603</SICI>
    <SUD>2745,243</SUD>
  </Fabbisogno>
  <Fabbisogno>
    <Data>20160908</Data>
    <Mercato>MGP</Mercato>
    <Ora>15</Ora>
    <Italia>39963,327</Italia>
    <CNOR>4251,401</CNOR>
    <CSUD>6158,193</CSUD>
    <NORD>23891,999</NORD>
    <SARD>1032,779</SARD>
    <SICI>1983,808</SICI>
    <SUD>2645,147</SUD>
  </Fabbisogno>
  <Fabbisogno>
    <Data>20160908</Data>
    <Mercato>MGP</Mercato>
    <Ora>16</Ora>
    <Italia>40527,288</Italia>
    <CNOR>4362,017</CNOR>
    <CSUD>6195,86700000001</CSUD>
    <NORD>24175,48</NORD>
    <SARD>1055,816</SARD>
    <SICI>2015,492</SICI>
    <SUD>2722,616</SUD>
  </Fabbisogno>
  <Fabbisogno>
    <Data>20160908</Data>
    <Mercato>MGP</Mercato>
    <Ora>17</Ora>
    <Italia>40872,244</Italia>
    <CNOR>4414,363</CNOR>
    <CSUD>6283,581</CSUD>
    <NORD>24188,664</NORD>
    <SARD>1068,384</SARD>
    <SICI>2107,238</SICI>
    <SUD>2810,014</SUD>
  </Fabbisogno>
  <Fabbisogno>
    <Data>20160908</Data>
    <Mercato>MGP</Mercato>
    <Ora>18</Ora>
    <Italia>40412,29</Italia>
    <CNOR>4384,546</CNOR>
    <CSUD>6215,321</CSUD>
    <NORD>23596,6</NORD>
    <SARD>1113,061</SARD>
    <SICI>2177,911</SICI>
    <SUD>2924,851</SUD>
  </Fabbisogno>
  <Fabbisogno>
    <Data>20160908</Data>
    <Mercato>MGP</Mercato>
    <Ora>19</Ora>
    <Italia>39778,359</Italia>
    <CNOR>4274,149</CNOR>
    <CSUD>6183,24</CSUD>
    <NORD>22829,783</NORD>
    <SARD>1157,104</SARD>
    <SICI>2219,497</SICI>
    <SUD>3114,586</SUD>
  </Fabbisogno>
  <Fabbisogno>
    <Data>20160908</Data>
    <Mercato>MGP</Mercato>
    <Ora>20</Ora>
    <Italia>39948,68</Italia>
    <CNOR>4292,756</CNOR>
    <CSUD>6532,757</CSUD>
    <NORD>22224,472</NORD>
    <SARD>1199,4</SARD>
    <SICI>2358,757</SICI>
    <SUD>3340,538</SUD>
  </Fabbisogno>
  <Fabbisogno>
    <Data>20160908</Data>
    <Mercato>MGP</Mercato>
    <Ora>21</Ora>
    <Italia>40103,867</Italia>
    <CNOR>4311,09</CNOR>
    <CSUD>6648,629</CSUD>
    <NORD>22016,075</NORD>
    <SARD>1293,613</SARD>
    <SICI>2385,838</SICI>
    <SUD>3448,622</SUD>
  </Fabbisogno>
  <Fabbisogno>
    <Data>20160908</Data>
    <Mercato>MGP</Mercato>
    <Ora>22</Ora>
    <Italia>37347,794</Italia>
    <CNOR>4004,956</CNOR>
    <CSUD>6086,96</CSUD>
    <NORD>20713,433</NORD>
    <SARD>1208,756</SARD>
    <SICI>2223,616</SICI>
    <SUD>3110,073</SUD>
  </Fabbisogno>
  <Fabbisogno>
    <Data>20160908</Data>
    <Mercato>MGP</Mercato>
    <Ora>23</Ora>
    <Italia>34096,819</Italia>
    <CNOR>3666,472</CNOR>
    <CSUD>5585,523</CSUD>
    <NORD>18912,827</NORD>
    <SARD>1096,073</SARD>
    <SICI>2065,625</SICI>
    <SUD>2770,299</SUD>
  </Fabbisogno>
  <Fabbisogno>
    <Data>20160908</Data>
    <Mercato>MGP</Mercato>
    <Ora>24</Ora>
    <Italia>31012,733</Italia>
    <CNOR>3315,552</CNOR>
    <CSUD>5054,588</CSUD>
    <NORD>17321,723</NORD>
    <SARD>1015,701</SARD>
    <SICI>1850,792</SICI>
    <SUD>2454,377</SUD>
  </Fabbisogno>
</NewDataSet>