<?xml version="1.0" standalone="yes"?>
<NewDataSet>
  <xs:schema id="NewDataSet" xmlns="" xmlns:xs="http://www.w3.org/2001/XMLSchema" xmlns:msdata="urn:schemas-microsoft-com:xml-msdata">
    <xs:element name="NewDataSet" msdata:IsDataSet="true" msdata:UseCurrentLocale="true">
      <xs:complexType>
        <xs:choice minOccurs="0" maxOccurs="unbounded">
          <xs:element name="Fabbisogno">
            <xs:complexType>
              <xs:sequence>
                <xs:element name="Data" type="xs:string" minOccurs="0" />
                <xs:element name="Mercato" type="xs:string" minOccurs="0" />
                <xs:element name="Ora" type="xs:string" minOccurs="0" />
                <xs:element name="Italia" type="xs:string" minOccurs="0" />
                <xs:element name="CNOR" type="xs:string" minOccurs="0" />
                <xs:element name="CSUD" type="xs:string" minOccurs="0" />
                <xs:element name="NORD" type="xs:string" minOccurs="0" />
                <xs:element name="SARD" type="xs:string" minOccurs="0" />
                <xs:element name="SICI" type="xs:string" minOccurs="0" />
                <xs:element name="SUD" type="xs:string" minOccurs="0" />
              </xs:sequence>
            </xs:complexType>
          </xs:element>
        </xs:choice>
      </xs:complexType>
    </xs:element>
  </xs:schema>
  <Fabbisogno>
    <Data>20160919</Data>
    <Mercato>MGP</Mercato>
    <Ora>1</Ora>
    <Italia>24332,3</Italia>
    <CNOR>2763,007</CNOR>
    <CSUD>4227,344</CSUD>
    <NORD>12531,89</NORD>
    <SARD>927,903</SARD>
    <SICI>1642,229</SICI>
    <SUD>2239,927</SUD>
  </Fabbisogno>
  <Fabbisogno>
    <Data>20160919</Data>
    <Mercato>MGP</Mercato>
    <Ora>2</Ora>
    <Italia>23143,255</Italia>
    <CNOR>2625,967</CNOR>
    <CSUD>3943,586</CSUD>
    <NORD>12070,69</NORD>
    <SARD>886,707</SARD>
    <SICI>1510,174</SICI>
    <SUD>2106,131</SUD>
  </Fabbisogno>
  <Fabbisogno>
    <Data>20160919</Data>
    <Mercato>MGP</Mercato>
    <Ora>3</Ora>
    <Italia>22507,357</Italia>
    <CNOR>2559,334</CNOR>
    <CSUD>3795,452</CSUD>
    <NORD>11836,563</NORD>
    <SARD>837,73</SARD>
    <SICI>1439,63</SICI>
    <SUD>2038,648</SUD>
  </Fabbisogno>
  <Fabbisogno>
    <Data>20160919</Data>
    <Mercato>MGP</Mercato>
    <Ora>4</Ora>
    <Italia>22329,953</Italia>
    <CNOR>2529,985</CNOR>
    <CSUD>3737,76</CSUD>
    <NORD>11811,381</NORD>
    <SARD>829,454</SARD>
    <SICI>1411,687</SICI>
    <SUD>2009,686</SUD>
  </Fabbisogno>
  <Fabbisogno>
    <Data>20160919</Data>
    <Mercato>MGP</Mercato>
    <Ora>5</Ora>
    <Italia>22825,614</Italia>
    <CNOR>2566,198</CNOR>
    <CSUD>3787,589</CSUD>
    <NORD>12186,546</NORD>
    <SARD>859,092</SARD>
    <SICI>1408,145</SICI>
    <SUD>2018,044</SUD>
  </Fabbisogno>
  <Fabbisogno>
    <Data>20160919</Data>
    <Mercato>MGP</Mercato>
    <Ora>6</Ora>
    <Italia>24465,859</Italia>
    <CNOR>2747,026</CNOR>
    <CSUD>4004,992</CSUD>
    <NORD>13278,667</NORD>
    <SARD>854,467</SARD>
    <SICI>1483,341</SICI>
    <SUD>2097,366</SUD>
  </Fabbisogno>
  <Fabbisogno>
    <Data>20160919</Data>
    <Mercato>MGP</Mercato>
    <Ora>7</Ora>
    <Italia>28797,974</Italia>
    <CNOR>3166,91</CNOR>
    <CSUD>4549,941</CSUD>
    <NORD>16348,278</NORD>
    <SARD>938,093</SARD>
    <SICI>1594,124</SICI>
    <SUD>2200,628</SUD>
  </Fabbisogno>
  <Fabbisogno>
    <Data>20160919</Data>
    <Mercato>MGP</Mercato>
    <Ora>8</Ora>
    <Italia>32885,996</Italia>
    <CNOR>3511,172</CNOR>
    <CSUD>5040,746</CSUD>
    <NORD>19100,13</NORD>
    <SARD>983,332</SARD>
    <SICI>1770,606</SICI>
    <SUD>2480,01</SUD>
  </Fabbisogno>
  <Fabbisogno>
    <Data>20160919</Data>
    <Mercato>MGP</Mercato>
    <Ora>9</Ora>
    <Italia>37756,176</Italia>
    <CNOR>3995,871</CNOR>
    <CSUD>5644,575</CSUD>
    <NORD>22216,686</NORD>
    <SARD>1092,921</SARD>
    <SICI>1992,921</SICI>
    <SUD>2813,202</SUD>
  </Fabbisogno>
  <Fabbisogno>
    <Data>20160919</Data>
    <Mercato>MGP</Mercato>
    <Ora>10</Ora>
    <Italia>39041,96</Italia>
    <CNOR>4126,498</CNOR>
    <CSUD>5934,063</CSUD>
    <NORD>22880,93</NORD>
    <SARD>1096,633</SARD>
    <SICI>2113,857</SICI>
    <SUD>2889,979</SUD>
  </Fabbisogno>
  <Fabbisogno>
    <Data>20160919</Data>
    <Mercato>MGP</Mercato>
    <Ora>11</Ora>
    <Italia>38936,999</Italia>
    <CNOR>4115,071</CNOR>
    <CSUD>5987,057</CSUD>
    <NORD>22828,94</NORD>
    <SARD>1065,773</SARD>
    <SICI>2075,717</SICI>
    <SUD>2864,441</SUD>
  </Fabbisogno>
  <Fabbisogno>
    <Data>20160919</Data>
    <Mercato>MGP</Mercato>
    <Ora>12</Ora>
    <Italia>38918,344</Italia>
    <CNOR>4148,453</CNOR>
    <CSUD>6093,596</CSUD>
    <NORD>22646,246</NORD>
    <SARD>1075,677</SARD>
    <SICI>2074,553</SICI>
    <SUD>2879,819</SUD>
  </Fabbisogno>
  <Fabbisogno>
    <Data>20160919</Data>
    <Mercato>MGP</Mercato>
    <Ora>13</Ora>
    <Italia>36828,434</Italia>
    <CNOR>3859,975</CNOR>
    <CSUD>6072,794</CSUD>
    <NORD>20885,62</NORD>
    <SARD>1034,03</SARD>
    <SICI>2098,148</SICI>
    <SUD>2877,867</SUD>
  </Fabbisogno>
  <Fabbisogno>
    <Data>20160919</Data>
    <Mercato>MGP</Mercato>
    <Ora>14</Ora>
    <Italia>36529,935</Italia>
    <CNOR>3766,8</CNOR>
    <CSUD>5915,69</CSUD>
    <NORD>21103,82</NORD>
    <SARD>993,175</SARD>
    <SICI>1995,729</SICI>
    <SUD>2754,721</SUD>
  </Fabbisogno>
  <Fabbisogno>
    <Data>20160919</Data>
    <Mercato>MGP</Mercato>
    <Ora>15</Ora>
    <Italia>38032,221</Italia>
    <CNOR>4013,012</CNOR>
    <CSUD>5941,906</CSUD>
    <NORD>22455,215</NORD>
    <SARD>967,904</SARD>
    <SICI>1961,318</SICI>
    <SUD>2692,866</SUD>
  </Fabbisogno>
  <Fabbisogno>
    <Data>20160919</Data>
    <Mercato>MGP</Mercato>
    <Ora>16</Ora>
    <Italia>38569,148</Italia>
    <CNOR>4102,989</CNOR>
    <CSUD>6030,596</CSUD>
    <NORD>22714,898</NORD>
    <SARD>983,585</SARD>
    <SICI>2000,23</SICI>
    <SUD>2736,85</SUD>
  </Fabbisogno>
  <Fabbisogno>
    <Data>20160919</Data>
    <Mercato>MGP</Mercato>
    <Ora>17</Ora>
    <Italia>38812,777</Italia>
    <CNOR>4136,378</CNOR>
    <CSUD>6058,935</CSUD>
    <NORD>22712,081</NORD>
    <SARD>1016,064</SARD>
    <SICI>2087,113</SICI>
    <SUD>2802,206</SUD>
  </Fabbisogno>
  <Fabbisogno>
    <Data>20160919</Data>
    <Mercato>MGP</Mercato>
    <Ora>18</Ora>
    <Italia>38768,203</Italia>
    <CNOR>4136,312</CNOR>
    <CSUD>6101,63999999999</CSUD>
    <NORD>22318,279</NORD>
    <SARD>1076,158</SARD>
    <SICI>2169,359</SICI>
    <SUD>2966,455</SUD>
  </Fabbisogno>
  <Fabbisogno>
    <Data>20160919</Data>
    <Mercato>MGP</Mercato>
    <Ora>19</Ora>
    <Italia>38366,494</Italia>
    <CNOR>4125,529</CNOR>
    <CSUD>6214,564</CSUD>
    <NORD>21557,253</NORD>
    <SARD>1147,806</SARD>
    <SICI>2212,273</SICI>
    <SUD>3109,069</SUD>
  </Fabbisogno>
  <Fabbisogno>
    <Data>20160919</Data>
    <Mercato>MGP</Mercato>
    <Ora>20</Ora>
    <Italia>39848,977</Italia>
    <CNOR>4486,36</CNOR>
    <CSUD>6688,432</CSUD>
    <NORD>21709,518</NORD>
    <SARD>1204,895</SARD>
    <SICI>2377,479</SICI>
    <SUD>3382,293</SUD>
  </Fabbisogno>
  <Fabbisogno>
    <Data>20160919</Data>
    <Mercato>MGP</Mercato>
    <Ora>21</Ora>
    <Italia>39374,114</Italia>
    <CNOR>4242,755</CNOR>
    <CSUD>6613,402</CSUD>
    <NORD>21502,375</NORD>
    <SARD>1253,329</SARD>
    <SICI>2389,431</SICI>
    <SUD>3372,822</SUD>
  </Fabbisogno>
  <Fabbisogno>
    <Data>20160919</Data>
    <Mercato>MGP</Mercato>
    <Ora>22</Ora>
    <Italia>36335,55</Italia>
    <CNOR>3965,042</CNOR>
    <CSUD>6104,098</CSUD>
    <NORD>19815,151</NORD>
    <SARD>1174,859</SARD>
    <SICI>2196,968</SICI>
    <SUD>3079,432</SUD>
  </Fabbisogno>
  <Fabbisogno>
    <Data>20160919</Data>
    <Mercato>MGP</Mercato>
    <Ora>23</Ora>
    <Italia>33200,065</Italia>
    <CNOR>3608,326</CNOR>
    <CSUD>5566,331</CSUD>
    <NORD>18044,348</NORD>
    <SARD>1100,814</SARD>
    <SICI>2048,336</SICI>
    <SUD>2831,91</SUD>
  </Fabbisogno>
  <Fabbisogno>
    <Data>20160919</Data>
    <Mercato>MGP</Mercato>
    <Ora>24</Ora>
    <Italia>29932,352</Italia>
    <CNOR>3228,879</CNOR>
    <CSUD>4963,622</CSUD>
    <NORD>16391,769</NORD>
    <SARD>965,252</SARD>
    <SICI>1849,489</SICI>
    <SUD>2533,341</SUD>
  </Fabbisogno>
</NewDataSet>