<?xml version="1.0" standalone="yes"?>
<NewDataSet>
  <xs:schema id="NewDataSet" xmlns="" xmlns:xs="http://www.w3.org/2001/XMLSchema" xmlns:msdata="urn:schemas-microsoft-com:xml-msdata">
    <xs:element name="NewDataSet" msdata:IsDataSet="true" msdata:UseCurrentLocale="true">
      <xs:complexType>
        <xs:choice minOccurs="0" maxOccurs="unbounded">
          <xs:element name="Fabbisogno">
            <xs:complexType>
              <xs:sequence>
                <xs:element name="Data" type="xs:string" minOccurs="0" />
                <xs:element name="Mercato" type="xs:string" minOccurs="0" />
                <xs:element name="Ora" type="xs:string" minOccurs="0" />
                <xs:element name="Italia" type="xs:string" minOccurs="0" />
                <xs:element name="CNOR" type="xs:string" minOccurs="0" />
                <xs:element name="CSUD" type="xs:string" minOccurs="0" />
                <xs:element name="NORD" type="xs:string" minOccurs="0" />
                <xs:element name="SARD" type="xs:string" minOccurs="0" />
                <xs:element name="SICI" type="xs:string" minOccurs="0" />
                <xs:element name="SUD" type="xs:string" minOccurs="0" />
              </xs:sequence>
            </xs:complexType>
          </xs:element>
        </xs:choice>
      </xs:complexType>
    </xs:element>
  </xs:schema>
  <Fabbisogno>
    <Data>20160901</Data>
    <Mercato>MGP</Mercato>
    <Ora>1</Ora>
    <Italia>29621,302</Italia>
    <CNOR>3084,234</CNOR>
    <CSUD>4989,655</CSUD>
    <NORD>16168,789</NORD>
    <SARD>1002,487</SARD>
    <SICI>1904,307</SICI>
    <SUD>2471,83</SUD>
  </Fabbisogno>
  <Fabbisogno>
    <Data>20160901</Data>
    <Mercato>MGP</Mercato>
    <Ora>2</Ora>
    <Italia>28155,197</Italia>
    <CNOR>2940,291</CNOR>
    <CSUD>4670,204</CSUD>
    <NORD>15469,722</NORD>
    <SARD>997,035</SARD>
    <SICI>1751,579</SICI>
    <SUD>2326,366</SUD>
  </Fabbisogno>
  <Fabbisogno>
    <Data>20160901</Data>
    <Mercato>MGP</Mercato>
    <Ora>3</Ora>
    <Italia>27303,568</Italia>
    <CNOR>2849,68</CNOR>
    <CSUD>4506,3</CSUD>
    <NORD>15118,225</NORD>
    <SARD>925,359</SARD>
    <SICI>1661,346</SICI>
    <SUD>2242,658</SUD>
  </Fabbisogno>
  <Fabbisogno>
    <Data>20160901</Data>
    <Mercato>MGP</Mercato>
    <Ora>4</Ora>
    <Italia>26828,571</Italia>
    <CNOR>2800,497</CNOR>
    <CSUD>4388,404</CSUD>
    <NORD>14910,361</NORD>
    <SARD>915,045</SARD>
    <SICI>1618,693</SICI>
    <SUD>2195,571</SUD>
  </Fabbisogno>
  <Fabbisogno>
    <Data>20160901</Data>
    <Mercato>MGP</Mercato>
    <Ora>5</Ora>
    <Italia>26863,402</Italia>
    <CNOR>2761,742</CNOR>
    <CSUD>4380,608</CSUD>
    <NORD>15009,372</NORD>
    <SARD>914,092</SARD>
    <SICI>1605,425</SICI>
    <SUD>2192,163</SUD>
  </Fabbisogno>
  <Fabbisogno>
    <Data>20160901</Data>
    <Mercato>MGP</Mercato>
    <Ora>6</Ora>
    <Italia>28215,878</Italia>
    <CNOR>2888,769</CNOR>
    <CSUD>4549,588</CSUD>
    <NORD>15883,429</NORD>
    <SARD>965,941</SARD>
    <SICI>1671,503</SICI>
    <SUD>2256,648</SUD>
  </Fabbisogno>
  <Fabbisogno>
    <Data>20160901</Data>
    <Mercato>MGP</Mercato>
    <Ora>7</Ora>
    <Italia>30625,106</Italia>
    <CNOR>3134,399</CNOR>
    <CSUD>4823,861</CSUD>
    <NORD>17592,742</NORD>
    <SARD>1028,823</SARD>
    <SICI>1744,235</SICI>
    <SUD>2301,046</SUD>
  </Fabbisogno>
  <Fabbisogno>
    <Data>20160901</Data>
    <Mercato>MGP</Mercato>
    <Ora>8</Ora>
    <Italia>34968,816</Italia>
    <CNOR>3595,944</CNOR>
    <CSUD>5351,555</CSUD>
    <NORD>20405,679</NORD>
    <SARD>1124,96</SARD>
    <SICI>1917,314</SICI>
    <SUD>2573,364</SUD>
  </Fabbisogno>
  <Fabbisogno>
    <Data>20160901</Data>
    <Mercato>MGP</Mercato>
    <Ora>9</Ora>
    <Italia>39869,048</Italia>
    <CNOR>4150,844</CNOR>
    <CSUD>6093,776</CSUD>
    <NORD>23331,523</NORD>
    <SARD>1192,451</SARD>
    <SICI>2158,645</SICI>
    <SUD>2941,809</SUD>
  </Fabbisogno>
  <Fabbisogno>
    <Data>20160901</Data>
    <Mercato>MGP</Mercato>
    <Ora>10</Ora>
    <Italia>41228,199</Italia>
    <CNOR>4310,377</CNOR>
    <CSUD>6509,491</CSUD>
    <NORD>23820,076</NORD>
    <SARD>1207,581</SARD>
    <SICI>2339,708</SICI>
    <SUD>3040,966</SUD>
  </Fabbisogno>
  <Fabbisogno>
    <Data>20160901</Data>
    <Mercato>MGP</Mercato>
    <Ora>11</Ora>
    <Italia>41852,617</Italia>
    <CNOR>4379,862</CNOR>
    <CSUD>6690,272</CSUD>
    <NORD>24227,45</NORD>
    <SARD>1184,783</SARD>
    <SICI>2333,189</SICI>
    <SUD>3037,061</SUD>
  </Fabbisogno>
  <Fabbisogno>
    <Data>20160901</Data>
    <Mercato>MGP</Mercato>
    <Ora>12</Ora>
    <Italia>41751,182</Italia>
    <CNOR>4402,184</CNOR>
    <CSUD>6776,033</CSUD>
    <NORD>24073,214</NORD>
    <SARD>1162,053</SARD>
    <SICI>2304,424</SICI>
    <SUD>3033,274</SUD>
  </Fabbisogno>
  <Fabbisogno>
    <Data>20160901</Data>
    <Mercato>MGP</Mercato>
    <Ora>13</Ora>
    <Italia>39827,038</Italia>
    <CNOR>4163,376</CNOR>
    <CSUD>6787,963</CSUD>
    <NORD>22337,264</NORD>
    <SARD>1155,754</SARD>
    <SICI>2317,09</SICI>
    <SUD>3065,591</SUD>
  </Fabbisogno>
  <Fabbisogno>
    <Data>20160901</Data>
    <Mercato>MGP</Mercato>
    <Ora>14</Ora>
    <Italia>39745,734</Italia>
    <CNOR>4065,754</CNOR>
    <CSUD>6666,616</CSUD>
    <NORD>22709,073</NORD>
    <SARD>1112,311</SARD>
    <SICI>2230,694</SICI>
    <SUD>2961,286</SUD>
  </Fabbisogno>
  <Fabbisogno>
    <Data>20160901</Data>
    <Mercato>MGP</Mercato>
    <Ora>15</Ora>
    <Italia>40671,885</Italia>
    <CNOR>4232,28</CNOR>
    <CSUD>6629,606</CSUD>
    <NORD>23659,153</NORD>
    <SARD>1094,159</SARD>
    <SICI>2148,232</SICI>
    <SUD>2908,455</SUD>
  </Fabbisogno>
  <Fabbisogno>
    <Data>20160901</Data>
    <Mercato>MGP</Mercato>
    <Ora>16</Ora>
    <Italia>41296,831</Italia>
    <CNOR>4370,419</CNOR>
    <CSUD>6737,265</CSUD>
    <NORD>23944,652</NORD>
    <SARD>1103,15</SARD>
    <SICI>2194,151</SICI>
    <SUD>2947,194</SUD>
  </Fabbisogno>
  <Fabbisogno>
    <Data>20160901</Data>
    <Mercato>MGP</Mercato>
    <Ora>17</Ora>
    <Italia>41633,243</Italia>
    <CNOR>4431,001</CNOR>
    <CSUD>6789,169</CSUD>
    <NORD>23949,941</NORD>
    <SARD>1134,278</SARD>
    <SICI>2292,331</SICI>
    <SUD>3036,523</SUD>
  </Fabbisogno>
  <Fabbisogno>
    <Data>20160901</Data>
    <Mercato>MGP</Mercato>
    <Ora>18</Ora>
    <Italia>41122,334</Italia>
    <CNOR>4401,895</CNOR>
    <CSUD>6771,178</CSUD>
    <NORD>23220,612</NORD>
    <SARD>1186,949</SARD>
    <SICI>2337,712</SICI>
    <SUD>3203,988</SUD>
  </Fabbisogno>
  <Fabbisogno>
    <Data>20160901</Data>
    <Mercato>MGP</Mercato>
    <Ora>19</Ora>
    <Italia>40932,101</Italia>
    <CNOR>4360,679</CNOR>
    <CSUD>6736,672</CSUD>
    <NORD>22892,989</NORD>
    <SARD>1287,449</SARD>
    <SICI>2353,207</SICI>
    <SUD>3301,105</SUD>
  </Fabbisogno>
  <Fabbisogno>
    <Data>20160901</Data>
    <Mercato>MGP</Mercato>
    <Ora>20</Ora>
    <Italia>41540,164</Italia>
    <CNOR>4401,828</CNOR>
    <CSUD>7002,076</CSUD>
    <NORD>22822,916</NORD>
    <SARD>1340,05</SARD>
    <SICI>2504,416</SICI>
    <SUD>3468,878</SUD>
  </Fabbisogno>
  <Fabbisogno>
    <Data>20160901</Data>
    <Mercato>MGP</Mercato>
    <Ora>21</Ora>
    <Italia>41455,959</Italia>
    <CNOR>4375,468</CNOR>
    <CSUD>7150,768</CSUD>
    <NORD>22434,318</NORD>
    <SARD>1342,488</SARD>
    <SICI>2507,91</SICI>
    <SUD>3645,007</SUD>
  </Fabbisogno>
  <Fabbisogno>
    <Data>20160901</Data>
    <Mercato>MGP</Mercato>
    <Ora>22</Ora>
    <Italia>38985,673</Italia>
    <CNOR>4116,712</CNOR>
    <CSUD>6661,497</CSUD>
    <NORD>21195,815</NORD>
    <SARD>1317,004</SARD>
    <SICI>2375,572</SICI>
    <SUD>3319,073</SUD>
  </Fabbisogno>
  <Fabbisogno>
    <Data>20160901</Data>
    <Mercato>MGP</Mercato>
    <Ora>23</Ora>
    <Italia>35668,118</Italia>
    <CNOR>3733,155</CNOR>
    <CSUD>6119,173</CSUD>
    <NORD>19346,01</NORD>
    <SARD>1224,235</SARD>
    <SICI>2217,294</SICI>
    <SUD>3028,251</SUD>
  </Fabbisogno>
  <Fabbisogno>
    <Data>20160901</Data>
    <Mercato>MGP</Mercato>
    <Ora>24</Ora>
    <Italia>32294,826</Italia>
    <CNOR>3326,488</CNOR>
    <CSUD>5497,895</CSUD>
    <NORD>17700,419</NORD>
    <SARD>1076,831</SARD>
    <SICI>1975,347</SICI>
    <SUD>2717,846</SUD>
  </Fabbisogno>
</NewDataSet>