<?xml version="1.0" standalone="yes"?>
<NewDataSet>
  <xs:schema id="NewDataSet" xmlns="" xmlns:xs="http://www.w3.org/2001/XMLSchema" xmlns:msdata="urn:schemas-microsoft-com:xml-msdata">
    <xs:element name="NewDataSet" msdata:IsDataSet="true" msdata:UseCurrentLocale="true">
      <xs:complexType>
        <xs:choice minOccurs="0" maxOccurs="unbounded">
          <xs:element name="Fabbisogno">
            <xs:complexType>
              <xs:sequence>
                <xs:element name="Data" type="xs:string" minOccurs="0" />
                <xs:element name="Mercato" type="xs:string" minOccurs="0" />
                <xs:element name="Ora" type="xs:string" minOccurs="0" />
                <xs:element name="Italia" type="xs:string" minOccurs="0" />
                <xs:element name="CNOR" type="xs:string" minOccurs="0" />
                <xs:element name="CSUD" type="xs:string" minOccurs="0" />
                <xs:element name="NORD" type="xs:string" minOccurs="0" />
                <xs:element name="SARD" type="xs:string" minOccurs="0" />
                <xs:element name="SICI" type="xs:string" minOccurs="0" />
                <xs:element name="SUD" type="xs:string" minOccurs="0" />
              </xs:sequence>
            </xs:complexType>
          </xs:element>
        </xs:choice>
      </xs:complexType>
    </xs:element>
  </xs:schema>
  <Fabbisogno>
    <Data>20160923</Data>
    <Mercato>MGP</Mercato>
    <Ora>1</Ora>
    <Italia>27912,639</Italia>
    <CNOR>3108,952</CNOR>
    <CSUD>4578,198</CSUD>
    <NORD>15282,75</NORD>
    <SARD>937,359</SARD>
    <SICI>1722,158</SICI>
    <SUD>2283,222</SUD>
  </Fabbisogno>
  <Fabbisogno>
    <Data>20160923</Data>
    <Mercato>MGP</Mercato>
    <Ora>2</Ora>
    <Italia>26481,405</Italia>
    <CNOR>2943,866</CNOR>
    <CSUD>4298,993</CSUD>
    <NORD>14578,048</NORD>
    <SARD>898,414</SARD>
    <SICI>1595,582</SICI>
    <SUD>2166,502</SUD>
  </Fabbisogno>
  <Fabbisogno>
    <Data>20160923</Data>
    <Mercato>MGP</Mercato>
    <Ora>3</Ora>
    <Italia>25735,07</Italia>
    <CNOR>2867,439</CNOR>
    <CSUD>4132,739</CSUD>
    <NORD>14238,592</NORD>
    <SARD>879,563</SARD>
    <SICI>1511,972</SICI>
    <SUD>2104,765</SUD>
  </Fabbisogno>
  <Fabbisogno>
    <Data>20160923</Data>
    <Mercato>MGP</Mercato>
    <Ora>4</Ora>
    <Italia>25401,758</Italia>
    <CNOR>2823,823</CNOR>
    <CSUD>4053,752</CSUD>
    <NORD>14118,353</NORD>
    <SARD>860,533</SARD>
    <SICI>1478,603</SICI>
    <SUD>2066,694</SUD>
  </Fabbisogno>
  <Fabbisogno>
    <Data>20160923</Data>
    <Mercato>MGP</Mercato>
    <Ora>5</Ora>
    <Italia>25578,544</Italia>
    <CNOR>2821,988</CNOR>
    <CSUD>4068,257</CSUD>
    <NORD>14265,004</NORD>
    <SARD>863,306</SARD>
    <SICI>1486,625</SICI>
    <SUD>2073,364</SUD>
  </Fabbisogno>
  <Fabbisogno>
    <Data>20160923</Data>
    <Mercato>MGP</Mercato>
    <Ora>6</Ora>
    <Italia>26991,447</Italia>
    <CNOR>2944,005</CNOR>
    <CSUD>4239,76</CSUD>
    <NORD>15229,541</NORD>
    <SARD>878,898</SARD>
    <SICI>1557,303</SICI>
    <SUD>2141,94</SUD>
  </Fabbisogno>
  <Fabbisogno>
    <Data>20160923</Data>
    <Mercato>MGP</Mercato>
    <Ora>7</Ora>
    <Italia>30811,044</Italia>
    <CNOR>3335,256</CNOR>
    <CSUD>4818,832</CSUD>
    <NORD>17694,652</NORD>
    <SARD>955,021</SARD>
    <SICI>1685,968</SICI>
    <SUD>2321,315</SUD>
  </Fabbisogno>
  <Fabbisogno>
    <Data>20160923</Data>
    <Mercato>MGP</Mercato>
    <Ora>8</Ora>
    <Italia>35094,642</Italia>
    <CNOR>3656,254</CNOR>
    <CSUD>5185,836</CSUD>
    <NORD>20815,366</NORD>
    <SARD>1067,966</SARD>
    <SICI>1861,158</SICI>
    <SUD>2508,062</SUD>
  </Fabbisogno>
  <Fabbisogno>
    <Data>20160923</Data>
    <Mercato>MGP</Mercato>
    <Ora>9</Ora>
    <Italia>39301,099</Italia>
    <CNOR>4200,416</CNOR>
    <CSUD>5861,968</CSUD>
    <NORD>23293,304</NORD>
    <SARD>1151,08</SARD>
    <SICI>2049,176</SICI>
    <SUD>2745,155</SUD>
  </Fabbisogno>
  <Fabbisogno>
    <Data>20160923</Data>
    <Mercato>MGP</Mercato>
    <Ora>10</Ora>
    <Italia>40222,901</Italia>
    <CNOR>4323,789</CNOR>
    <CSUD>6028,205</CSUD>
    <NORD>23837,016</NORD>
    <SARD>1151,542</SARD>
    <SICI>2140,552</SICI>
    <SUD>2741,797</SUD>
  </Fabbisogno>
  <Fabbisogno>
    <Data>20160923</Data>
    <Mercato>MGP</Mercato>
    <Ora>11</Ora>
    <Italia>40005,482</Italia>
    <CNOR>4296,625</CNOR>
    <CSUD>6064,026</CSUD>
    <NORD>23710,88</NORD>
    <SARD>1120,558</SARD>
    <SICI>2106,856</SICI>
    <SUD>2706,537</SUD>
  </Fabbisogno>
  <Fabbisogno>
    <Data>20160923</Data>
    <Mercato>MGP</Mercato>
    <Ora>12</Ora>
    <Italia>39473,55</Italia>
    <CNOR>4249,81</CNOR>
    <CSUD>6004,124</CSUD>
    <NORD>23360,845</NORD>
    <SARD>1041,618</SARD>
    <SICI>2112,59</SICI>
    <SUD>2704,563</SUD>
  </Fabbisogno>
  <Fabbisogno>
    <Data>20160923</Data>
    <Mercato>MGP</Mercato>
    <Ora>13</Ora>
    <Italia>37338,36</Italia>
    <CNOR>4019,121</CNOR>
    <CSUD>6071,258</CSUD>
    <NORD>21404,558</NORD>
    <SARD>1047,556</SARD>
    <SICI>2092,217</SICI>
    <SUD>2703,65</SUD>
  </Fabbisogno>
  <Fabbisogno>
    <Data>20160923</Data>
    <Mercato>MGP</Mercato>
    <Ora>14</Ora>
    <Italia>36698,007</Italia>
    <CNOR>3895,545</CNOR>
    <CSUD>5869,225</CSUD>
    <NORD>21343,493</NORD>
    <SARD>1000,428</SARD>
    <SICI>2008,17</SICI>
    <SUD>2581,146</SUD>
  </Fabbisogno>
  <Fabbisogno>
    <Data>20160923</Data>
    <Mercato>MGP</Mercato>
    <Ora>15</Ora>
    <Italia>37650,724</Italia>
    <CNOR>4098,702</CNOR>
    <CSUD>5852,75</CSUD>
    <NORD>22262,697</NORD>
    <SARD>969,724</SARD>
    <SICI>1931,32</SICI>
    <SUD>2535,531</SUD>
  </Fabbisogno>
  <Fabbisogno>
    <Data>20160923</Data>
    <Mercato>MGP</Mercato>
    <Ora>16</Ora>
    <Italia>37820,373</Italia>
    <CNOR>4108,32</CNOR>
    <CSUD>5802,058</CSUD>
    <NORD>22399,986</NORD>
    <SARD>964,619</SARD>
    <SICI>1951,447</SICI>
    <SUD>2593,943</SUD>
  </Fabbisogno>
  <Fabbisogno>
    <Data>20160923</Data>
    <Mercato>MGP</Mercato>
    <Ora>17</Ora>
    <Italia>38304,303</Italia>
    <CNOR>4218,32</CNOR>
    <CSUD>5941,569</CSUD>
    <NORD>22339,184</NORD>
    <SARD>1015,244</SARD>
    <SICI>2061,193</SICI>
    <SUD>2728,793</SUD>
  </Fabbisogno>
  <Fabbisogno>
    <Data>20160923</Data>
    <Mercato>MGP</Mercato>
    <Ora>18</Ora>
    <Italia>38168,759</Italia>
    <CNOR>4201,476</CNOR>
    <CSUD>6086,407</CSUD>
    <NORD>21732,24</NORD>
    <SARD>1086,001</SARD>
    <SICI>2148,353</SICI>
    <SUD>2914,282</SUD>
  </Fabbisogno>
  <Fabbisogno>
    <Data>20160923</Data>
    <Mercato>MGP</Mercato>
    <Ora>19</Ora>
    <Italia>38198,483</Italia>
    <CNOR>4190,897</CNOR>
    <CSUD>6206,004</CSUD>
    <NORD>21326,022</NORD>
    <SARD>1188,352</SARD>
    <SICI>2193,868</SICI>
    <SUD>3093,34</SUD>
  </Fabbisogno>
  <Fabbisogno>
    <Data>20160923</Data>
    <Mercato>MGP</Mercato>
    <Ora>20</Ora>
    <Italia>40020,923</Italia>
    <CNOR>4433,564</CNOR>
    <CSUD>6910,584</CSUD>
    <NORD>21669,888</NORD>
    <SARD>1217,253</SARD>
    <SICI>2361,31</SICI>
    <SUD>3428,324</SUD>
  </Fabbisogno>
  <Fabbisogno>
    <Data>20160923</Data>
    <Mercato>MGP</Mercato>
    <Ora>21</Ora>
    <Italia>38832,811</Italia>
    <CNOR>4332,349</CNOR>
    <CSUD>6750,497</CSUD>
    <NORD>20748,959</NORD>
    <SARD>1270,128</SARD>
    <SICI>2350,152</SICI>
    <SUD>3380,726</SUD>
  </Fabbisogno>
  <Fabbisogno>
    <Data>20160923</Data>
    <Mercato>MGP</Mercato>
    <Ora>22</Ora>
    <Italia>35913,461</Italia>
    <CNOR>4051,577</CNOR>
    <CSUD>6153,537</CSUD>
    <NORD>19231,181</NORD>
    <SARD>1243,991</SARD>
    <SICI>2159,545</SICI>
    <SUD>3073,63</SUD>
  </Fabbisogno>
  <Fabbisogno>
    <Data>20160923</Data>
    <Mercato>MGP</Mercato>
    <Ora>23</Ora>
    <Italia>32638,464</Italia>
    <CNOR>3685,041</CNOR>
    <CSUD>5606,658</CSUD>
    <NORD>17433,048</NORD>
    <SARD>1099,242</SARD>
    <SICI>2024,365</SICI>
    <SUD>2790,11</SUD>
  </Fabbisogno>
  <Fabbisogno>
    <Data>20160923</Data>
    <Mercato>MGP</Mercato>
    <Ora>24</Ora>
    <Italia>29793,956</Italia>
    <CNOR>3331,066</CNOR>
    <CSUD>5045,783</CSUD>
    <NORD>16048,698</NORD>
    <SARD>1021,761</SARD>
    <SICI>1838,5</SICI>
    <SUD>2508,148</SUD>
  </Fabbisogno>
</NewDataSet>