<?xml version="1.0" standalone="yes"?>
<NewDataSet>
  <xs:schema id="NewDataSet" xmlns="" xmlns:xs="http://www.w3.org/2001/XMLSchema" xmlns:msdata="urn:schemas-microsoft-com:xml-msdata">
    <xs:element name="NewDataSet" msdata:IsDataSet="true" msdata:UseCurrentLocale="true">
      <xs:complexType>
        <xs:choice minOccurs="0" maxOccurs="unbounded">
          <xs:element name="Fabbisogno">
            <xs:complexType>
              <xs:sequence>
                <xs:element name="Data" type="xs:string" minOccurs="0" />
                <xs:element name="Mercato" type="xs:string" minOccurs="0" />
                <xs:element name="Ora" type="xs:string" minOccurs="0" />
                <xs:element name="Italia" type="xs:string" minOccurs="0" />
                <xs:element name="CNOR" type="xs:string" minOccurs="0" />
                <xs:element name="CSUD" type="xs:string" minOccurs="0" />
                <xs:element name="NORD" type="xs:string" minOccurs="0" />
                <xs:element name="SARD" type="xs:string" minOccurs="0" />
                <xs:element name="SICI" type="xs:string" minOccurs="0" />
                <xs:element name="SUD" type="xs:string" minOccurs="0" />
              </xs:sequence>
            </xs:complexType>
          </xs:element>
        </xs:choice>
      </xs:complexType>
    </xs:element>
  </xs:schema>
  <Fabbisogno>
    <Data>20160928</Data>
    <Mercato>MGP</Mercato>
    <Ora>1</Ora>
    <Italia>27605,509</Italia>
    <CNOR>3015,819</CNOR>
    <CSUD>4546,534</CSUD>
    <NORD>15207,88</NORD>
    <SARD>878,006</SARD>
    <SICI>1677,571</SICI>
    <SUD>2279,699</SUD>
  </Fabbisogno>
  <Fabbisogno>
    <Data>20160928</Data>
    <Mercato>MGP</Mercato>
    <Ora>2</Ora>
    <Italia>26134,627</Italia>
    <CNOR>2844,465</CNOR>
    <CSUD>4244,038</CSUD>
    <NORD>14523,295</NORD>
    <SARD>841,073</SARD>
    <SICI>1538,767</SICI>
    <SUD>2142,989</SUD>
  </Fabbisogno>
  <Fabbisogno>
    <Data>20160928</Data>
    <Mercato>MGP</Mercato>
    <Ora>3</Ora>
    <Italia>25439,427</Italia>
    <CNOR>2770,035</CNOR>
    <CSUD>4102,773</CSUD>
    <NORD>14178,488</NORD>
    <SARD>819,395</SARD>
    <SICI>1477,461</SICI>
    <SUD>2091,275</SUD>
  </Fabbisogno>
  <Fabbisogno>
    <Data>20160928</Data>
    <Mercato>MGP</Mercato>
    <Ora>4</Ora>
    <Italia>25110,094</Italia>
    <CNOR>2718,613</CNOR>
    <CSUD>4025,999</CSUD>
    <NORD>14071,148</NORD>
    <SARD>803,682</SARD>
    <SICI>1435</SICI>
    <SUD>2055,652</SUD>
  </Fabbisogno>
  <Fabbisogno>
    <Data>20160928</Data>
    <Mercato>MGP</Mercato>
    <Ora>5</Ora>
    <Italia>25271,328</Italia>
    <CNOR>2720,312</CNOR>
    <CSUD>4018,329</CSUD>
    <NORD>14245,671</NORD>
    <SARD>804,511</SARD>
    <SICI>1419,435</SICI>
    <SUD>2063,07</SUD>
  </Fabbisogno>
  <Fabbisogno>
    <Data>20160928</Data>
    <Mercato>MGP</Mercato>
    <Ora>6</Ora>
    <Italia>26506,336</Italia>
    <CNOR>2848,918</CNOR>
    <CSUD>4211,455</CSUD>
    <NORD>14988,431</NORD>
    <SARD>828,328</SARD>
    <SICI>1488,223</SICI>
    <SUD>2140,981</SUD>
  </Fabbisogno>
  <Fabbisogno>
    <Data>20160928</Data>
    <Mercato>MGP</Mercato>
    <Ora>7</Ora>
    <Italia>30598,297</Italia>
    <CNOR>3183,343</CNOR>
    <CSUD>4744,429</CSUD>
    <NORD>17794,952</NORD>
    <SARD>907,024</SARD>
    <SICI>1679,325</SICI>
    <SUD>2289,224</SUD>
  </Fabbisogno>
  <Fabbisogno>
    <Data>20160928</Data>
    <Mercato>MGP</Mercato>
    <Ora>8</Ora>
    <Italia>35004,113</Italia>
    <CNOR>3573,703</CNOR>
    <CSUD>5241,503</CSUD>
    <NORD>20804,983</NORD>
    <SARD>998,672</SARD>
    <SICI>1883,617</SICI>
    <SUD>2501,635</SUD>
  </Fabbisogno>
  <Fabbisogno>
    <Data>20160928</Data>
    <Mercato>MGP</Mercato>
    <Ora>9</Ora>
    <Italia>39001,977</Italia>
    <CNOR>4070,16</CNOR>
    <CSUD>5772,279</CSUD>
    <NORD>23243,566</NORD>
    <SARD>1077,246</SARD>
    <SICI>2080,296</SICI>
    <SUD>2758,43</SUD>
  </Fabbisogno>
  <Fabbisogno>
    <Data>20160928</Data>
    <Mercato>MGP</Mercato>
    <Ora>10</Ora>
    <Italia>39796,048</Italia>
    <CNOR>4144,388</CNOR>
    <CSUD>5894,826</CSUD>
    <NORD>23796,247</NORD>
    <SARD>1066,437</SARD>
    <SICI>2143,252</SICI>
    <SUD>2750,898</SUD>
  </Fabbisogno>
  <Fabbisogno>
    <Data>20160928</Data>
    <Mercato>MGP</Mercato>
    <Ora>11</Ora>
    <Italia>39675,89</Italia>
    <CNOR>4159,173</CNOR>
    <CSUD>5968,448</CSUD>
    <NORD>23690,21</NORD>
    <SARD>1044,92</SARD>
    <SICI>2110,798</SICI>
    <SUD>2702,341</SUD>
  </Fabbisogno>
  <Fabbisogno>
    <Data>20160928</Data>
    <Mercato>MGP</Mercato>
    <Ora>12</Ora>
    <Italia>39449,629</Italia>
    <CNOR>4143,233</CNOR>
    <CSUD>6093,186</CSUD>
    <NORD>23426,584</NORD>
    <SARD>1030,502</SARD>
    <SICI>2075,019</SICI>
    <SUD>2681,105</SUD>
  </Fabbisogno>
  <Fabbisogno>
    <Data>20160928</Data>
    <Mercato>MGP</Mercato>
    <Ora>13</Ora>
    <Italia>37334,379</Italia>
    <CNOR>3880,827</CNOR>
    <CSUD>6058,098</CSUD>
    <NORD>21645,334</NORD>
    <SARD>1021,418</SARD>
    <SICI>2044,566</SICI>
    <SUD>2684,136</SUD>
  </Fabbisogno>
  <Fabbisogno>
    <Data>20160928</Data>
    <Mercato>MGP</Mercato>
    <Ora>14</Ora>
    <Italia>37002,762</Italia>
    <CNOR>3788,901</CNOR>
    <CSUD>5850,527</CSUD>
    <NORD>21863,903</NORD>
    <SARD>985,622</SARD>
    <SICI>1947,023</SICI>
    <SUD>2566,786</SUD>
  </Fabbisogno>
  <Fabbisogno>
    <Data>20160928</Data>
    <Mercato>MGP</Mercato>
    <Ora>15</Ora>
    <Italia>37788,746</Italia>
    <CNOR>3967,813</CNOR>
    <CSUD>5785,431</CSUD>
    <NORD>22619,427</NORD>
    <SARD>938,624</SARD>
    <SICI>1942,448</SICI>
    <SUD>2535,003</SUD>
  </Fabbisogno>
  <Fabbisogno>
    <Data>20160928</Data>
    <Mercato>MGP</Mercato>
    <Ora>16</Ora>
    <Italia>38275,043</Italia>
    <CNOR>4045,285</CNOR>
    <CSUD>5802,329</CSUD>
    <NORD>22886,619</NORD>
    <SARD>946,04</SARD>
    <SICI>2000,191</SICI>
    <SUD>2594,579</SUD>
  </Fabbisogno>
  <Fabbisogno>
    <Data>20160928</Data>
    <Mercato>MGP</Mercato>
    <Ora>17</Ora>
    <Italia>38794,275</Italia>
    <CNOR>4180,193</CNOR>
    <CSUD>6035,565</CSUD>
    <NORD>22785,407</NORD>
    <SARD>996,407</SARD>
    <SICI>2077,734</SICI>
    <SUD>2718,969</SUD>
  </Fabbisogno>
  <Fabbisogno>
    <Data>20160928</Data>
    <Mercato>MGP</Mercato>
    <Ora>18</Ora>
    <Italia>38701,604</Italia>
    <CNOR>4210,437</CNOR>
    <CSUD>6120,32</CSUD>
    <NORD>22165,487</NORD>
    <SARD>1040,004</SARD>
    <SICI>2203,698</SICI>
    <SUD>2961,658</SUD>
  </Fabbisogno>
  <Fabbisogno>
    <Data>20160928</Data>
    <Mercato>MGP</Mercato>
    <Ora>19</Ora>
    <Italia>38675,649</Italia>
    <CNOR>4232,252</CNOR>
    <CSUD>6412,939</CSUD>
    <NORD>21535,625</NORD>
    <SARD>1095,154</SARD>
    <SICI>2284,11</SICI>
    <SUD>3115,569</SUD>
  </Fabbisogno>
  <Fabbisogno>
    <Data>20160928</Data>
    <Mercato>MGP</Mercato>
    <Ora>20</Ora>
    <Italia>40485,788</Italia>
    <CNOR>4434,698</CNOR>
    <CSUD>6979,965</CSUD>
    <NORD>21963,083</NORD>
    <SARD>1165,737</SARD>
    <SICI>2455,989</SICI>
    <SUD>3486,316</SUD>
  </Fabbisogno>
  <Fabbisogno>
    <Data>20160928</Data>
    <Mercato>MGP</Mercato>
    <Ora>21</Ora>
    <Italia>38969,884</Italia>
    <CNOR>4273,57</CNOR>
    <CSUD>6755,046</CSUD>
    <NORD>20948,195</NORD>
    <SARD>1188,358</SARD>
    <SICI>2400,923</SICI>
    <SUD>3403,792</SUD>
  </Fabbisogno>
  <Fabbisogno>
    <Data>20160928</Data>
    <Mercato>MGP</Mercato>
    <Ora>22</Ora>
    <Italia>35966,113</Italia>
    <CNOR>3980,216</CNOR>
    <CSUD>6168,683</CSUD>
    <NORD>19471,799</NORD>
    <SARD>1097,302</SARD>
    <SICI>2167,865</SICI>
    <SUD>3080,248</SUD>
  </Fabbisogno>
  <Fabbisogno>
    <Data>20160928</Data>
    <Mercato>MGP</Mercato>
    <Ora>23</Ora>
    <Italia>32971,96</Italia>
    <CNOR>3630,346</CNOR>
    <CSUD>5636,511</CSUD>
    <NORD>17807,467</NORD>
    <SARD>1017,855</SARD>
    <SICI>2060,889</SICI>
    <SUD>2818,892</SUD>
  </Fabbisogno>
  <Fabbisogno>
    <Data>20160928</Data>
    <Mercato>MGP</Mercato>
    <Ora>24</Ora>
    <Italia>29804,347</Italia>
    <CNOR>3237,146</CNOR>
    <CSUD>5033,318</CSUD>
    <NORD>16247,768</NORD>
    <SARD>932,643</SARD>
    <SICI>1847,065</SICI>
    <SUD>2506,407</SUD>
  </Fabbisogno>
</NewDataSet>