<?xml version="1.0" standalone="yes"?>
<NewDataSet>
  <xs:schema id="NewDataSet" xmlns="" xmlns:xs="http://www.w3.org/2001/XMLSchema" xmlns:msdata="urn:schemas-microsoft-com:xml-msdata">
    <xs:element name="NewDataSet" msdata:IsDataSet="true" msdata:UseCurrentLocale="true">
      <xs:complexType>
        <xs:choice minOccurs="0" maxOccurs="unbounded">
          <xs:element name="Fabbisogno">
            <xs:complexType>
              <xs:sequence>
                <xs:element name="Data" type="xs:string" minOccurs="0" />
                <xs:element name="Mercato" type="xs:string" minOccurs="0" />
                <xs:element name="Ora" type="xs:string" minOccurs="0" />
                <xs:element name="Italia" type="xs:string" minOccurs="0" />
                <xs:element name="CNOR" type="xs:string" minOccurs="0" />
                <xs:element name="CSUD" type="xs:string" minOccurs="0" />
                <xs:element name="NORD" type="xs:string" minOccurs="0" />
                <xs:element name="SARD" type="xs:string" minOccurs="0" />
                <xs:element name="SICI" type="xs:string" minOccurs="0" />
                <xs:element name="SUD" type="xs:string" minOccurs="0" />
              </xs:sequence>
            </xs:complexType>
          </xs:element>
        </xs:choice>
      </xs:complexType>
    </xs:element>
  </xs:schema>
  <Fabbisogno>
    <Data>20160910</Data>
    <Mercato>MGP</Mercato>
    <Ora>1</Ora>
    <Italia>28923,387</Italia>
    <CNOR>3194,416</CNOR>
    <CSUD>4774,511</CSUD>
    <NORD>15803,786</NORD>
    <SARD>1009,421</SARD>
    <SICI>1760,98</SICI>
    <SUD>2380,273</SUD>
  </Fabbisogno>
  <Fabbisogno>
    <Data>20160910</Data>
    <Mercato>MGP</Mercato>
    <Ora>2</Ora>
    <Italia>27240,34</Italia>
    <CNOR>2999,457</CNOR>
    <CSUD>4413,801</CSUD>
    <NORD>15034,703</NORD>
    <SARD>947,367</SARD>
    <SICI>1629,171</SICI>
    <SUD>2215,841</SUD>
  </Fabbisogno>
  <Fabbisogno>
    <Data>20160910</Data>
    <Mercato>MGP</Mercato>
    <Ora>3</Ora>
    <Italia>26230,677</Italia>
    <CNOR>2893,254</CNOR>
    <CSUD>4220,466</CSUD>
    <NORD>14550,038</NORD>
    <SARD>887,818</SARD>
    <SICI>1546,068</SICI>
    <SUD>2133,033</SUD>
  </Fabbisogno>
  <Fabbisogno>
    <Data>20160910</Data>
    <Mercato>MGP</Mercato>
    <Ora>4</Ora>
    <Italia>25715,361</Italia>
    <CNOR>2829,858</CNOR>
    <CSUD>4133,603</CSUD>
    <NORD>14246,287</NORD>
    <SARD>908,773</SARD>
    <SICI>1490,95</SICI>
    <SUD>2105,89</SUD>
  </Fabbisogno>
  <Fabbisogno>
    <Data>20160910</Data>
    <Mercato>MGP</Mercato>
    <Ora>5</Ora>
    <Italia>25486,762</Italia>
    <CNOR>2793,035</CNOR>
    <CSUD>4127,815</CSUD>
    <NORD>14089,453</NORD>
    <SARD>875,804</SARD>
    <SICI>1491,4</SICI>
    <SUD>2109,255</SUD>
  </Fabbisogno>
  <Fabbisogno>
    <Data>20160910</Data>
    <Mercato>MGP</Mercato>
    <Ora>6</Ora>
    <Italia>25728,291</Italia>
    <CNOR>2780,064</CNOR>
    <CSUD>4184,586</CSUD>
    <NORD>14209,94</NORD>
    <SARD>879,159</SARD>
    <SICI>1543,334</SICI>
    <SUD>2131,208</SUD>
  </Fabbisogno>
  <Fabbisogno>
    <Data>20160910</Data>
    <Mercato>MGP</Mercato>
    <Ora>7</Ora>
    <Italia>26609,17</Italia>
    <CNOR>2841,584</CNOR>
    <CSUD>4294,642</CSUD>
    <NORD>14835,608</NORD>
    <SARD>908,17</SARD>
    <SICI>1591,75</SICI>
    <SUD>2137,416</SUD>
  </Fabbisogno>
  <Fabbisogno>
    <Data>20160910</Data>
    <Mercato>MGP</Mercato>
    <Ora>8</Ora>
    <Italia>28535,359</Italia>
    <CNOR>3013,492</CNOR>
    <CSUD>4494,249</CSUD>
    <NORD>15991,102</NORD>
    <SARD>940,649</SARD>
    <SICI>1738,198</SICI>
    <SUD>2357,669</SUD>
  </Fabbisogno>
  <Fabbisogno>
    <Data>20160910</Data>
    <Mercato>MGP</Mercato>
    <Ora>9</Ora>
    <Italia>30709,513</Italia>
    <CNOR>3191,891</CNOR>
    <CSUD>4912,45</CSUD>
    <NORD>17192,65</NORD>
    <SARD>1000,996</SARD>
    <SICI>1883,471</SICI>
    <SUD>2528,055</SUD>
  </Fabbisogno>
  <Fabbisogno>
    <Data>20160910</Data>
    <Mercato>MGP</Mercato>
    <Ora>10</Ora>
    <Italia>31979,385</Italia>
    <CNOR>3269,659</CNOR>
    <CSUD>5223,396</CSUD>
    <NORD>17825,055</NORD>
    <SARD>1020,894</SARD>
    <SICI>2023,526</SICI>
    <SUD>2616,855</SUD>
  </Fabbisogno>
  <Fabbisogno>
    <Data>20160910</Data>
    <Mercato>MGP</Mercato>
    <Ora>11</Ora>
    <Italia>32052,674</Italia>
    <CNOR>3280,795</CNOR>
    <CSUD>5353,251</CSUD>
    <NORD>17828,115</NORD>
    <SARD>1001,414</SARD>
    <SICI>2019,904</SICI>
    <SUD>2569,195</SUD>
  </Fabbisogno>
  <Fabbisogno>
    <Data>20160910</Data>
    <Mercato>MGP</Mercato>
    <Ora>12</Ora>
    <Italia>31630,304</Italia>
    <CNOR>3247,07</CNOR>
    <CSUD>5366,201</CSUD>
    <NORD>17486,392</NORD>
    <SARD>991,138</SARD>
    <SICI>1980,221</SICI>
    <SUD>2559,282</SUD>
  </Fabbisogno>
  <Fabbisogno>
    <Data>20160910</Data>
    <Mercato>MGP</Mercato>
    <Ora>13</Ora>
    <Italia>30411,83</Italia>
    <CNOR>3147,2</CNOR>
    <CSUD>5345,986</CSUD>
    <NORD>16449,181</NORD>
    <SARD>976,925</SARD>
    <SICI>1970,413</SICI>
    <SUD>2522,125</SUD>
  </Fabbisogno>
  <Fabbisogno>
    <Data>20160910</Data>
    <Mercato>MGP</Mercato>
    <Ora>14</Ora>
    <Italia>29235,811</Italia>
    <CNOR>2956,056</CNOR>
    <CSUD>5148,119</CSUD>
    <NORD>15899,36</NORD>
    <SARD>936,825</SARD>
    <SICI>1887,053</SICI>
    <SUD>2408,398</SUD>
  </Fabbisogno>
  <Fabbisogno>
    <Data>20160910</Data>
    <Mercato>MGP</Mercato>
    <Ora>15</Ora>
    <Italia>28785,224</Italia>
    <CNOR>2963,456</CNOR>
    <CSUD>4998,599</CSUD>
    <NORD>15820,732</NORD>
    <SARD>912,476</SARD>
    <SICI>1808,459</SICI>
    <SUD>2281,502</SUD>
  </Fabbisogno>
  <Fabbisogno>
    <Data>20160910</Data>
    <Mercato>MGP</Mercato>
    <Ora>16</Ora>
    <Italia>28990,193</Italia>
    <CNOR>2990,456</CNOR>
    <CSUD>5026,196</CSUD>
    <NORD>15914,309</NORD>
    <SARD>921,232</SARD>
    <SICI>1814,004</SICI>
    <SUD>2323,996</SUD>
  </Fabbisogno>
  <Fabbisogno>
    <Data>20160910</Data>
    <Mercato>MGP</Mercato>
    <Ora>17</Ora>
    <Italia>29591,951</Italia>
    <CNOR>3059,709</CNOR>
    <CSUD>5133,333</CSUD>
    <NORD>16110,679</NORD>
    <SARD>947,092</SARD>
    <SICI>1915,048</SICI>
    <SUD>2426,09</SUD>
  </Fabbisogno>
  <Fabbisogno>
    <Data>20160910</Data>
    <Mercato>MGP</Mercato>
    <Ora>18</Ora>
    <Italia>30729,303</Italia>
    <CNOR>3247,625</CNOR>
    <CSUD>5339,435</CSUD>
    <NORD>16442,437</NORD>
    <SARD>1011,552</SARD>
    <SICI>2053,434</SICI>
    <SUD>2634,82</SUD>
  </Fabbisogno>
  <Fabbisogno>
    <Data>20160910</Data>
    <Mercato>MGP</Mercato>
    <Ora>19</Ora>
    <Italia>32140,809</Italia>
    <CNOR>3438,833</CNOR>
    <CSUD>5531,889</CSUD>
    <NORD>17184,641</NORD>
    <SARD>1057,94</SARD>
    <SICI>2106,191</SICI>
    <SUD>2821,315</SUD>
  </Fabbisogno>
  <Fabbisogno>
    <Data>20160910</Data>
    <Mercato>MGP</Mercato>
    <Ora>20</Ora>
    <Italia>34342,849</Italia>
    <CNOR>3748,018</CNOR>
    <CSUD>6068,92</CSUD>
    <NORD>17889,959</NORD>
    <SARD>1167,143</SARD>
    <SICI>2295,456</SICI>
    <SUD>3173,353</SUD>
  </Fabbisogno>
  <Fabbisogno>
    <Data>20160910</Data>
    <Mercato>MGP</Mercato>
    <Ora>21</Ora>
    <Italia>34840,808</Italia>
    <CNOR>3821,906</CNOR>
    <CSUD>6213,392</CSUD>
    <NORD>17982,428</NORD>
    <SARD>1238,046</SARD>
    <SICI>2350,428</SICI>
    <SUD>3234,608</SUD>
  </Fabbisogno>
  <Fabbisogno>
    <Data>20160910</Data>
    <Mercato>MGP</Mercato>
    <Ora>22</Ora>
    <Italia>32423,752</Italia>
    <CNOR>3612,018</CNOR>
    <CSUD>5669,09</CSUD>
    <NORD>16910,298</NORD>
    <SARD>1160,863</SARD>
    <SICI>2147,656</SICI>
    <SUD>2923,827</SUD>
  </Fabbisogno>
  <Fabbisogno>
    <Data>20160910</Data>
    <Mercato>MGP</Mercato>
    <Ora>23</Ora>
    <Italia>30154,044</Italia>
    <CNOR>3301,935</CNOR>
    <CSUD>5282,682</CSUD>
    <NORD>15804,165</NORD>
    <SARD>1080,096</SARD>
    <SICI>2005,884</SICI>
    <SUD>2679,282</SUD>
  </Fabbisogno>
  <Fabbisogno>
    <Data>20160910</Data>
    <Mercato>MGP</Mercato>
    <Ora>24</Ora>
    <Italia>27833,311</Italia>
    <CNOR>3012,9</CNOR>
    <CSUD>4838,34</CSUD>
    <NORD>14730,697</NORD>
    <SARD>990,036</SARD>
    <SICI>1859,97</SICI>
    <SUD>2401,368</SUD>
  </Fabbisogno>
</NewDataSet>