<?xml version="1.0" standalone="yes"?>
<NewDataSet>
  <xs:schema id="NewDataSet" xmlns="" xmlns:xs="http://www.w3.org/2001/XMLSchema" xmlns:msdata="urn:schemas-microsoft-com:xml-msdata">
    <xs:element name="NewDataSet" msdata:IsDataSet="true" msdata:UseCurrentLocale="true">
      <xs:complexType>
        <xs:choice minOccurs="0" maxOccurs="unbounded">
          <xs:element name="Prezzi">
            <xs:complexType>
              <xs:sequence>
                <xs:element name="Data" type="xs:string" minOccurs="0" />
                <xs:element name="Mercato" type="xs:string" minOccurs="0" />
                <xs:element name="Ora" type="xs:string" minOccurs="0" />
                <xs:element name="PUN" type="xs:string" minOccurs="0" />
                <xs:element name="NAT" type="xs:string" minOccurs="0" />
                <xs:element name="CNOR" type="xs:string" minOccurs="0" />
                <xs:element name="CSUD" type="xs:string" minOccurs="0" />
                <xs:element name="NORD" type="xs:string" minOccurs="0" />
                <xs:element name="SARD" type="xs:string" minOccurs="0" />
                <xs:element name="SICI" type="xs:string" minOccurs="0" />
                <xs:element name="SUD" type="xs:string" minOccurs="0" />
                <xs:element name="AUST" type="xs:string" minOccurs="0" />
                <xs:element name="BRNN" type="xs:string" minOccurs="0" />
                <xs:element name="COAC" type="xs:string" minOccurs="0" />
                <xs:element name="CORS" type="xs:string" minOccurs="0" />
                <xs:element name="FOGN" type="xs:string" minOccurs="0" />
                <xs:element name="FRAN" type="xs:string" minOccurs="0" />
                <xs:element name="GREC" type="xs:string" minOccurs="0" />
                <xs:element name="MFTV" type="xs:string" minOccurs="0" />
                <xs:element name="PRGP" type="xs:string" minOccurs="0" />
                <xs:element name="ROSN" type="xs:string" minOccurs="0" />
                <xs:element name="SLOV" type="xs:string" minOccurs="0" />
                <xs:element name="SVIZ" type="xs:string" minOccurs="0" />
                <xs:element name="BSP" type="xs:string" minOccurs="0" />
              </xs:sequence>
            </xs:complexType>
          </xs:element>
        </xs:choice>
      </xs:complexType>
    </xs:element>
  </xs:schema>
  <Prezzi>
    <Data>20140114</Data>
    <Mercato>MGP</Mercato>
    <Ora>1</Ora>
    <PUN>55,49</PUN>
    <NAT>55</NAT>
    <CNOR>54,405227</CNOR>
    <CSUD>54,405227</CSUD>
    <NORD>54,405227</NORD>
    <SARD>54,405227</SARD>
    <SICI>70</SICI>
    <SUD>54,405227</SUD>
    <AUST>54,405227</AUST>
    <BRNN>54,405227</BRNN>
    <COAC>54,405227</COAC>
    <CORS>54,405227</CORS>
    <FOGN>54,405227</FOGN>
    <FRAN>54,405227</FRAN>
    <GREC>54,405227</GREC>
    <MFTV>54,405227</MFTV>
    <PRGP>70</PRGP>
    <ROSN>54,405227</ROSN>
    <SLOV>54,405227</SLOV>
    <SVIZ>54,405227</SVIZ>
    <BSP>35</BSP>
  </Prezzi>
  <Prezzi>
    <Data>20140114</Data>
    <Mercato>MGP</Mercato>
    <Ora>2</Ora>
    <PUN>46,45</PUN>
    <NAT>46,17</NAT>
    <CNOR>45,694308</CNOR>
    <CSUD>45,694308</CSUD>
    <NORD>45,694308</NORD>
    <SARD>45,694308</SARD>
    <SICI>57,22</SICI>
    <SUD>45,694308</SUD>
    <AUST>45,694308</AUST>
    <BRNN>45,694308</BRNN>
    <COAC>45,694308</COAC>
    <CORS>45,694308</CORS>
    <FOGN>45,694308</FOGN>
    <FRAN>45,694308</FRAN>
    <GREC>45,694308</GREC>
    <MFTV>45,694308</MFTV>
    <PRGP>57,22</PRGP>
    <ROSN>45,694308</ROSN>
    <SLOV>45,694308</SLOV>
    <SVIZ>45,694308</SVIZ>
    <BSP>32</BSP>
  </Prezzi>
  <Prezzi>
    <Data>20140114</Data>
    <Mercato>MGP</Mercato>
    <Ora>3</Ora>
    <PUN>42,814795</PUN>
    <NAT>41,13</NAT>
    <CNOR>42</CNOR>
    <CSUD>42</CSUD>
    <NORD>42</NORD>
    <SARD>42</SARD>
    <SICI>55,01</SICI>
    <SUD>42</SUD>
    <AUST>42</AUST>
    <BRNN>42</BRNN>
    <COAC>42</COAC>
    <CORS>42</CORS>
    <FOGN>42</FOGN>
    <FRAN>42</FRAN>
    <GREC>42</GREC>
    <MFTV>42</MFTV>
    <PRGP>55,01</PRGP>
    <ROSN>42</ROSN>
    <SLOV>42</SLOV>
    <SVIZ>42</SVIZ>
    <BSP>31,60</BSP>
  </Prezzi>
  <Prezzi>
    <Data>20140114</Data>
    <Mercato>MGP</Mercato>
    <Ora>4</Ora>
    <PUN>35,788494</PUN>
    <NAT>34,80</NAT>
    <CNOR>34,50</CNOR>
    <CSUD>34,50</CSUD>
    <NORD>34,50</NORD>
    <SARD>34,50</SARD>
    <SICI>55,01</SICI>
    <SUD>34,50</SUD>
    <AUST>34,50</AUST>
    <BRNN>34,50</BRNN>
    <COAC>34,50</COAC>
    <CORS>34,50</CORS>
    <FOGN>34,50</FOGN>
    <FRAN>34,50</FRAN>
    <GREC>34,50</GREC>
    <MFTV>34,50</MFTV>
    <PRGP>55,01</PRGP>
    <ROSN>34,50</ROSN>
    <SLOV>34,50</SLOV>
    <SVIZ>34,50</SVIZ>
    <BSP>30,05</BSP>
  </Prezzi>
  <Prezzi>
    <Data>20140114</Data>
    <Mercato>MGP</Mercato>
    <Ora>5</Ora>
    <PUN>36,238445</PUN>
    <NAT>35</NAT>
    <CNOR>34,99</CNOR>
    <CSUD>34,99</CSUD>
    <NORD>34,99</NORD>
    <SARD>34,99</SARD>
    <SICI>55,01</SICI>
    <SUD>34,99</SUD>
    <AUST>34,99</AUST>
    <BRNN>34,99</BRNN>
    <COAC>34,99</COAC>
    <CORS>34,99</CORS>
    <FOGN>34,99</FOGN>
    <FRAN>34,99</FRAN>
    <GREC>34,99</GREC>
    <MFTV>34,99</MFTV>
    <PRGP>55,01</PRGP>
    <ROSN>34,99</ROSN>
    <SLOV>34,99</SLOV>
    <SVIZ>34,99</SVIZ>
    <BSP>30,57</BSP>
  </Prezzi>
  <Prezzi>
    <Data>20140114</Data>
    <Mercato>MGP</Mercato>
    <Ora>6</Ora>
    <PUN>47,486463</PUN>
    <NAT>46,95</NAT>
    <CNOR>47</CNOR>
    <CSUD>47</CSUD>
    <NORD>47</NORD>
    <SARD>47</SARD>
    <SICI>55,01</SICI>
    <SUD>47</SUD>
    <AUST>47</AUST>
    <BRNN>47</BRNN>
    <COAC>47</COAC>
    <CORS>47</CORS>
    <FOGN>47</FOGN>
    <FRAN>47</FRAN>
    <GREC>47</GREC>
    <MFTV>47</MFTV>
    <PRGP>55,01</PRGP>
    <ROSN>47</ROSN>
    <SLOV>47</SLOV>
    <SVIZ>47</SVIZ>
    <BSP>36</BSP>
  </Prezzi>
  <Prezzi>
    <Data>20140114</Data>
    <Mercato>MGP</Mercato>
    <Ora>7</Ora>
    <PUN>60,570475</PUN>
    <NAT>59,98</NAT>
    <CNOR>60</CNOR>
    <CSUD>60</CSUD>
    <NORD>60</NORD>
    <SARD>60</SARD>
    <SICI>70</SICI>
    <SUD>60</SUD>
    <AUST>60</AUST>
    <BRNN>60</BRNN>
    <COAC>60</COAC>
    <CORS>60</CORS>
    <FOGN>60</FOGN>
    <FRAN>60</FRAN>
    <GREC>60</GREC>
    <MFTV>60</MFTV>
    <PRGP>70</PRGP>
    <ROSN>60</ROSN>
    <SLOV>60</SLOV>
    <SVIZ>60</SVIZ>
    <BSP>44,73</BSP>
  </Prezzi>
  <Prezzi>
    <Data>20140114</Data>
    <Mercato>MGP</Mercato>
    <Ora>8</Ora>
    <PUN>70,135594</PUN>
    <NAT>68,67</NAT>
    <CNOR>68,67</CNOR>
    <CSUD>68,67</CSUD>
    <NORD>68,67</NORD>
    <SARD>68,67</SARD>
    <SICI>95,01</SICI>
    <SUD>68,67</SUD>
    <AUST>68,67</AUST>
    <BRNN>68,67</BRNN>
    <COAC>68,67</COAC>
    <CORS>68,67</CORS>
    <FOGN>68,67</FOGN>
    <FRAN>68,67</FRAN>
    <GREC>68,67</GREC>
    <MFTV>68,67</MFTV>
    <PRGP>95,01</PRGP>
    <ROSN>68,67</ROSN>
    <SLOV>68,67</SLOV>
    <SVIZ>68,67</SVIZ>
    <BSP>63</BSP>
  </Prezzi>
  <Prezzi>
    <Data>20140114</Data>
    <Mercato>MGP</Mercato>
    <Ora>9</Ora>
    <PUN>78,84</PUN>
    <NAT>74,77</NAT>
    <CNOR>75,437626</CNOR>
    <CSUD>75,437626</CSUD>
    <NORD>75,437626</NORD>
    <SARD>75,437626</SARD>
    <SICI>137,61</SICI>
    <SUD>75,437626</SUD>
    <AUST>75,437626</AUST>
    <BRNN>75,437626</BRNN>
    <COAC>75,437626</COAC>
    <CORS>75,437626</CORS>
    <FOGN>75,437626</FOGN>
    <FRAN>75,437626</FRAN>
    <GREC>75,437626</GREC>
    <MFTV>75,437626</MFTV>
    <PRGP>137,61</PRGP>
    <ROSN>75,437626</ROSN>
    <SLOV>75,437626</SLOV>
    <SVIZ>75,437626</SVIZ>
    <BSP>62,65</BSP>
  </Prezzi>
  <Prezzi>
    <Data>20140114</Data>
    <Mercato>MGP</Mercato>
    <Ora>10</Ora>
    <PUN>78,548944</PUN>
    <NAT>75,21</NAT>
    <CNOR>77</CNOR>
    <CSUD>77</CSUD>
    <NORD>77</NORD>
    <SARD>77</SARD>
    <SICI>105,01</SICI>
    <SUD>77</SUD>
    <AUST>77</AUST>
    <BRNN>77</BRNN>
    <COAC>77</COAC>
    <CORS>77</CORS>
    <FOGN>77</FOGN>
    <FRAN>77</FRAN>
    <GREC>77</GREC>
    <MFTV>77</MFTV>
    <PRGP>105,01</PRGP>
    <ROSN>77</ROSN>
    <SLOV>77</SLOV>
    <SVIZ>77</SVIZ>
    <BSP>60,60</BSP>
  </Prezzi>
  <Prezzi>
    <Data>20140114</Data>
    <Mercato>MGP</Mercato>
    <Ora>11</Ora>
    <PUN>75,720285</PUN>
    <NAT>71,10</NAT>
    <CNOR>74</CNOR>
    <CSUD>74</CSUD>
    <NORD>74</NORD>
    <SARD>74</SARD>
    <SICI>105,01</SICI>
    <SUD>74</SUD>
    <AUST>74</AUST>
    <BRNN>74</BRNN>
    <COAC>74</COAC>
    <CORS>74</CORS>
    <FOGN>74</FOGN>
    <FRAN>74</FRAN>
    <GREC>74</GREC>
    <MFTV>74</MFTV>
    <PRGP>105,01</PRGP>
    <ROSN>74</ROSN>
    <SLOV>74</SLOV>
    <SVIZ>74</SVIZ>
    <BSP>61,60</BSP>
  </Prezzi>
  <Prezzi>
    <Data>20140114</Data>
    <Mercato>MGP</Mercato>
    <Ora>12</Ora>
    <PUN>69,611999</PUN>
    <NAT>66,87</NAT>
    <CNOR>67,52</CNOR>
    <CSUD>67,52</CSUD>
    <NORD>67,52</NORD>
    <SARD>67,52</SARD>
    <SICI>105,01</SICI>
    <SUD>67,52</SUD>
    <AUST>67,52</AUST>
    <BRNN>67,52</BRNN>
    <COAC>67,52</COAC>
    <CORS>67,52</CORS>
    <FOGN>67,52</FOGN>
    <FRAN>67,52</FRAN>
    <GREC>67,52</GREC>
    <MFTV>67,52</MFTV>
    <PRGP>105,01</PRGP>
    <ROSN>67,52</ROSN>
    <SLOV>67,52</SLOV>
    <SVIZ>67,52</SVIZ>
    <BSP>62,45</BSP>
  </Prezzi>
  <Prezzi>
    <Data>20140114</Data>
    <Mercato>MGP</Mercato>
    <Ora>13</Ora>
    <PUN>63,416090</PUN>
    <NAT>62,32</NAT>
    <CNOR>62,31</CNOR>
    <CSUD>62,31</CSUD>
    <NORD>62,31</NORD>
    <SARD>62,31</SARD>
    <SICI>81,01</SICI>
    <SUD>62,31</SUD>
    <AUST>62,31</AUST>
    <BRNN>62,31</BRNN>
    <COAC>62,31</COAC>
    <CORS>62,31</CORS>
    <FOGN>62,31</FOGN>
    <FRAN>62,31</FRAN>
    <GREC>62,31</GREC>
    <MFTV>62,31</MFTV>
    <PRGP>81,01</PRGP>
    <ROSN>62,31</ROSN>
    <SLOV>62,31</SLOV>
    <SVIZ>62,31</SVIZ>
    <BSP>60</BSP>
  </Prezzi>
  <Prezzi>
    <Data>20140114</Data>
    <Mercato>MGP</Mercato>
    <Ora>14</Ora>
    <PUN>63,20</PUN>
    <NAT>62,30</NAT>
    <CNOR>62,095483</CNOR>
    <CSUD>62,095483</CSUD>
    <NORD>62,095483</NORD>
    <SARD>62,095483</SARD>
    <SICI>81,01</SICI>
    <SUD>62,095483</SUD>
    <AUST>62,095483</AUST>
    <BRNN>62,095483</BRNN>
    <COAC>62,095483</COAC>
    <CORS>62,095483</CORS>
    <FOGN>62,095483</FOGN>
    <FRAN>62,095483</FRAN>
    <GREC>62,095483</GREC>
    <MFTV>62,095483</MFTV>
    <PRGP>81,01</PRGP>
    <ROSN>62,095483</ROSN>
    <SLOV>62,095483</SLOV>
    <SVIZ>62,095483</SVIZ>
    <BSP>60</BSP>
  </Prezzi>
  <Prezzi>
    <Data>20140114</Data>
    <Mercato>MGP</Mercato>
    <Ora>15</Ora>
    <PUN>65,425774</PUN>
    <NAT>64,48</NAT>
    <CNOR>64,48</CNOR>
    <CSUD>64,48</CSUD>
    <NORD>64,48</NORD>
    <SARD>64,48</SARD>
    <SICI>81,01</SICI>
    <SUD>64,48</SUD>
    <AUST>64,48</AUST>
    <BRNN>64,48</BRNN>
    <COAC>64,48</COAC>
    <CORS>64,48</CORS>
    <FOGN>64,48</FOGN>
    <FRAN>64,48</FRAN>
    <GREC>64,48</GREC>
    <MFTV>64,48</MFTV>
    <PRGP>81,01</PRGP>
    <ROSN>64,48</ROSN>
    <SLOV>64,48</SLOV>
    <SVIZ>64,48</SVIZ>
    <BSP>59,21</BSP>
  </Prezzi>
  <Prezzi>
    <Data>20140114</Data>
    <Mercato>MGP</Mercato>
    <Ora>16</Ora>
    <PUN>70,249286</PUN>
    <NAT>66,20</NAT>
    <CNOR>66,16</CNOR>
    <CSUD>66,16</CSUD>
    <NORD>66,16</NORD>
    <SARD>66,16</SARD>
    <SICI>137,61</SICI>
    <SUD>66,16</SUD>
    <AUST>66,16</AUST>
    <BRNN>66,16</BRNN>
    <COAC>66,16</COAC>
    <CORS>66,16</CORS>
    <FOGN>66,16</FOGN>
    <FRAN>66,16</FRAN>
    <GREC>66,16</GREC>
    <MFTV>66,16</MFTV>
    <PRGP>137,61</PRGP>
    <ROSN>66,16</ROSN>
    <SLOV>66,16</SLOV>
    <SVIZ>66,16</SVIZ>
    <BSP>59,10</BSP>
  </Prezzi>
  <Prezzi>
    <Data>20140114</Data>
    <Mercato>MGP</Mercato>
    <Ora>17</Ora>
    <PUN>72,090873</PUN>
    <NAT>68,60</NAT>
    <CNOR>68</CNOR>
    <CSUD>68</CSUD>
    <NORD>68</NORD>
    <SARD>68</SARD>
    <SICI>137,61</SICI>
    <SUD>68</SUD>
    <AUST>68</AUST>
    <BRNN>68</BRNN>
    <COAC>68</COAC>
    <CORS>68</CORS>
    <FOGN>68</FOGN>
    <FRAN>68</FRAN>
    <GREC>68</GREC>
    <MFTV>68</MFTV>
    <PRGP>137,61</PRGP>
    <ROSN>68</ROSN>
    <SLOV>68</SLOV>
    <SVIZ>68</SVIZ>
    <BSP>65,50</BSP>
  </Prezzi>
  <Prezzi>
    <Data>20140114</Data>
    <Mercato>MGP</Mercato>
    <Ora>18</Ora>
    <PUN>80</PUN>
    <NAT>79,33</NAT>
    <CNOR>75,614037</CNOR>
    <CSUD>75,614037</CSUD>
    <NORD>75,614037</NORD>
    <SARD>75,614037</SARD>
    <SICI>146</SICI>
    <SUD>75,614037</SUD>
    <AUST>75,614037</AUST>
    <BRNN>75,614037</BRNN>
    <COAC>75,614037</COAC>
    <CORS>75,614037</CORS>
    <FOGN>75,614037</FOGN>
    <FRAN>75,614037</FRAN>
    <GREC>75,614037</GREC>
    <MFTV>75,614037</MFTV>
    <PRGP>146</PRGP>
    <ROSN>75,614037</ROSN>
    <SLOV>75,614037</SLOV>
    <SVIZ>75,614037</SVIZ>
    <BSP>75,614037</BSP>
  </Prezzi>
  <Prezzi>
    <Data>20140114</Data>
    <Mercato>MGP</Mercato>
    <Ora>19</Ora>
    <PUN>80</PUN>
    <NAT>78,02</NAT>
    <CNOR>74,816681</CNOR>
    <CSUD>74,816681</CSUD>
    <NORD>74,816681</NORD>
    <SARD>74,816681</SARD>
    <SICI>154,08</SICI>
    <SUD>74,816681</SUD>
    <AUST>74,816681</AUST>
    <BRNN>74,816681</BRNN>
    <COAC>74,816681</COAC>
    <CORS>74,816681</CORS>
    <FOGN>74,816681</FOGN>
    <FRAN>74,816681</FRAN>
    <GREC>74,816681</GREC>
    <MFTV>74,816681</MFTV>
    <PRGP>154,08</PRGP>
    <ROSN>74,816681</ROSN>
    <SLOV>74,816681</SLOV>
    <SVIZ>74,816681</SVIZ>
    <BSP>74,816681</BSP>
  </Prezzi>
  <Prezzi>
    <Data>20140114</Data>
    <Mercato>MGP</Mercato>
    <Ora>20</Ora>
    <PUN>75,041214</PUN>
    <NAT>70,49</NAT>
    <CNOR>69,35</CNOR>
    <CSUD>69,35</CSUD>
    <NORD>69,35</NORD>
    <SARD>69,35</SARD>
    <SICI>154,08</SICI>
    <SUD>69,35</SUD>
    <AUST>69,35</AUST>
    <BRNN>69,35</BRNN>
    <COAC>69,35</COAC>
    <CORS>69,35</CORS>
    <FOGN>69,35</FOGN>
    <FRAN>69,35</FRAN>
    <GREC>69,35</GREC>
    <MFTV>69,35</MFTV>
    <PRGP>154,08</PRGP>
    <ROSN>69,35</ROSN>
    <SLOV>69,35</SLOV>
    <SVIZ>69,35</SVIZ>
    <BSP>66,36</BSP>
  </Prezzi>
  <Prezzi>
    <Data>20140114</Data>
    <Mercato>MGP</Mercato>
    <Ora>21</Ora>
    <PUN>71,231831</PUN>
    <NAT>65,76</NAT>
    <CNOR>64,98</CNOR>
    <CSUD>64,98</CSUD>
    <NORD>64,98</NORD>
    <SARD>64,98</SARD>
    <SICI>154,08</SICI>
    <SUD>64,98</SUD>
    <AUST>64,98</AUST>
    <BRNN>64,98</BRNN>
    <COAC>64,98</COAC>
    <CORS>64,98</CORS>
    <FOGN>64,98</FOGN>
    <FRAN>64,98</FRAN>
    <GREC>64,98</GREC>
    <MFTV>64,98</MFTV>
    <PRGP>154,08</PRGP>
    <ROSN>64,98</ROSN>
    <SLOV>64,98</SLOV>
    <SVIZ>64,98</SVIZ>
    <BSP>61,51</BSP>
  </Prezzi>
  <Prezzi>
    <Data>20140114</Data>
    <Mercato>MGP</Mercato>
    <Ora>22</Ora>
    <PUN>66,207568</PUN>
    <NAT>61</NAT>
    <CNOR>60,22</CNOR>
    <CSUD>60,22</CSUD>
    <NORD>60,22</NORD>
    <SARD>60,22</SARD>
    <SICI>144,92</SICI>
    <SUD>60,22</SUD>
    <AUST>60,22</AUST>
    <BRNN>60,22</BRNN>
    <COAC>60,22</COAC>
    <CORS>60,22</CORS>
    <FOGN>60,22</FOGN>
    <FRAN>60,22</FRAN>
    <GREC>60,22</GREC>
    <MFTV>60,22</MFTV>
    <PRGP>144,92</PRGP>
    <ROSN>60,22</ROSN>
    <SLOV>60,22</SLOV>
    <SVIZ>60,22</SVIZ>
    <BSP>55,18</BSP>
  </Prezzi>
  <Prezzi>
    <Data>20140114</Data>
    <Mercato>MGP</Mercato>
    <Ora>23</Ora>
    <PUN>64,690609</PUN>
    <NAT>59,25</NAT>
    <CNOR>58,97</CNOR>
    <CSUD>58,97</CSUD>
    <NORD>58,97</NORD>
    <SARD>58,97</SARD>
    <SICI>137,61</SICI>
    <SUD>58,97</SUD>
    <AUST>58,97</AUST>
    <BRNN>58,97</BRNN>
    <COAC>58,97</COAC>
    <CORS>58,97</CORS>
    <FOGN>58,97</FOGN>
    <FRAN>58,97</FRAN>
    <GREC>58,97</GREC>
    <MFTV>58,97</MFTV>
    <PRGP>137,61</PRGP>
    <ROSN>58,97</ROSN>
    <SLOV>58,97</SLOV>
    <SVIZ>58,97</SVIZ>
    <BSP>51</BSP>
  </Prezzi>
  <Prezzi>
    <Data>20140114</Data>
    <Mercato>MGP</Mercato>
    <Ora>24</Ora>
    <PUN>54,960082</PUN>
    <NAT>53</NAT>
    <CNOR>52,20</CNOR>
    <CSUD>52,20</CSUD>
    <NORD>52,20</NORD>
    <SARD>52,20</SARD>
    <SICI>91,01</SICI>
    <SUD>52,20</SUD>
    <AUST>52,20</AUST>
    <BRNN>52,20</BRNN>
    <COAC>52,20</COAC>
    <CORS>52,20</CORS>
    <FOGN>52,20</FOGN>
    <FRAN>52,20</FRAN>
    <GREC>52,20</GREC>
    <MFTV>52,20</MFTV>
    <PRGP>91,01</PRGP>
    <ROSN>52,20</ROSN>
    <SLOV>52,20</SLOV>
    <SVIZ>52,20</SVIZ>
    <BSP>39,85</BSP>
  </Prezzi>
</NewDataSet>