<?xml version="1.0" standalone="yes"?>
<NewDataSet>
  <xs:schema id="NewDataSet" xmlns="" xmlns:xs="http://www.w3.org/2001/XMLSchema" xmlns:msdata="urn:schemas-microsoft-com:xml-msdata">
    <xs:element name="NewDataSet" msdata:IsDataSet="true" msdata:UseCurrentLocale="true">
      <xs:complexType>
        <xs:choice minOccurs="0" maxOccurs="unbounded">
          <xs:element name="Prezzi">
            <xs:complexType>
              <xs:sequence>
                <xs:element name="Data" type="xs:string" minOccurs="0" />
                <xs:element name="Mercato" type="xs:string" minOccurs="0" />
                <xs:element name="Ora" type="xs:string" minOccurs="0" />
                <xs:element name="PUN" type="xs:string" minOccurs="0" />
                <xs:element name="NAT" type="xs:string" minOccurs="0" />
                <xs:element name="CNOR" type="xs:string" minOccurs="0" />
                <xs:element name="CSUD" type="xs:string" minOccurs="0" />
                <xs:element name="NORD" type="xs:string" minOccurs="0" />
                <xs:element name="SARD" type="xs:string" minOccurs="0" />
                <xs:element name="SICI" type="xs:string" minOccurs="0" />
                <xs:element name="SUD" type="xs:string" minOccurs="0" />
                <xs:element name="AUST" type="xs:string" minOccurs="0" />
                <xs:element name="BRNN" type="xs:string" minOccurs="0" />
                <xs:element name="COAC" type="xs:string" minOccurs="0" />
                <xs:element name="CORS" type="xs:string" minOccurs="0" />
                <xs:element name="FOGN" type="xs:string" minOccurs="0" />
                <xs:element name="FRAN" type="xs:string" minOccurs="0" />
                <xs:element name="GREC" type="xs:string" minOccurs="0" />
                <xs:element name="MFTV" type="xs:string" minOccurs="0" />
                <xs:element name="PRGP" type="xs:string" minOccurs="0" />
                <xs:element name="ROSN" type="xs:string" minOccurs="0" />
                <xs:element name="SLOV" type="xs:string" minOccurs="0" />
                <xs:element name="SVIZ" type="xs:string" minOccurs="0" />
                <xs:element name="BSP" type="xs:string" minOccurs="0" />
              </xs:sequence>
            </xs:complexType>
          </xs:element>
        </xs:choice>
      </xs:complexType>
    </xs:element>
  </xs:schema>
  <Prezzi>
    <Data>20140129</Data>
    <Mercato>MGP</Mercato>
    <Ora>1</Ora>
    <PUN>54,358627</PUN>
    <NAT>51,36</NAT>
    <CNOR>54,31</CNOR>
    <CSUD>54,31</CSUD>
    <NORD>54,31</NORD>
    <SARD>54,31</SARD>
    <SICI>55</SICI>
    <SUD>54,31</SUD>
    <AUST>54,31</AUST>
    <BRNN>54,31</BRNN>
    <COAC>54,31</COAC>
    <CORS>54,31</CORS>
    <FOGN>54,31</FOGN>
    <FRAN>54,31</FRAN>
    <GREC>54,31</GREC>
    <MFTV>54,31</MFTV>
    <PRGP>55</PRGP>
    <ROSN>54,31</ROSN>
    <SLOV>54,31</SLOV>
    <SVIZ>54,31</SVIZ>
    <BSP>31,44</BSP>
  </Prezzi>
  <Prezzi>
    <Data>20140129</Data>
    <Mercato>MGP</Mercato>
    <Ora>2</Ora>
    <PUN>50</PUN>
    <NAT>44,59</NAT>
    <CNOR>50</CNOR>
    <CSUD>50</CSUD>
    <NORD>50</NORD>
    <SARD>50</SARD>
    <SICI>50</SICI>
    <SUD>50</SUD>
    <AUST>50</AUST>
    <BRNN>50</BRNN>
    <COAC>50</COAC>
    <CORS>50</CORS>
    <FOGN>50</FOGN>
    <FRAN>50</FRAN>
    <GREC>50</GREC>
    <MFTV>50</MFTV>
    <PRGP>50</PRGP>
    <ROSN>50</ROSN>
    <SLOV>50</SLOV>
    <SVIZ>50</SVIZ>
    <BSP>29,85</BSP>
  </Prezzi>
  <Prezzi>
    <Data>20140129</Data>
    <Mercato>MGP</Mercato>
    <Ora>3</Ora>
    <PUN>44,03</PUN>
    <NAT>42,31</NAT>
    <CNOR>44,03</CNOR>
    <CSUD>44,03</CSUD>
    <NORD>44,03</NORD>
    <SARD>44,03</SARD>
    <SICI>44,03</SICI>
    <SUD>44,03</SUD>
    <AUST>44,03</AUST>
    <BRNN>44,03</BRNN>
    <COAC>44,03</COAC>
    <CORS>44,03</CORS>
    <FOGN>44,03</FOGN>
    <FRAN>44,03</FRAN>
    <GREC>44,03</GREC>
    <MFTV>44,03</MFTV>
    <PRGP>44,03</PRGP>
    <ROSN>44,03</ROSN>
    <SLOV>44,03</SLOV>
    <SVIZ>44,03</SVIZ>
    <BSP>28,70</BSP>
  </Prezzi>
  <Prezzi>
    <Data>20140129</Data>
    <Mercato>MGP</Mercato>
    <Ora>4</Ora>
    <PUN>44,02</PUN>
    <NAT>41,10</NAT>
    <CNOR>44,02</CNOR>
    <CSUD>44,02</CSUD>
    <NORD>44,02</NORD>
    <SARD>44,02</SARD>
    <SICI>44,02</SICI>
    <SUD>44,02</SUD>
    <AUST>44,02</AUST>
    <BRNN>44,02</BRNN>
    <COAC>44,02</COAC>
    <CORS>44,02</CORS>
    <FOGN>44,02</FOGN>
    <FRAN>44,02</FRAN>
    <GREC>44,02</GREC>
    <MFTV>44,02</MFTV>
    <PRGP>44,02</PRGP>
    <ROSN>44,02</ROSN>
    <SLOV>44,02</SLOV>
    <SVIZ>44,02</SVIZ>
    <BSP>27,60</BSP>
  </Prezzi>
  <Prezzi>
    <Data>20140129</Data>
    <Mercato>MGP</Mercato>
    <Ora>5</Ora>
    <PUN>44,03</PUN>
    <NAT>42,04</NAT>
    <CNOR>44,03</CNOR>
    <CSUD>44,03</CSUD>
    <NORD>44,03</NORD>
    <SARD>44,03</SARD>
    <SICI>44,03</SICI>
    <SUD>44,03</SUD>
    <AUST>44,03</AUST>
    <BRNN>44,03</BRNN>
    <COAC>44,03</COAC>
    <CORS>44,03</CORS>
    <FOGN>44,03</FOGN>
    <FRAN>44,03</FRAN>
    <GREC>44,03</GREC>
    <MFTV>44,03</MFTV>
    <PRGP>44,03</PRGP>
    <ROSN>44,03</ROSN>
    <SLOV>44,03</SLOV>
    <SVIZ>44,03</SVIZ>
    <BSP>28,49</BSP>
  </Prezzi>
  <Prezzi>
    <Data>20140129</Data>
    <Mercato>MGP</Mercato>
    <Ora>6</Ora>
    <PUN>54,31</PUN>
    <NAT>49,74</NAT>
    <CNOR>54,31</CNOR>
    <CSUD>54,31</CSUD>
    <NORD>54,31</NORD>
    <SARD>54,31</SARD>
    <SICI>54,31</SICI>
    <SUD>54,31</SUD>
    <AUST>54,31</AUST>
    <BRNN>54,31</BRNN>
    <COAC>54,31</COAC>
    <CORS>54,31</CORS>
    <FOGN>54,31</FOGN>
    <FRAN>54,31</FRAN>
    <GREC>54,31</GREC>
    <MFTV>54,31</MFTV>
    <PRGP>54,31</PRGP>
    <ROSN>54,31</ROSN>
    <SLOV>54,31</SLOV>
    <SVIZ>54,31</SVIZ>
    <BSP>29,72</BSP>
  </Prezzi>
  <Prezzi>
    <Data>20140129</Data>
    <Mercato>MGP</Mercato>
    <Ora>7</Ora>
    <PUN>60,01</PUN>
    <NAT>59,22</NAT>
    <CNOR>60,01</CNOR>
    <CSUD>60,01</CSUD>
    <NORD>60,01</NORD>
    <SARD>60,01</SARD>
    <SICI>60,01</SICI>
    <SUD>60,01</SUD>
    <AUST>60,01</AUST>
    <BRNN>60,01</BRNN>
    <COAC>60,01</COAC>
    <CORS>60,01</CORS>
    <FOGN>60,01</FOGN>
    <FRAN>60,01</FRAN>
    <GREC>60,01</GREC>
    <MFTV>60,01</MFTV>
    <PRGP>60,01</PRGP>
    <ROSN>60,01</ROSN>
    <SLOV>60,01</SLOV>
    <SVIZ>60,01</SVIZ>
    <BSP>37,98</BSP>
  </Prezzi>
  <Prezzi>
    <Data>20140129</Data>
    <Mercato>MGP</Mercato>
    <Ora>8</Ora>
    <PUN>72,444964</PUN>
    <NAT>70,02</NAT>
    <CNOR>71,08</CNOR>
    <CSUD>71,08</CSUD>
    <NORD>71,08</NORD>
    <SARD>71,08</SARD>
    <SICI>95,01</SICI>
    <SUD>71,08</SUD>
    <AUST>71,08</AUST>
    <BRNN>71,08</BRNN>
    <COAC>71,08</COAC>
    <CORS>71,08</CORS>
    <FOGN>71,08</FOGN>
    <FRAN>71,08</FRAN>
    <GREC>71,08</GREC>
    <MFTV>71,08</MFTV>
    <PRGP>95,01</PRGP>
    <ROSN>71,08</ROSN>
    <SLOV>71,08</SLOV>
    <SVIZ>71,08</SVIZ>
    <BSP>51,90</BSP>
  </Prezzi>
  <Prezzi>
    <Data>20140129</Data>
    <Mercato>MGP</Mercato>
    <Ora>9</Ora>
    <PUN>79,539741</PUN>
    <NAT>75,06</NAT>
    <CNOR>78</CNOR>
    <CSUD>78</CSUD>
    <NORD>78</NORD>
    <SARD>78</SARD>
    <SICI>105</SICI>
    <SUD>78</SUD>
    <AUST>78</AUST>
    <BRNN>78</BRNN>
    <COAC>78</COAC>
    <CORS>78</CORS>
    <FOGN>78</FOGN>
    <FRAN>78</FRAN>
    <GREC>78</GREC>
    <MFTV>78</MFTV>
    <PRGP>105</PRGP>
    <ROSN>78</ROSN>
    <SLOV>78</SLOV>
    <SVIZ>78</SVIZ>
    <BSP>55,86</BSP>
  </Prezzi>
  <Prezzi>
    <Data>20140129</Data>
    <Mercato>MGP</Mercato>
    <Ora>10</Ora>
    <PUN>75,646804</PUN>
    <NAT>72,11</NAT>
    <CNOR>73,86</CNOR>
    <CSUD>73,86</CSUD>
    <NORD>73,86</NORD>
    <SARD>73,86</SARD>
    <SICI>105</SICI>
    <SUD>73,86</SUD>
    <AUST>73,86</AUST>
    <BRNN>73,86</BRNN>
    <COAC>73,86</COAC>
    <CORS>73,86</CORS>
    <FOGN>73,86</FOGN>
    <FRAN>73,86</FRAN>
    <GREC>73,86</GREC>
    <MFTV>73,86</MFTV>
    <PRGP>105</PRGP>
    <ROSN>73,86</ROSN>
    <SLOV>73,86</SLOV>
    <SVIZ>73,86</SVIZ>
    <BSP>51,27</BSP>
  </Prezzi>
  <Prezzi>
    <Data>20140129</Data>
    <Mercato>MGP</Mercato>
    <Ora>11</Ora>
    <PUN>66</PUN>
    <NAT>64,98</NAT>
    <CNOR>66</CNOR>
    <CSUD>66</CSUD>
    <NORD>66</NORD>
    <SARD>66</SARD>
    <SICI>66</SICI>
    <SUD>66</SUD>
    <AUST>66</AUST>
    <BRNN>66</BRNN>
    <COAC>66</COAC>
    <CORS>66</CORS>
    <FOGN>66</FOGN>
    <FRAN>66</FRAN>
    <GREC>66</GREC>
    <MFTV>66</MFTV>
    <PRGP>66</PRGP>
    <ROSN>66</ROSN>
    <SLOV>66</SLOV>
    <SVIZ>66</SVIZ>
    <BSP>48,73</BSP>
  </Prezzi>
  <Prezzi>
    <Data>20140129</Data>
    <Mercato>MGP</Mercato>
    <Ora>12</Ora>
    <PUN>64,660775</PUN>
    <NAT>64</NAT>
    <CNOR>64,98</CNOR>
    <CSUD>64,98</CSUD>
    <NORD>64,98</NORD>
    <SARD>64,98</SARD>
    <SICI>59,27</SICI>
    <SUD>64,98</SUD>
    <AUST>64,98</AUST>
    <BRNN>64,98</BRNN>
    <COAC>64,98</COAC>
    <CORS>64,98</CORS>
    <FOGN>64,98</FOGN>
    <FRAN>64,98</FRAN>
    <GREC>64,98</GREC>
    <MFTV>64,98</MFTV>
    <PRGP>59,27</PRGP>
    <ROSN>64,98</ROSN>
    <SLOV>64,98</SLOV>
    <SVIZ>64,98</SVIZ>
    <BSP>45,73</BSP>
  </Prezzi>
  <Prezzi>
    <Data>20140129</Data>
    <Mercato>MGP</Mercato>
    <Ora>13</Ora>
    <PUN>59,054596</PUN>
    <NAT>58,90</NAT>
    <CNOR>59,20</CNOR>
    <CSUD>59,20</CSUD>
    <NORD>60</NORD>
    <SARD>59,20</SARD>
    <SICI>55</SICI>
    <SUD>55</SUD>
    <AUST>60</AUST>
    <BRNN>55</BRNN>
    <COAC>59,20</COAC>
    <CORS>59,20</CORS>
    <FOGN>55</FOGN>
    <FRAN>60</FRAN>
    <GREC>55</GREC>
    <MFTV>60</MFTV>
    <PRGP>55</PRGP>
    <ROSN>55</ROSN>
    <SLOV>60</SLOV>
    <SVIZ>60</SVIZ>
    <BSP>38,50</BSP>
  </Prezzi>
  <Prezzi>
    <Data>20140129</Data>
    <Mercato>MGP</Mercato>
    <Ora>14</Ora>
    <PUN>57,658273</PUN>
    <NAT>58,36</NAT>
    <CNOR>54,31</CNOR>
    <CSUD>54,31</CSUD>
    <NORD>60,01</NORD>
    <SARD>54,31</SARD>
    <SICI>54,31</SICI>
    <SUD>54,31</SUD>
    <AUST>60,01</AUST>
    <BRNN>54,31</BRNN>
    <COAC>54,31</COAC>
    <CORS>54,31</CORS>
    <FOGN>54,31</FOGN>
    <FRAN>60,01</FRAN>
    <GREC>54,31</GREC>
    <MFTV>60,01</MFTV>
    <PRGP>54,31</PRGP>
    <ROSN>54,31</ROSN>
    <SLOV>60,01</SLOV>
    <SVIZ>60,01</SVIZ>
    <BSP>38,58</BSP>
  </Prezzi>
  <Prezzi>
    <Data>20140129</Data>
    <Mercato>MGP</Mercato>
    <Ora>15</Ora>
    <PUN>61,883591</PUN>
    <NAT>60,79</NAT>
    <CNOR>62,31</CNOR>
    <CSUD>62,31</CSUD>
    <NORD>62,31</NORD>
    <SARD>62,31</SARD>
    <SICI>55,01</SICI>
    <SUD>62,31</SUD>
    <AUST>62,31</AUST>
    <BRNN>62,31</BRNN>
    <COAC>62,31</COAC>
    <CORS>62,31</CORS>
    <FOGN>62,31</FOGN>
    <FRAN>62,31</FRAN>
    <GREC>62,31</GREC>
    <MFTV>62,31</MFTV>
    <PRGP>55,01</PRGP>
    <ROSN>62,31</ROSN>
    <SLOV>62,31</SLOV>
    <SVIZ>62,31</SVIZ>
    <BSP>41,98</BSP>
  </Prezzi>
  <Prezzi>
    <Data>20140129</Data>
    <Mercato>MGP</Mercato>
    <Ora>16</Ora>
    <PUN>65,470022</PUN>
    <NAT>64,67</NAT>
    <CNOR>65,85</CNOR>
    <CSUD>65,85</CSUD>
    <NORD>65,85</NORD>
    <SARD>65,85</SARD>
    <SICI>59,32</SICI>
    <SUD>65,85</SUD>
    <AUST>65,85</AUST>
    <BRNN>65,85</BRNN>
    <COAC>65,85</COAC>
    <CORS>65,85</CORS>
    <FOGN>65,85</FOGN>
    <FRAN>65,85</FRAN>
    <GREC>65,85</GREC>
    <MFTV>65,85</MFTV>
    <PRGP>59,32</PRGP>
    <ROSN>65,85</ROSN>
    <SLOV>65,85</SLOV>
    <SVIZ>65,85</SVIZ>
    <BSP>44,91</BSP>
  </Prezzi>
  <Prezzi>
    <Data>20140129</Data>
    <Mercato>MGP</Mercato>
    <Ora>17</Ora>
    <PUN>69,35</PUN>
    <NAT>67,02</NAT>
    <CNOR>69,35</CNOR>
    <CSUD>69,35</CSUD>
    <NORD>69,35</NORD>
    <SARD>69,35</SARD>
    <SICI>69,35</SICI>
    <SUD>69,35</SUD>
    <AUST>69,35</AUST>
    <BRNN>69,35</BRNN>
    <COAC>69,35</COAC>
    <CORS>69,35</CORS>
    <FOGN>69,35</FOGN>
    <FRAN>69,35</FRAN>
    <GREC>69,35</GREC>
    <MFTV>69,35</MFTV>
    <PRGP>69,35</PRGP>
    <ROSN>69,35</ROSN>
    <SLOV>69,35</SLOV>
    <SVIZ>69,35</SVIZ>
    <BSP>48,10</BSP>
  </Prezzi>
  <Prezzi>
    <Data>20140129</Data>
    <Mercato>MGP</Mercato>
    <Ora>18</Ora>
    <PUN>79,446997</PUN>
    <NAT>74,26</NAT>
    <CNOR>75,17</CNOR>
    <CSUD>75,17</CSUD>
    <NORD>75,17</NORD>
    <SARD>75,17</SARD>
    <SICI>145</SICI>
    <SUD>75,17</SUD>
    <AUST>75,17</AUST>
    <BRNN>75,17</BRNN>
    <COAC>75,17</COAC>
    <CORS>75,17</CORS>
    <FOGN>75,17</FOGN>
    <FRAN>75,17</FRAN>
    <GREC>75,17</GREC>
    <MFTV>75,17</MFTV>
    <PRGP>145</PRGP>
    <ROSN>75,17</ROSN>
    <SLOV>75,17</SLOV>
    <SVIZ>75,17</SVIZ>
    <BSP>57,75</BSP>
  </Prezzi>
  <Prezzi>
    <Data>20140129</Data>
    <Mercato>MGP</Mercato>
    <Ora>19</Ora>
    <PUN>80,985130</PUN>
    <NAT>75,63</NAT>
    <CNOR>78,53</CNOR>
    <CSUD>78,68</CSUD>
    <NORD>75,03</NORD>
    <SARD>78,68</SARD>
    <SICI>145,01</SICI>
    <SUD>78,68</SUD>
    <AUST>75,03</AUST>
    <BRNN>78,68</BRNN>
    <COAC>78,68</COAC>
    <CORS>78,68</CORS>
    <FOGN>78,68</FOGN>
    <FRAN>75,03</FRAN>
    <GREC>78,68</GREC>
    <MFTV>75,03</MFTV>
    <PRGP>145,01</PRGP>
    <ROSN>78,68</ROSN>
    <SLOV>75,03</SLOV>
    <SVIZ>75,03</SVIZ>
    <BSP>61,14</BSP>
  </Prezzi>
  <Prezzi>
    <Data>20140129</Data>
    <Mercato>MGP</Mercato>
    <Ora>20</Ora>
    <PUN>75,936598</PUN>
    <NAT>71</NAT>
    <CNOR>71,99</CNOR>
    <CSUD>71,99</CSUD>
    <NORD>70</NORD>
    <SARD>71,99</SARD>
    <SICI>145,02</SICI>
    <SUD>71,99</SUD>
    <AUST>70</AUST>
    <BRNN>71,99</BRNN>
    <COAC>71,99</COAC>
    <CORS>71,99</CORS>
    <FOGN>71,99</FOGN>
    <FRAN>70</FRAN>
    <GREC>71,99</GREC>
    <MFTV>70</MFTV>
    <PRGP>145,02</PRGP>
    <ROSN>71,99</ROSN>
    <SLOV>70</SLOV>
    <SVIZ>70</SVIZ>
    <BSP>55,89</BSP>
  </Prezzi>
  <Prezzi>
    <Data>20140129</Data>
    <Mercato>MGP</Mercato>
    <Ora>21</Ora>
    <PUN>69,573421</PUN>
    <NAT>65</NAT>
    <CNOR>65,03</CNOR>
    <CSUD>65,03</CSUD>
    <NORD>65,03</NORD>
    <SARD>65,03</SARD>
    <SICI>130</SICI>
    <SUD>65,03</SUD>
    <AUST>65,03</AUST>
    <BRNN>65,03</BRNN>
    <COAC>65,03</COAC>
    <CORS>65,03</CORS>
    <FOGN>65,03</FOGN>
    <FRAN>65,03</FRAN>
    <GREC>65,03</GREC>
    <MFTV>65,03</MFTV>
    <PRGP>130</PRGP>
    <ROSN>65,03</ROSN>
    <SLOV>65,03</SLOV>
    <SVIZ>65,03</SVIZ>
    <BSP>53</BSP>
  </Prezzi>
  <Prezzi>
    <Data>20140129</Data>
    <Mercato>MGP</Mercato>
    <Ora>22</Ora>
    <PUN>64,850612</PUN>
    <NAT>61,36</NAT>
    <CNOR>61,76</CNOR>
    <CSUD>61,76</CSUD>
    <NORD>61,76</NORD>
    <SARD>61,76</SARD>
    <SICI>105</SICI>
    <SUD>61,76</SUD>
    <AUST>61,76</AUST>
    <BRNN>61,76</BRNN>
    <COAC>61,76</COAC>
    <CORS>61,76</CORS>
    <FOGN>61,76</FOGN>
    <FRAN>61,76</FRAN>
    <GREC>61,76</GREC>
    <MFTV>61,76</MFTV>
    <PRGP>105</PRGP>
    <ROSN>61,76</ROSN>
    <SLOV>61,76</SLOV>
    <SVIZ>61,76</SVIZ>
    <BSP>42,49</BSP>
  </Prezzi>
  <Prezzi>
    <Data>20140129</Data>
    <Mercato>MGP</Mercato>
    <Ora>23</Ora>
    <PUN>58,769818</PUN>
    <NAT>58,23</NAT>
    <CNOR>58,64</CNOR>
    <CSUD>58,64</CSUD>
    <NORD>58,64</NORD>
    <SARD>58,64</SARD>
    <SICI>60,36</SICI>
    <SUD>58,64</SUD>
    <AUST>58,64</AUST>
    <BRNN>58,64</BRNN>
    <COAC>58,64</COAC>
    <CORS>58,64</CORS>
    <FOGN>58,64</FOGN>
    <FRAN>58,64</FRAN>
    <GREC>58,64</GREC>
    <MFTV>58,64</MFTV>
    <PRGP>60,36</PRGP>
    <ROSN>58,64</ROSN>
    <SLOV>58,64</SLOV>
    <SVIZ>58,64</SVIZ>
    <BSP>37,72</BSP>
  </Prezzi>
  <Prezzi>
    <Data>20140129</Data>
    <Mercato>MGP</Mercato>
    <Ora>24</Ora>
    <PUN>54,31</PUN>
    <NAT>53,30</NAT>
    <CNOR>54,31</CNOR>
    <CSUD>54,31</CSUD>
    <NORD>54,31</NORD>
    <SARD>54,31</SARD>
    <SICI>54,31</SICI>
    <SUD>54,31</SUD>
    <AUST>54,31</AUST>
    <BRNN>54,31</BRNN>
    <COAC>54,31</COAC>
    <CORS>54,31</CORS>
    <FOGN>54,31</FOGN>
    <FRAN>54,31</FRAN>
    <GREC>54,31</GREC>
    <MFTV>54,31</MFTV>
    <PRGP>54,31</PRGP>
    <ROSN>54,31</ROSN>
    <SLOV>54,31</SLOV>
    <SVIZ>54,31</SVIZ>
    <BSP>31,50</BSP>
  </Prezzi>
</NewDataSet>