<?xml version="1.0" standalone="yes"?>
<NewDataSet>
  <xs:schema id="NewDataSet" xmlns="" xmlns:xs="http://www.w3.org/2001/XMLSchema" xmlns:msdata="urn:schemas-microsoft-com:xml-msdata">
    <xs:element name="NewDataSet" msdata:IsDataSet="true" msdata:UseCurrentLocale="true">
      <xs:complexType>
        <xs:choice minOccurs="0" maxOccurs="unbounded">
          <xs:element name="Prezzi">
            <xs:complexType>
              <xs:sequence>
                <xs:element name="Data" type="xs:string" minOccurs="0" />
                <xs:element name="Mercato" type="xs:string" minOccurs="0" />
                <xs:element name="Ora" type="xs:string" minOccurs="0" />
                <xs:element name="PUN" type="xs:string" minOccurs="0" />
                <xs:element name="NAT" type="xs:string" minOccurs="0" />
                <xs:element name="CNOR" type="xs:string" minOccurs="0" />
                <xs:element name="CSUD" type="xs:string" minOccurs="0" />
                <xs:element name="NORD" type="xs:string" minOccurs="0" />
                <xs:element name="SARD" type="xs:string" minOccurs="0" />
                <xs:element name="SICI" type="xs:string" minOccurs="0" />
                <xs:element name="SUD" type="xs:string" minOccurs="0" />
                <xs:element name="AUST" type="xs:string" minOccurs="0" />
                <xs:element name="BRNN" type="xs:string" minOccurs="0" />
                <xs:element name="COAC" type="xs:string" minOccurs="0" />
                <xs:element name="CORS" type="xs:string" minOccurs="0" />
                <xs:element name="FOGN" type="xs:string" minOccurs="0" />
                <xs:element name="FRAN" type="xs:string" minOccurs="0" />
                <xs:element name="GREC" type="xs:string" minOccurs="0" />
                <xs:element name="MFTV" type="xs:string" minOccurs="0" />
                <xs:element name="PRGP" type="xs:string" minOccurs="0" />
                <xs:element name="ROSN" type="xs:string" minOccurs="0" />
                <xs:element name="SLOV" type="xs:string" minOccurs="0" />
                <xs:element name="SVIZ" type="xs:string" minOccurs="0" />
                <xs:element name="BSP" type="xs:string" minOccurs="0" />
              </xs:sequence>
            </xs:complexType>
          </xs:element>
        </xs:choice>
      </xs:complexType>
    </xs:element>
  </xs:schema>
  <Prezzi>
    <Data>20140104</Data>
    <Mercato>MGP</Mercato>
    <Ora>1</Ora>
    <PUN>60,420056</PUN>
    <NAT>60,50</NAT>
    <CNOR>59,50</CNOR>
    <CSUD>59,50</CSUD>
    <NORD>59,50</NORD>
    <SARD>59,50</SARD>
    <SICI>70,02</SICI>
    <SUD>59,50</SUD>
    <AUST>59,50</AUST>
    <BRNN>59,50</BRNN>
    <COAC>59,50</COAC>
    <CORS>59,50</CORS>
    <FOGN>59,50</FOGN>
    <FRAN>59,50</FRAN>
    <GREC>59,50</GREC>
    <MFTV>59,50</MFTV>
    <PRGP>70,02</PRGP>
    <ROSN>59,50</ROSN>
    <SLOV>59,50</SLOV>
    <SVIZ>59,50</SVIZ>
    <BSP>28</BSP>
  </Prezzi>
  <Prezzi>
    <Data>20140104</Data>
    <Mercato>MGP</Mercato>
    <Ora>2</Ora>
    <PUN>60,233037</PUN>
    <NAT>59,40</NAT>
    <CNOR>59,40</CNOR>
    <CSUD>59,40</CSUD>
    <NORD>59,40</NORD>
    <SARD>59,40</SARD>
    <SICI>70,01</SICI>
    <SUD>59,40</SUD>
    <AUST>59,40</AUST>
    <BRNN>59,40</BRNN>
    <COAC>59,40</COAC>
    <CORS>59,40</CORS>
    <FOGN>59,40</FOGN>
    <FRAN>59,40</FRAN>
    <GREC>59,40</GREC>
    <MFTV>59,40</MFTV>
    <PRGP>70,01</PRGP>
    <ROSN>59,40</ROSN>
    <SLOV>59,40</SLOV>
    <SVIZ>59,40</SVIZ>
    <BSP>17,46</BSP>
  </Prezzi>
  <Prezzi>
    <Data>20140104</Data>
    <Mercato>MGP</Mercato>
    <Ora>3</Ora>
    <PUN>51,524378</PUN>
    <NAT>51,44</NAT>
    <CNOR>50</CNOR>
    <CSUD>50</CSUD>
    <NORD>50</NORD>
    <SARD>50</SARD>
    <SICI>70</SICI>
    <SUD>50</SUD>
    <AUST>50</AUST>
    <BRNN>50</BRNN>
    <COAC>50</COAC>
    <CORS>50</CORS>
    <FOGN>50</FOGN>
    <FRAN>50</FRAN>
    <GREC>50</GREC>
    <MFTV>50</MFTV>
    <PRGP>70</PRGP>
    <ROSN>50</ROSN>
    <SLOV>50</SLOV>
    <SVIZ>50</SVIZ>
    <BSP>12,30</BSP>
  </Prezzi>
  <Prezzi>
    <Data>20140104</Data>
    <Mercato>MGP</Mercato>
    <Ora>4</Ora>
    <PUN>42,259686</PUN>
    <NAT>45</NAT>
    <CNOR>40</CNOR>
    <CSUD>40</CSUD>
    <NORD>40</NORD>
    <SARD>40</SARD>
    <SICI>70</SICI>
    <SUD>40</SUD>
    <AUST>40</AUST>
    <BRNN>40</BRNN>
    <COAC>40</COAC>
    <CORS>40</CORS>
    <FOGN>40</FOGN>
    <FRAN>40</FRAN>
    <GREC>40</GREC>
    <MFTV>40</MFTV>
    <PRGP>70</PRGP>
    <ROSN>40</ROSN>
    <SLOV>40</SLOV>
    <SVIZ>40</SVIZ>
    <BSP>13,14</BSP>
  </Prezzi>
  <Prezzi>
    <Data>20140104</Data>
    <Mercato>MGP</Mercato>
    <Ora>5</Ora>
    <PUN>37,681355</PUN>
    <NAT>40</NAT>
    <CNOR>35</CNOR>
    <CSUD>35</CSUD>
    <NORD>35</NORD>
    <SARD>35</SARD>
    <SICI>70</SICI>
    <SUD>35</SUD>
    <AUST>35</AUST>
    <BRNN>35</BRNN>
    <COAC>35</COAC>
    <CORS>35</CORS>
    <FOGN>35</FOGN>
    <FRAN>35</FRAN>
    <GREC>35</GREC>
    <MFTV>35</MFTV>
    <PRGP>70</PRGP>
    <ROSN>35</ROSN>
    <SLOV>35</SLOV>
    <SVIZ>35</SVIZ>
    <BSP>15,90</BSP>
  </Prezzi>
  <Prezzi>
    <Data>20140104</Data>
    <Mercato>MGP</Mercato>
    <Ora>6</Ora>
    <PUN>50,573285</PUN>
    <NAT>54,89</NAT>
    <CNOR>48,98</CNOR>
    <CSUD>48,98</CSUD>
    <NORD>48,98</NORD>
    <SARD>48,98</SARD>
    <SICI>70</SICI>
    <SUD>48,98</SUD>
    <AUST>48,98</AUST>
    <BRNN>48,98</BRNN>
    <COAC>48,98</COAC>
    <CORS>48,98</CORS>
    <FOGN>48,98</FOGN>
    <FRAN>48,98</FRAN>
    <GREC>48,98</GREC>
    <MFTV>48,98</MFTV>
    <PRGP>70</PRGP>
    <ROSN>48,98</ROSN>
    <SLOV>48,98</SLOV>
    <SVIZ>48,98</SVIZ>
    <BSP>23,20</BSP>
  </Prezzi>
  <Prezzi>
    <Data>20140104</Data>
    <Mercato>MGP</Mercato>
    <Ora>7</Ora>
    <PUN>61,538425</PUN>
    <NAT>60,89</NAT>
    <CNOR>60,89</CNOR>
    <CSUD>60,89</CSUD>
    <NORD>60,89</NORD>
    <SARD>60,89</SARD>
    <SICI>70,01</SICI>
    <SUD>60,89</SUD>
    <AUST>60,89</AUST>
    <BRNN>60,89</BRNN>
    <COAC>60,89</COAC>
    <CORS>60,89</CORS>
    <FOGN>60,89</FOGN>
    <FRAN>60,89</FRAN>
    <GREC>60,89</GREC>
    <MFTV>60,89</MFTV>
    <PRGP>70,01</PRGP>
    <ROSN>60,89</ROSN>
    <SLOV>60,89</SLOV>
    <SVIZ>60,89</SVIZ>
    <BSP>37</BSP>
  </Prezzi>
  <Prezzi>
    <Data>20140104</Data>
    <Mercato>MGP</Mercato>
    <Ora>8</Ora>
    <PUN>73,042562</PUN>
    <NAT>71,36</NAT>
    <CNOR>71,36</CNOR>
    <CSUD>71,36</CSUD>
    <NORD>71,36</NORD>
    <SARD>71,36</SARD>
    <SICI>95,02</SICI>
    <SUD>71,36</SUD>
    <AUST>71,36</AUST>
    <BRNN>71,36</BRNN>
    <COAC>71,36</COAC>
    <CORS>71,36</CORS>
    <FOGN>71,36</FOGN>
    <FRAN>71,36</FRAN>
    <GREC>71,36</GREC>
    <MFTV>71,36</MFTV>
    <PRGP>95,02</PRGP>
    <ROSN>71,36</ROSN>
    <SLOV>71,36</SLOV>
    <SVIZ>71,36</SVIZ>
    <BSP>39,43</BSP>
  </Prezzi>
  <Prezzi>
    <Data>20140104</Data>
    <Mercato>MGP</Mercato>
    <Ora>9</Ora>
    <PUN>75,117697</PUN>
    <NAT>70</NAT>
    <CNOR>70</CNOR>
    <CSUD>70</CSUD>
    <NORD>70</NORD>
    <SARD>70</SARD>
    <SICI>139,75</SICI>
    <SUD>70</SUD>
    <AUST>70</AUST>
    <BRNN>70</BRNN>
    <COAC>70</COAC>
    <CORS>70</CORS>
    <FOGN>65,13</FOGN>
    <FRAN>70</FRAN>
    <GREC>70</GREC>
    <MFTV>70</MFTV>
    <PRGP>139,75</PRGP>
    <ROSN>70</ROSN>
    <SLOV>70</SLOV>
    <SVIZ>70</SVIZ>
    <BSP>38,94</BSP>
  </Prezzi>
  <Prezzi>
    <Data>20140104</Data>
    <Mercato>MGP</Mercato>
    <Ora>10</Ora>
    <PUN>81,365754</PUN>
    <NAT>77,21</NAT>
    <CNOR>76,68</CNOR>
    <CSUD>76,68</CSUD>
    <NORD>76,68</NORD>
    <SARD>76,68</SARD>
    <SICI>139,75</SICI>
    <SUD>76,68</SUD>
    <AUST>76,68</AUST>
    <BRNN>76,68</BRNN>
    <COAC>76,68</COAC>
    <CORS>76,68</CORS>
    <FOGN>65,03</FOGN>
    <FRAN>76,68</FRAN>
    <GREC>76,68</GREC>
    <MFTV>76,68</MFTV>
    <PRGP>139,75</PRGP>
    <ROSN>76,68</ROSN>
    <SLOV>76,68</SLOV>
    <SVIZ>76,68</SVIZ>
    <BSP>51</BSP>
  </Prezzi>
  <Prezzi>
    <Data>20140104</Data>
    <Mercato>MGP</Mercato>
    <Ora>11</Ora>
    <PUN>78,271429</PUN>
    <NAT>73,27</NAT>
    <CNOR>73,46</CNOR>
    <CSUD>73,46</CSUD>
    <NORD>73,46</NORD>
    <SARD>73,46</SARD>
    <SICI>139,75</SICI>
    <SUD>73,46</SUD>
    <AUST>73,46</AUST>
    <BRNN>73,46</BRNN>
    <COAC>73,46</COAC>
    <CORS>73,46</CORS>
    <FOGN>63,40</FOGN>
    <FRAN>73,46</FRAN>
    <GREC>73,46</GREC>
    <MFTV>73,46</MFTV>
    <PRGP>139,75</PRGP>
    <ROSN>73,46</ROSN>
    <SLOV>73,46</SLOV>
    <SVIZ>73,46</SVIZ>
    <BSP>44</BSP>
  </Prezzi>
  <Prezzi>
    <Data>20140104</Data>
    <Mercato>MGP</Mercato>
    <Ora>12</Ora>
    <PUN>76,425267</PUN>
    <NAT>72,80</NAT>
    <CNOR>80,10</CNOR>
    <CSUD>61,78</CSUD>
    <NORD>80,10</NORD>
    <SARD>61,78</SARD>
    <SICI>105,01</SICI>
    <SUD>61,78</SUD>
    <AUST>80,10</AUST>
    <BRNN>61,78</BRNN>
    <COAC>61,78</COAC>
    <CORS>61,78</CORS>
    <FOGN>61,78</FOGN>
    <FRAN>80,10</FRAN>
    <GREC>61,78</GREC>
    <MFTV>80,10</MFTV>
    <PRGP>105,01</PRGP>
    <ROSN>61,78</ROSN>
    <SLOV>80,10</SLOV>
    <SVIZ>80,10</SVIZ>
    <BSP>43,41</BSP>
  </Prezzi>
  <Prezzi>
    <Data>20140104</Data>
    <Mercato>MGP</Mercato>
    <Ora>13</Ora>
    <PUN>66,287704</PUN>
    <NAT>63,92</NAT>
    <CNOR>65,07</CNOR>
    <CSUD>65,07</CSUD>
    <NORD>65,07</NORD>
    <SARD>65,07</SARD>
    <SICI>81,01</SICI>
    <SUD>65,07</SUD>
    <AUST>65,07</AUST>
    <BRNN>65,07</BRNN>
    <COAC>65,07</COAC>
    <CORS>65,07</CORS>
    <FOGN>65,07</FOGN>
    <FRAN>65,07</FRAN>
    <GREC>65,07</GREC>
    <MFTV>65,07</MFTV>
    <PRGP>81,01</PRGP>
    <ROSN>65,07</ROSN>
    <SLOV>65,07</SLOV>
    <SVIZ>65,07</SVIZ>
    <BSP>42,55</BSP>
  </Prezzi>
  <Prezzi>
    <Data>20140104</Data>
    <Mercato>MGP</Mercato>
    <Ora>14</Ora>
    <PUN>62,875637</PUN>
    <NAT>61,33</NAT>
    <CNOR>61,33</CNOR>
    <CSUD>61,33</CSUD>
    <NORD>61,33</NORD>
    <SARD>61,33</SARD>
    <SICI>81,01</SICI>
    <SUD>61,33</SUD>
    <AUST>61,33</AUST>
    <BRNN>61,33</BRNN>
    <COAC>61,33</COAC>
    <CORS>61,33</CORS>
    <FOGN>61,33</FOGN>
    <FRAN>61,33</FRAN>
    <GREC>61,33</GREC>
    <MFTV>61,33</MFTV>
    <PRGP>81,01</PRGP>
    <ROSN>61,33</ROSN>
    <SLOV>61,33</SLOV>
    <SVIZ>61,33</SVIZ>
    <BSP>44</BSP>
  </Prezzi>
  <Prezzi>
    <Data>20140104</Data>
    <Mercato>MGP</Mercato>
    <Ora>15</Ora>
    <PUN>62,802739</PUN>
    <NAT>61,23</NAT>
    <CNOR>61,23</CNOR>
    <CSUD>61,23</CSUD>
    <NORD>61,23</NORD>
    <SARD>61,23</SARD>
    <SICI>81,01</SICI>
    <SUD>61,23</SUD>
    <AUST>61,23</AUST>
    <BRNN>61,23</BRNN>
    <COAC>61,23</COAC>
    <CORS>61,23</CORS>
    <FOGN>61,23</FOGN>
    <FRAN>61,23</FRAN>
    <GREC>61,23</GREC>
    <MFTV>61,23</MFTV>
    <PRGP>81,01</PRGP>
    <ROSN>61,23</ROSN>
    <SLOV>61,23</SLOV>
    <SVIZ>61,23</SVIZ>
    <BSP>41,58</BSP>
  </Prezzi>
  <Prezzi>
    <Data>20140104</Data>
    <Mercato>MGP</Mercato>
    <Ora>16</Ora>
    <PUN>64,105104</PUN>
    <NAT>62,63</NAT>
    <CNOR>62,63</CNOR>
    <CSUD>62,63</CSUD>
    <NORD>62,63</NORD>
    <SARD>62,63</SARD>
    <SICI>81,01</SICI>
    <SUD>62,63</SUD>
    <AUST>62,63</AUST>
    <BRNN>62,63</BRNN>
    <COAC>62,63</COAC>
    <CORS>62,63</CORS>
    <FOGN>62,63</FOGN>
    <FRAN>62,63</FRAN>
    <GREC>62,63</GREC>
    <MFTV>62,63</MFTV>
    <PRGP>81,01</PRGP>
    <ROSN>62,63</ROSN>
    <SLOV>62,63</SLOV>
    <SVIZ>62,63</SVIZ>
    <BSP>41,74</BSP>
  </Prezzi>
  <Prezzi>
    <Data>20140104</Data>
    <Mercato>MGP</Mercato>
    <Ora>17</Ora>
    <PUN>71,108346</PUN>
    <NAT>65,75</NAT>
    <CNOR>65</CNOR>
    <CSUD>65</CSUD>
    <NORD>65</NORD>
    <SARD>65</SARD>
    <SICI>139,75</SICI>
    <SUD>65</SUD>
    <AUST>65</AUST>
    <BRNN>65</BRNN>
    <COAC>65</COAC>
    <CORS>65</CORS>
    <FOGN>65</FOGN>
    <FRAN>65</FRAN>
    <GREC>65</GREC>
    <MFTV>65</MFTV>
    <PRGP>139,75</PRGP>
    <ROSN>65</ROSN>
    <SLOV>65</SLOV>
    <SVIZ>65</SVIZ>
    <BSP>54,69</BSP>
  </Prezzi>
  <Prezzi>
    <Data>20140104</Data>
    <Mercato>MGP</Mercato>
    <Ora>18</Ora>
    <PUN>76,349301</PUN>
    <NAT>72,11</NAT>
    <CNOR>70,38</CNOR>
    <CSUD>70,38</CSUD>
    <NORD>70,38</NORD>
    <SARD>70,38</SARD>
    <SICI>145,01</SICI>
    <SUD>70,38</SUD>
    <AUST>70,38</AUST>
    <BRNN>70,38</BRNN>
    <COAC>70,38</COAC>
    <CORS>70,38</CORS>
    <FOGN>70,38</FOGN>
    <FRAN>70,38</FRAN>
    <GREC>70,38</GREC>
    <MFTV>70,38</MFTV>
    <PRGP>145,01</PRGP>
    <ROSN>70,38</ROSN>
    <SLOV>70,38</SLOV>
    <SVIZ>70,38</SVIZ>
    <BSP>67,93</BSP>
  </Prezzi>
  <Prezzi>
    <Data>20140104</Data>
    <Mercato>MGP</Mercato>
    <Ora>19</Ora>
    <PUN>77,741531</PUN>
    <NAT>73,99</NAT>
    <CNOR>72</CNOR>
    <CSUD>72</CSUD>
    <NORD>72</NORD>
    <SARD>72</SARD>
    <SICI>145</SICI>
    <SUD>72</SUD>
    <AUST>72</AUST>
    <BRNN>72</BRNN>
    <COAC>72</COAC>
    <CORS>72</CORS>
    <FOGN>72</FOGN>
    <FRAN>72</FRAN>
    <GREC>72</GREC>
    <MFTV>72</MFTV>
    <PRGP>145</PRGP>
    <ROSN>72</ROSN>
    <SLOV>72</SLOV>
    <SVIZ>72</SVIZ>
    <BSP>65,60</BSP>
  </Prezzi>
  <Prezzi>
    <Data>20140104</Data>
    <Mercato>MGP</Mercato>
    <Ora>20</Ora>
    <PUN>79,156026</PUN>
    <NAT>74,97</NAT>
    <CNOR>73,44</CNOR>
    <CSUD>73,44</CSUD>
    <NORD>73,44</NORD>
    <SARD>73,44</SARD>
    <SICI>145</SICI>
    <SUD>73,44</SUD>
    <AUST>73,44</AUST>
    <BRNN>73,44</BRNN>
    <COAC>73,44</COAC>
    <CORS>73,44</CORS>
    <FOGN>73,44</FOGN>
    <FRAN>73,44</FRAN>
    <GREC>73,44</GREC>
    <MFTV>73,44</MFTV>
    <PRGP>145</PRGP>
    <ROSN>73,44</ROSN>
    <SLOV>73,44</SLOV>
    <SVIZ>73,44</SVIZ>
    <BSP>62,82</BSP>
  </Prezzi>
  <Prezzi>
    <Data>20140104</Data>
    <Mercato>MGP</Mercato>
    <Ora>21</Ora>
    <PUN>75,768248</PUN>
    <NAT>70</NAT>
    <CNOR>69,95</CNOR>
    <CSUD>69,95</CSUD>
    <NORD>69,95</NORD>
    <SARD>69,95</SARD>
    <SICI>139,75</SICI>
    <SUD>69,95</SUD>
    <AUST>69,95</AUST>
    <BRNN>69,95</BRNN>
    <COAC>69,95</COAC>
    <CORS>69,95</CORS>
    <FOGN>69,95</FOGN>
    <FRAN>69,95</FRAN>
    <GREC>69,95</GREC>
    <MFTV>69,95</MFTV>
    <PRGP>139,75</PRGP>
    <ROSN>69,95</ROSN>
    <SLOV>69,95</SLOV>
    <SVIZ>69,95</SVIZ>
    <BSP>50</BSP>
  </Prezzi>
  <Prezzi>
    <Data>20140104</Data>
    <Mercato>MGP</Mercato>
    <Ora>22</Ora>
    <PUN>68,069878</PUN>
    <NAT>64,99</NAT>
    <CNOR>64,65</CNOR>
    <CSUD>64,65</CSUD>
    <NORD>64,65</NORD>
    <SARD>64,65</SARD>
    <SICI>106</SICI>
    <SUD>64,65</SUD>
    <AUST>64,65</AUST>
    <BRNN>64,65</BRNN>
    <COAC>64,65</COAC>
    <CORS>64,65</CORS>
    <FOGN>64,65</FOGN>
    <FRAN>64,65</FRAN>
    <GREC>64,65</GREC>
    <MFTV>64,65</MFTV>
    <PRGP>106</PRGP>
    <ROSN>64,65</ROSN>
    <SLOV>64,65</SLOV>
    <SVIZ>64,65</SVIZ>
    <BSP>45,93</BSP>
  </Prezzi>
  <Prezzi>
    <Data>20140104</Data>
    <Mercato>MGP</Mercato>
    <Ora>23</Ora>
    <PUN>63,851383</PUN>
    <NAT>61</NAT>
    <CNOR>61,31</CNOR>
    <CSUD>61,31</CSUD>
    <NORD>61,31</NORD>
    <SARD>61,31</SARD>
    <SICI>91</SICI>
    <SUD>61,31</SUD>
    <AUST>61,31</AUST>
    <BRNN>61,31</BRNN>
    <COAC>61,31</COAC>
    <CORS>61,31</CORS>
    <FOGN>61,31</FOGN>
    <FRAN>61,31</FRAN>
    <GREC>61,31</GREC>
    <MFTV>61,31</MFTV>
    <PRGP>91</PRGP>
    <ROSN>61,31</ROSN>
    <SLOV>61,31</SLOV>
    <SVIZ>61,31</SVIZ>
    <BSP>37,10</BSP>
  </Prezzi>
  <Prezzi>
    <Data>20140104</Data>
    <Mercato>MGP</Mercato>
    <Ora>24</Ora>
    <PUN>55,000868</PUN>
    <NAT>54,95</NAT>
    <CNOR>55</CNOR>
    <CSUD>55</CSUD>
    <NORD>55</NORD>
    <SARD>55</SARD>
    <SICI>55,01</SICI>
    <SUD>55</SUD>
    <AUST>55</AUST>
    <BRNN>55</BRNN>
    <COAC>55</COAC>
    <CORS>55</CORS>
    <FOGN>55</FOGN>
    <FRAN>55</FRAN>
    <GREC>55</GREC>
    <MFTV>55</MFTV>
    <PRGP>55,01</PRGP>
    <ROSN>55</ROSN>
    <SLOV>55</SLOV>
    <SVIZ>55</SVIZ>
    <BSP>38,01</BSP>
  </Prezzi>
</NewDataSet>