<?xml version="1.0" standalone="yes"?>
<NewDataSet>
  <xs:schema id="NewDataSet" xmlns="" xmlns:xs="http://www.w3.org/2001/XMLSchema" xmlns:msdata="urn:schemas-microsoft-com:xml-msdata">
    <xs:element name="NewDataSet" msdata:IsDataSet="true" msdata:UseCurrentLocale="true">
      <xs:complexType>
        <xs:choice minOccurs="0" maxOccurs="unbounded">
          <xs:element name="Prezzi">
            <xs:complexType>
              <xs:sequence>
                <xs:element name="Data" type="xs:string" minOccurs="0" />
                <xs:element name="Mercato" type="xs:string" minOccurs="0" />
                <xs:element name="Ora" type="xs:string" minOccurs="0" />
                <xs:element name="PUN" type="xs:string" minOccurs="0" />
                <xs:element name="NAT" type="xs:string" minOccurs="0" />
                <xs:element name="CNOR" type="xs:string" minOccurs="0" />
                <xs:element name="CSUD" type="xs:string" minOccurs="0" />
                <xs:element name="NORD" type="xs:string" minOccurs="0" />
                <xs:element name="SARD" type="xs:string" minOccurs="0" />
                <xs:element name="SICI" type="xs:string" minOccurs="0" />
                <xs:element name="SUD" type="xs:string" minOccurs="0" />
                <xs:element name="AUST" type="xs:string" minOccurs="0" />
                <xs:element name="BRNN" type="xs:string" minOccurs="0" />
                <xs:element name="COAC" type="xs:string" minOccurs="0" />
                <xs:element name="CORS" type="xs:string" minOccurs="0" />
                <xs:element name="FOGN" type="xs:string" minOccurs="0" />
                <xs:element name="FRAN" type="xs:string" minOccurs="0" />
                <xs:element name="GREC" type="xs:string" minOccurs="0" />
                <xs:element name="MFTV" type="xs:string" minOccurs="0" />
                <xs:element name="PRGP" type="xs:string" minOccurs="0" />
                <xs:element name="ROSN" type="xs:string" minOccurs="0" />
                <xs:element name="SLOV" type="xs:string" minOccurs="0" />
                <xs:element name="SVIZ" type="xs:string" minOccurs="0" />
                <xs:element name="BSP" type="xs:string" minOccurs="0" />
              </xs:sequence>
            </xs:complexType>
          </xs:element>
        </xs:choice>
      </xs:complexType>
    </xs:element>
  </xs:schema>
  <Prezzi>
    <Data>20140118</Data>
    <Mercato>MGP</Mercato>
    <Ora>1</Ora>
    <PUN>58,037928</PUN>
    <NAT>54,16</NAT>
    <CNOR>58,27</CNOR>
    <CSUD>58,27</CSUD>
    <NORD>58,27</NORD>
    <SARD>58,27</SARD>
    <SICI>55,01</SICI>
    <SUD>58,27</SUD>
    <AUST>58,27</AUST>
    <BRNN>58,27</BRNN>
    <COAC>58,27</COAC>
    <CORS>58,27</CORS>
    <FOGN>58,27</FOGN>
    <FRAN>58,27</FRAN>
    <GREC>58,27</GREC>
    <MFTV>58,27</MFTV>
    <PRGP>55,01</PRGP>
    <ROSN>58,27</ROSN>
    <SLOV>58,27</SLOV>
    <SVIZ>58,27</SVIZ>
    <BSP>29,21</BSP>
  </Prezzi>
  <Prezzi>
    <Data>20140118</Data>
    <Mercato>MGP</Mercato>
    <Ora>2</Ora>
    <PUN>49,012812</PUN>
    <NAT>50</NAT>
    <CNOR>52,54</CNOR>
    <CSUD>52,54</CSUD>
    <NORD>52,54</NORD>
    <SARD>52,54</SARD>
    <SICI>0</SICI>
    <SUD>52,54</SUD>
    <AUST>52,54</AUST>
    <BRNN>52,54</BRNN>
    <COAC>52,54</COAC>
    <CORS>52,54</CORS>
    <FOGN>52,54</FOGN>
    <FRAN>52,54</FRAN>
    <GREC>52,54</GREC>
    <MFTV>52,54</MFTV>
    <PRGP>0</PRGP>
    <ROSN>52,54</ROSN>
    <SLOV>52,54</SLOV>
    <SVIZ>52,54</SVIZ>
    <BSP>26,65</BSP>
  </Prezzi>
  <Prezzi>
    <Data>20140118</Data>
    <Mercato>MGP</Mercato>
    <Ora>3</Ora>
    <PUN>46,790567</PUN>
    <NAT>43,26</NAT>
    <CNOR>50</CNOR>
    <CSUD>50</CSUD>
    <NORD>50</NORD>
    <SARD>50</SARD>
    <SICI>0</SICI>
    <SUD>50</SUD>
    <AUST>50</AUST>
    <BRNN>50</BRNN>
    <COAC>50</COAC>
    <CORS>50</CORS>
    <FOGN>50</FOGN>
    <FRAN>50</FRAN>
    <GREC>50</GREC>
    <MFTV>50</MFTV>
    <PRGP>0</PRGP>
    <ROSN>50</ROSN>
    <SLOV>50</SLOV>
    <SVIZ>50</SVIZ>
    <BSP>25,75</BSP>
  </Prezzi>
  <Prezzi>
    <Data>20140118</Data>
    <Mercato>MGP</Mercato>
    <Ora>4</Ora>
    <PUN>46,857671</PUN>
    <NAT>38,11</NAT>
    <CNOR>50</CNOR>
    <CSUD>50</CSUD>
    <NORD>50</NORD>
    <SARD>50</SARD>
    <SICI>0</SICI>
    <SUD>50</SUD>
    <AUST>50</AUST>
    <BRNN>50</BRNN>
    <COAC>50</COAC>
    <CORS>50</CORS>
    <FOGN>50</FOGN>
    <FRAN>50</FRAN>
    <GREC>50</GREC>
    <MFTV>50</MFTV>
    <PRGP>0</PRGP>
    <ROSN>50</ROSN>
    <SLOV>50</SLOV>
    <SVIZ>50</SVIZ>
    <BSP>25,59</BSP>
  </Prezzi>
  <Prezzi>
    <Data>20140118</Data>
    <Mercato>MGP</Mercato>
    <Ora>5</Ora>
    <PUN>46,852598</PUN>
    <NAT>37,16</NAT>
    <CNOR>50</CNOR>
    <CSUD>50</CSUD>
    <NORD>50</NORD>
    <SARD>50</SARD>
    <SICI>0</SICI>
    <SUD>50</SUD>
    <AUST>50</AUST>
    <BRNN>50</BRNN>
    <COAC>50</COAC>
    <CORS>50</CORS>
    <FOGN>50</FOGN>
    <FRAN>50</FRAN>
    <GREC>50</GREC>
    <MFTV>50</MFTV>
    <PRGP>0</PRGP>
    <ROSN>50</ROSN>
    <SLOV>50</SLOV>
    <SVIZ>50</SVIZ>
    <BSP>25,39</BSP>
  </Prezzi>
  <Prezzi>
    <Data>20140118</Data>
    <Mercato>MGP</Mercato>
    <Ora>6</Ora>
    <PUN>46,785814</PUN>
    <NAT>42,10</NAT>
    <CNOR>50</CNOR>
    <CSUD>50</CSUD>
    <NORD>50</NORD>
    <SARD>50</SARD>
    <SICI>0</SICI>
    <SUD>50</SUD>
    <AUST>50</AUST>
    <BRNN>50</BRNN>
    <COAC>50</COAC>
    <CORS>50</CORS>
    <FOGN>50</FOGN>
    <FRAN>50</FRAN>
    <GREC>50</GREC>
    <MFTV>50</MFTV>
    <PRGP>0</PRGP>
    <ROSN>50</ROSN>
    <SLOV>50</SLOV>
    <SVIZ>50</SVIZ>
    <BSP>26,32</BSP>
  </Prezzi>
  <Prezzi>
    <Data>20140118</Data>
    <Mercato>MGP</Mercato>
    <Ora>7</Ora>
    <PUN>55,28</PUN>
    <NAT>52,98</NAT>
    <CNOR>58,832927</CNOR>
    <CSUD>58,832927</CSUD>
    <NORD>58,832927</NORD>
    <SARD>58,832927</SARD>
    <SICI>1,11</SICI>
    <SUD>58,832927</SUD>
    <AUST>58,832927</AUST>
    <BRNN>58,832927</BRNN>
    <COAC>58,832927</COAC>
    <CORS>58,832927</CORS>
    <FOGN>58,832927</FOGN>
    <FRAN>58,832927</FRAN>
    <GREC>58,832927</GREC>
    <MFTV>58,832927</MFTV>
    <PRGP>1,11</PRGP>
    <ROSN>58,832927</ROSN>
    <SLOV>58,832927</SLOV>
    <SVIZ>58,832927</SVIZ>
    <BSP>26</BSP>
  </Prezzi>
  <Prezzi>
    <Data>20140118</Data>
    <Mercato>MGP</Mercato>
    <Ora>8</Ora>
    <PUN>64,369270</PUN>
    <NAT>60,99</NAT>
    <CNOR>64,98</CNOR>
    <CSUD>64,98</CSUD>
    <NORD>64,98</NORD>
    <SARD>64,98</SARD>
    <SICI>55</SICI>
    <SUD>64,98</SUD>
    <AUST>64,98</AUST>
    <BRNN>64,98</BRNN>
    <COAC>64,98</COAC>
    <CORS>64,98</CORS>
    <FOGN>64,98</FOGN>
    <FRAN>64,98</FRAN>
    <GREC>64,98</GREC>
    <MFTV>64,98</MFTV>
    <PRGP>55</PRGP>
    <ROSN>64,98</ROSN>
    <SLOV>64,98</SLOV>
    <SVIZ>64,98</SVIZ>
    <BSP>31,37</BSP>
  </Prezzi>
  <Prezzi>
    <Data>20140118</Data>
    <Mercato>MGP</Mercato>
    <Ora>9</Ora>
    <PUN>62,516344</PUN>
    <NAT>61,40</NAT>
    <CNOR>63,04</CNOR>
    <CSUD>63,04</CSUD>
    <NORD>63,04</NORD>
    <SARD>63,04</SARD>
    <SICI>55,01</SICI>
    <SUD>63,04</SUD>
    <AUST>63,04</AUST>
    <BRNN>63,04</BRNN>
    <COAC>63,04</COAC>
    <CORS>63,04</CORS>
    <FOGN>63,04</FOGN>
    <FRAN>63,04</FRAN>
    <GREC>63,04</GREC>
    <MFTV>63,04</MFTV>
    <PRGP>55,01</PRGP>
    <ROSN>63,04</ROSN>
    <SLOV>63,04</SLOV>
    <SVIZ>63,04</SVIZ>
    <BSP>36,52</BSP>
  </Prezzi>
  <Prezzi>
    <Data>20140118</Data>
    <Mercato>MGP</Mercato>
    <Ora>10</Ora>
    <PUN>64,170670</PUN>
    <NAT>63,05</NAT>
    <CNOR>65</CNOR>
    <CSUD>65</CSUD>
    <NORD>65</NORD>
    <SARD>65</SARD>
    <SICI>55,01</SICI>
    <SUD>63,06</SUD>
    <AUST>65</AUST>
    <BRNN>63,06</BRNN>
    <COAC>65</COAC>
    <CORS>65</CORS>
    <FOGN>63,06</FOGN>
    <FRAN>65</FRAN>
    <GREC>63,06</GREC>
    <MFTV>65</MFTV>
    <PRGP>55,01</PRGP>
    <ROSN>63,06</ROSN>
    <SLOV>65</SLOV>
    <SVIZ>65</SVIZ>
    <BSP>39,70</BSP>
  </Prezzi>
  <Prezzi>
    <Data>20140118</Data>
    <Mercato>MGP</Mercato>
    <Ora>11</Ora>
    <PUN>64,423417</PUN>
    <NAT>61,08</NAT>
    <CNOR>66,13</CNOR>
    <CSUD>66,13</CSUD>
    <NORD>66,13</NORD>
    <SARD>66,13</SARD>
    <SICI>54,99</SICI>
    <SUD>54,99</SUD>
    <AUST>66,13</AUST>
    <BRNN>54,99</BRNN>
    <COAC>66,13</COAC>
    <CORS>66,13</CORS>
    <FOGN>54,99</FOGN>
    <FRAN>66,13</FRAN>
    <GREC>54,99</GREC>
    <MFTV>66,13</MFTV>
    <PRGP>54,99</PRGP>
    <ROSN>54,99</ROSN>
    <SLOV>66,13</SLOV>
    <SVIZ>66,13</SVIZ>
    <BSP>39,31</BSP>
  </Prezzi>
  <Prezzi>
    <Data>20140118</Data>
    <Mercato>MGP</Mercato>
    <Ora>12</Ora>
    <PUN>62,681084</PUN>
    <NAT>60,35</NAT>
    <CNOR>64,98</CNOR>
    <CSUD>64,98</CSUD>
    <NORD>64,98</NORD>
    <SARD>64,98</SARD>
    <SICI>50</SICI>
    <SUD>50</SUD>
    <AUST>64,98</AUST>
    <BRNN>50</BRNN>
    <COAC>64,98</COAC>
    <CORS>64,98</CORS>
    <FOGN>50</FOGN>
    <FRAN>64,98</FRAN>
    <GREC>50</GREC>
    <MFTV>64,98</MFTV>
    <PRGP>50</PRGP>
    <ROSN>50</ROSN>
    <SLOV>64,98</SLOV>
    <SVIZ>64,98</SVIZ>
    <BSP>39</BSP>
  </Prezzi>
  <Prezzi>
    <Data>20140118</Data>
    <Mercato>MGP</Mercato>
    <Ora>13</Ora>
    <PUN>55,778339</PUN>
    <NAT>58</NAT>
    <CNOR>60,97</CNOR>
    <CSUD>60,97</CSUD>
    <NORD>60,97</NORD>
    <SARD>60,97</SARD>
    <SICI>0</SICI>
    <SUD>49,98</SUD>
    <AUST>60,97</AUST>
    <BRNN>49,98</BRNN>
    <COAC>60,97</COAC>
    <CORS>60,97</CORS>
    <FOGN>49,98</FOGN>
    <FRAN>60,97</FRAN>
    <GREC>49,98</GREC>
    <MFTV>60,97</MFTV>
    <PRGP>0</PRGP>
    <ROSN>49,98</ROSN>
    <SLOV>60,97</SLOV>
    <SVIZ>60,97</SVIZ>
    <BSP>41,12</BSP>
  </Prezzi>
  <Prezzi>
    <Data>20140118</Data>
    <Mercato>MGP</Mercato>
    <Ora>14</Ora>
    <PUN>51,197264</PUN>
    <NAT>54,16</NAT>
    <CNOR>49,98</CNOR>
    <CSUD>49,98</CSUD>
    <NORD>58,50</NORD>
    <SARD>49,98</SARD>
    <SICI>0</SICI>
    <SUD>49,98</SUD>
    <AUST>58,50</AUST>
    <BRNN>49,98</BRNN>
    <COAC>49,98</COAC>
    <CORS>49,98</CORS>
    <FOGN>49,98</FOGN>
    <FRAN>58,50</FRAN>
    <GREC>49,98</GREC>
    <MFTV>58,50</MFTV>
    <PRGP>0</PRGP>
    <ROSN>49,98</ROSN>
    <SLOV>58,50</SLOV>
    <SVIZ>58,50</SVIZ>
    <BSP>36,50</BSP>
  </Prezzi>
  <Prezzi>
    <Data>20140118</Data>
    <Mercato>MGP</Mercato>
    <Ora>15</Ora>
    <PUN>53,10</PUN>
    <NAT>52,91</NAT>
    <CNOR>57,480597</CNOR>
    <CSUD>57,480597</CSUD>
    <NORD>57,480597</NORD>
    <SARD>57,480597</SARD>
    <SICI>5</SICI>
    <SUD>50</SUD>
    <AUST>57,480597</AUST>
    <BRNN>50</BRNN>
    <COAC>57,480597</COAC>
    <CORS>57,480597</CORS>
    <FOGN>50</FOGN>
    <FRAN>57,480597</FRAN>
    <GREC>50</GREC>
    <MFTV>57,480597</MFTV>
    <PRGP>5</PRGP>
    <ROSN>50</ROSN>
    <SLOV>57,480597</SLOV>
    <SVIZ>57,480597</SVIZ>
    <BSP>34,31</BSP>
  </Prezzi>
  <Prezzi>
    <Data>20140118</Data>
    <Mercato>MGP</Mercato>
    <Ora>16</Ora>
    <PUN>58,250401</PUN>
    <NAT>57</NAT>
    <CNOR>58,50</CNOR>
    <CSUD>58,50</CSUD>
    <NORD>58,50</NORD>
    <SARD>58,50</SARD>
    <SICI>55</SICI>
    <SUD>58,50</SUD>
    <AUST>58,50</AUST>
    <BRNN>58,50</BRNN>
    <COAC>58,50</COAC>
    <CORS>58,50</CORS>
    <FOGN>58,50</FOGN>
    <FRAN>58,50</FRAN>
    <GREC>58,50</GREC>
    <MFTV>58,50</MFTV>
    <PRGP>55</PRGP>
    <ROSN>58,50</ROSN>
    <SLOV>58,50</SLOV>
    <SVIZ>58,50</SVIZ>
    <BSP>34,72</BSP>
  </Prezzi>
  <Prezzi>
    <Data>20140118</Data>
    <Mercato>MGP</Mercato>
    <Ora>17</Ora>
    <PUN>60,048542</PUN>
    <NAT>59,54</NAT>
    <CNOR>60,05</CNOR>
    <CSUD>60,05</CSUD>
    <NORD>60,05</NORD>
    <SARD>60,05</SARD>
    <SICI>60,03</SICI>
    <SUD>60,05</SUD>
    <AUST>60,05</AUST>
    <BRNN>60,05</BRNN>
    <COAC>60,05</COAC>
    <CORS>60,05</CORS>
    <FOGN>60,05</FOGN>
    <FRAN>60,05</FRAN>
    <GREC>60,05</GREC>
    <MFTV>60,05</MFTV>
    <PRGP>60,03</PRGP>
    <ROSN>60,05</ROSN>
    <SLOV>60,05</SLOV>
    <SVIZ>60,05</SVIZ>
    <BSP>37</BSP>
  </Prezzi>
  <Prezzi>
    <Data>20140118</Data>
    <Mercato>MGP</Mercato>
    <Ora>18</Ora>
    <PUN>68,83</PUN>
    <NAT>65</NAT>
    <CNOR>68,83</CNOR>
    <CSUD>68,83</CSUD>
    <NORD>68,83</NORD>
    <SARD>68,83</SARD>
    <SICI>68,83</SICI>
    <SUD>68,83</SUD>
    <AUST>68,83</AUST>
    <BRNN>68,83</BRNN>
    <COAC>68,83</COAC>
    <CORS>68,83</CORS>
    <FOGN>68,83</FOGN>
    <FRAN>68,83</FRAN>
    <GREC>68,83</GREC>
    <MFTV>68,83</MFTV>
    <PRGP>68,83</PRGP>
    <ROSN>68,83</ROSN>
    <SLOV>68,83</SLOV>
    <SVIZ>68,83</SVIZ>
    <BSP>41,14</BSP>
  </Prezzi>
  <Prezzi>
    <Data>20140118</Data>
    <Mercato>MGP</Mercato>
    <Ora>19</Ora>
    <PUN>72,418637</PUN>
    <NAT>65</NAT>
    <CNOR>66,95</CNOR>
    <CSUD>66,95</CSUD>
    <NORD>66,95</NORD>
    <SARD>66,95</SARD>
    <SICI>139,53</SICI>
    <SUD>66,95</SUD>
    <AUST>66,95</AUST>
    <BRNN>66,95</BRNN>
    <COAC>66,95</COAC>
    <CORS>66,95</CORS>
    <FOGN>66,95</FOGN>
    <FRAN>66,95</FRAN>
    <GREC>66,95</GREC>
    <MFTV>66,95</MFTV>
    <PRGP>139,53</PRGP>
    <ROSN>66,95</ROSN>
    <SLOV>66,95</SLOV>
    <SVIZ>66,95</SVIZ>
    <BSP>41,22</BSP>
  </Prezzi>
  <Prezzi>
    <Data>20140118</Data>
    <Mercato>MGP</Mercato>
    <Ora>20</Ora>
    <PUN>72,118458</PUN>
    <NAT>65</NAT>
    <CNOR>66,53</CNOR>
    <CSUD>66,53</CSUD>
    <NORD>66,53</NORD>
    <SARD>66,53</SARD>
    <SICI>139,53</SICI>
    <SUD>66,53</SUD>
    <AUST>66,53</AUST>
    <BRNN>66,53</BRNN>
    <COAC>66,53</COAC>
    <CORS>66,53</CORS>
    <FOGN>66,53</FOGN>
    <FRAN>66,53</FRAN>
    <GREC>66,53</GREC>
    <MFTV>66,53</MFTV>
    <PRGP>139,53</PRGP>
    <ROSN>66,53</ROSN>
    <SLOV>66,53</SLOV>
    <SVIZ>66,53</SVIZ>
    <BSP>40</BSP>
  </Prezzi>
  <Prezzi>
    <Data>20140118</Data>
    <Mercato>MGP</Mercato>
    <Ora>21</Ora>
    <PUN>62</PUN>
    <NAT>60,30</NAT>
    <CNOR>62</CNOR>
    <CSUD>62</CSUD>
    <NORD>62</NORD>
    <SARD>62</SARD>
    <SICI>62</SICI>
    <SUD>62</SUD>
    <AUST>62</AUST>
    <BRNN>62</BRNN>
    <COAC>62</COAC>
    <CORS>62</CORS>
    <FOGN>62</FOGN>
    <FRAN>62</FRAN>
    <GREC>62</GREC>
    <MFTV>62</MFTV>
    <PRGP>62</PRGP>
    <ROSN>62</ROSN>
    <SLOV>62</SLOV>
    <SVIZ>62</SVIZ>
    <BSP>40</BSP>
  </Prezzi>
  <Prezzi>
    <Data>20140118</Data>
    <Mercato>MGP</Mercato>
    <Ora>22</Ora>
    <PUN>58,90</PUN>
    <NAT>58,30</NAT>
    <CNOR>58,90</CNOR>
    <CSUD>58,90</CSUD>
    <NORD>58,90</NORD>
    <SARD>58,90</SARD>
    <SICI>58,90</SICI>
    <SUD>58,90</SUD>
    <AUST>58,90</AUST>
    <BRNN>58,90</BRNN>
    <COAC>58,90</COAC>
    <CORS>58,90</CORS>
    <FOGN>58,90</FOGN>
    <FRAN>58,90</FRAN>
    <GREC>58,90</GREC>
    <MFTV>58,90</MFTV>
    <PRGP>58,90</PRGP>
    <ROSN>58,90</ROSN>
    <SLOV>58,90</SLOV>
    <SVIZ>58,90</SVIZ>
    <BSP>34,63</BSP>
  </Prezzi>
  <Prezzi>
    <Data>20140118</Data>
    <Mercato>MGP</Mercato>
    <Ora>23</Ora>
    <PUN>55,01</PUN>
    <NAT>55</NAT>
    <CNOR>55,01</CNOR>
    <CSUD>55,01</CSUD>
    <NORD>55,01</NORD>
    <SARD>55,01</SARD>
    <SICI>55,01</SICI>
    <SUD>55,01</SUD>
    <AUST>55,01</AUST>
    <BRNN>55,01</BRNN>
    <COAC>55,01</COAC>
    <CORS>55,01</CORS>
    <FOGN>55,01</FOGN>
    <FRAN>55,01</FRAN>
    <GREC>55,01</GREC>
    <MFTV>55,01</MFTV>
    <PRGP>55,01</PRGP>
    <ROSN>55,01</ROSN>
    <SLOV>55,01</SLOV>
    <SVIZ>55,01</SVIZ>
    <BSP>30,64</BSP>
  </Prezzi>
  <Prezzi>
    <Data>20140118</Data>
    <Mercato>MGP</Mercato>
    <Ora>24</Ora>
    <PUN>52,96</PUN>
    <NAT>50</NAT>
    <CNOR>52,96</CNOR>
    <CSUD>52,96</CSUD>
    <NORD>52,96</NORD>
    <SARD>52,96</SARD>
    <SICI>52,96</SICI>
    <SUD>52,96</SUD>
    <AUST>52,96</AUST>
    <BRNN>52,96</BRNN>
    <COAC>52,96</COAC>
    <CORS>52,96</CORS>
    <FOGN>52,96</FOGN>
    <FRAN>52,96</FRAN>
    <GREC>52,96</GREC>
    <MFTV>52,96</MFTV>
    <PRGP>52,96</PRGP>
    <ROSN>52,96</ROSN>
    <SLOV>52,96</SLOV>
    <SVIZ>52,96</SVIZ>
    <BSP>20,50</BSP>
  </Prezzi>
</NewDataSet>