<?xml version="1.0" standalone="yes"?>
<NewDataSet>
  <xs:schema id="NewDataSet" xmlns="" xmlns:xs="http://www.w3.org/2001/XMLSchema" xmlns:msdata="urn:schemas-microsoft-com:xml-msdata">
    <xs:element name="NewDataSet" msdata:IsDataSet="true" msdata:UseCurrentLocale="true">
      <xs:complexType>
        <xs:choice minOccurs="0" maxOccurs="unbounded">
          <xs:element name="Prezzi">
            <xs:complexType>
              <xs:sequence>
                <xs:element name="Data" type="xs:string" minOccurs="0" />
                <xs:element name="Mercato" type="xs:string" minOccurs="0" />
                <xs:element name="Ora" type="xs:string" minOccurs="0" />
                <xs:element name="PUN" type="xs:string" minOccurs="0" />
                <xs:element name="NAT" type="xs:string" minOccurs="0" />
                <xs:element name="CNOR" type="xs:string" minOccurs="0" />
                <xs:element name="CSUD" type="xs:string" minOccurs="0" />
                <xs:element name="NORD" type="xs:string" minOccurs="0" />
                <xs:element name="SARD" type="xs:string" minOccurs="0" />
                <xs:element name="SICI" type="xs:string" minOccurs="0" />
                <xs:element name="SUD" type="xs:string" minOccurs="0" />
                <xs:element name="AUST" type="xs:string" minOccurs="0" />
                <xs:element name="BRNN" type="xs:string" minOccurs="0" />
                <xs:element name="COAC" type="xs:string" minOccurs="0" />
                <xs:element name="CORS" type="xs:string" minOccurs="0" />
                <xs:element name="FOGN" type="xs:string" minOccurs="0" />
                <xs:element name="FRAN" type="xs:string" minOccurs="0" />
                <xs:element name="GREC" type="xs:string" minOccurs="0" />
                <xs:element name="MFTV" type="xs:string" minOccurs="0" />
                <xs:element name="PRGP" type="xs:string" minOccurs="0" />
                <xs:element name="ROSN" type="xs:string" minOccurs="0" />
                <xs:element name="SLOV" type="xs:string" minOccurs="0" />
                <xs:element name="SVIZ" type="xs:string" minOccurs="0" />
                <xs:element name="BSP" type="xs:string" minOccurs="0" />
              </xs:sequence>
            </xs:complexType>
          </xs:element>
        </xs:choice>
      </xs:complexType>
    </xs:element>
  </xs:schema>
  <Prezzi>
    <Data>20140125</Data>
    <Mercato>MGP</Mercato>
    <Ora>1</Ora>
    <PUN>55</PUN>
    <NAT>52</NAT>
    <CNOR>55</CNOR>
    <CSUD>55</CSUD>
    <NORD>55</NORD>
    <SARD>55</SARD>
    <SICI>55</SICI>
    <SUD>55</SUD>
    <AUST>55</AUST>
    <BRNN>55</BRNN>
    <COAC>55</COAC>
    <CORS>55</CORS>
    <FOGN>55</FOGN>
    <FRAN>55</FRAN>
    <GREC>55</GREC>
    <MFTV>55</MFTV>
    <PRGP>55</PRGP>
    <ROSN>55</ROSN>
    <SLOV>55</SLOV>
    <SVIZ>55</SVIZ>
    <BSP>33,37</BSP>
  </Prezzi>
  <Prezzi>
    <Data>20140125</Data>
    <Mercato>MGP</Mercato>
    <Ora>2</Ora>
    <PUN>50,58</PUN>
    <NAT>46</NAT>
    <CNOR>50,58</CNOR>
    <CSUD>50,58</CSUD>
    <NORD>50,58</NORD>
    <SARD>50,58</SARD>
    <SICI>50,58</SICI>
    <SUD>50,58</SUD>
    <AUST>50,58</AUST>
    <BRNN>50,58</BRNN>
    <COAC>50,58</COAC>
    <CORS>50,58</CORS>
    <FOGN>50,58</FOGN>
    <FRAN>50,58</FRAN>
    <GREC>50,58</GREC>
    <MFTV>50,58</MFTV>
    <PRGP>50,58</PRGP>
    <ROSN>50,58</ROSN>
    <SLOV>50,58</SLOV>
    <SVIZ>50,58</SVIZ>
    <BSP>31,05</BSP>
  </Prezzi>
  <Prezzi>
    <Data>20140125</Data>
    <Mercato>MGP</Mercato>
    <Ora>3</Ora>
    <PUN>42,805140</PUN>
    <NAT>41,33</NAT>
    <CNOR>47,75</CNOR>
    <CSUD>41,33</CSUD>
    <NORD>47,75</NORD>
    <SARD>41,33</SARD>
    <SICI>1,11</SICI>
    <SUD>41,33</SUD>
    <AUST>47,75</AUST>
    <BRNN>41,33</BRNN>
    <COAC>41,33</COAC>
    <CORS>41,33</CORS>
    <FOGN>41,33</FOGN>
    <FRAN>47,75</FRAN>
    <GREC>41,33</GREC>
    <MFTV>47,75</MFTV>
    <PRGP>1,11</PRGP>
    <ROSN>41,33</ROSN>
    <SLOV>47,75</SLOV>
    <SVIZ>47,75</SVIZ>
    <BSP>29,86</BSP>
  </Prezzi>
  <Prezzi>
    <Data>20140125</Data>
    <Mercato>MGP</Mercato>
    <Ora>4</Ora>
    <PUN>41,499720</PUN>
    <NAT>40,57</NAT>
    <CNOR>46</CNOR>
    <CSUD>40,76</CSUD>
    <NORD>46</NORD>
    <SARD>40,76</SARD>
    <SICI>1,11</SICI>
    <SUD>40,76</SUD>
    <AUST>46</AUST>
    <BRNN>40,76</BRNN>
    <COAC>40,76</COAC>
    <CORS>40,76</CORS>
    <FOGN>40,76</FOGN>
    <FRAN>46</FRAN>
    <GREC>40,76</GREC>
    <MFTV>46</MFTV>
    <PRGP>1,11</PRGP>
    <ROSN>40,76</ROSN>
    <SLOV>46</SLOV>
    <SVIZ>46</SVIZ>
    <BSP>28,75</BSP>
  </Prezzi>
  <Prezzi>
    <Data>20140125</Data>
    <Mercato>MGP</Mercato>
    <Ora>5</Ora>
    <PUN>40</PUN>
    <NAT>38,42</NAT>
    <CNOR>43,47</CNOR>
    <CSUD>40,57</CSUD>
    <NORD>43,47</NORD>
    <SARD>40,57</SARD>
    <SICI>5,175358</SICI>
    <SUD>40,57</SUD>
    <AUST>43,47</AUST>
    <BRNN>40,57</BRNN>
    <COAC>40,57</COAC>
    <CORS>40,57</CORS>
    <FOGN>40,57</FOGN>
    <FRAN>43,47</FRAN>
    <GREC>40,57</GREC>
    <MFTV>43,47</MFTV>
    <PRGP>5,175358</PRGP>
    <ROSN>40,57</ROSN>
    <SLOV>43,47</SLOV>
    <SVIZ>43,47</SVIZ>
    <BSP>28,90</BSP>
  </Prezzi>
  <Prezzi>
    <Data>20140125</Data>
    <Mercato>MGP</Mercato>
    <Ora>6</Ora>
    <PUN>44,641627</PUN>
    <NAT>40,57</NAT>
    <CNOR>46,65</CNOR>
    <CSUD>40,57</CSUD>
    <NORD>46,65</NORD>
    <SARD>40,57</SARD>
    <SICI>40,57</SICI>
    <SUD>40,57</SUD>
    <AUST>46,65</AUST>
    <BRNN>40,57</BRNN>
    <COAC>40,57</COAC>
    <CORS>40,57</CORS>
    <FOGN>40,57</FOGN>
    <FRAN>46,65</FRAN>
    <GREC>40,57</GREC>
    <MFTV>46,65</MFTV>
    <PRGP>40,57</PRGP>
    <ROSN>40,57</ROSN>
    <SLOV>46,65</SLOV>
    <SVIZ>46,65</SVIZ>
    <BSP>28,88</BSP>
  </Prezzi>
  <Prezzi>
    <Data>20140125</Data>
    <Mercato>MGP</Mercato>
    <Ora>7</Ora>
    <PUN>48,209197</PUN>
    <NAT>45</NAT>
    <CNOR>41,33</CNOR>
    <CSUD>41,33</CSUD>
    <NORD>53,38</NORD>
    <SARD>41,33</SARD>
    <SICI>41,33</SICI>
    <SUD>41,33</SUD>
    <AUST>53,38</AUST>
    <BRNN>41,33</BRNN>
    <COAC>41,33</COAC>
    <CORS>41,33</CORS>
    <FOGN>41,33</FOGN>
    <FRAN>53,38</FRAN>
    <GREC>41,33</GREC>
    <MFTV>53,38</MFTV>
    <PRGP>41,33</PRGP>
    <ROSN>41,33</ROSN>
    <SLOV>53,38</SLOV>
    <SVIZ>53,38</SVIZ>
    <BSP>28,39</BSP>
  </Prezzi>
  <Prezzi>
    <Data>20140125</Data>
    <Mercato>MGP</Mercato>
    <Ora>8</Ora>
    <PUN>58,630436</PUN>
    <NAT>57,85</NAT>
    <CNOR>58,88</CNOR>
    <CSUD>58,88</CSUD>
    <NORD>58,88</NORD>
    <SARD>58,88</SARD>
    <SICI>55,01</SICI>
    <SUD>58,88</SUD>
    <AUST>58,88</AUST>
    <BRNN>58,88</BRNN>
    <COAC>58,88</COAC>
    <CORS>58,88</CORS>
    <FOGN>58,88</FOGN>
    <FRAN>58,88</FRAN>
    <GREC>58,88</GREC>
    <MFTV>58,88</MFTV>
    <PRGP>55,01</PRGP>
    <ROSN>58,88</ROSN>
    <SLOV>58,88</SLOV>
    <SVIZ>58,88</SVIZ>
    <BSP>32,08</BSP>
  </Prezzi>
  <Prezzi>
    <Data>20140125</Data>
    <Mercato>MGP</Mercato>
    <Ora>9</Ora>
    <PUN>58,791670</PUN>
    <NAT>58</NAT>
    <CNOR>59,06</CNOR>
    <CSUD>59,06</CSUD>
    <NORD>59,06</NORD>
    <SARD>59,06</SARD>
    <SICI>55,01</SICI>
    <SUD>59,06</SUD>
    <AUST>59,06</AUST>
    <BRNN>59,06</BRNN>
    <COAC>59,06</COAC>
    <CORS>59,06</CORS>
    <FOGN>59,06</FOGN>
    <FRAN>59,06</FRAN>
    <GREC>59,06</GREC>
    <MFTV>59,06</MFTV>
    <PRGP>55,01</PRGP>
    <ROSN>59,06</ROSN>
    <SLOV>59,06</SLOV>
    <SVIZ>59,06</SVIZ>
    <BSP>38,31</BSP>
  </Prezzi>
  <Prezzi>
    <Data>20140125</Data>
    <Mercato>MGP</Mercato>
    <Ora>10</Ora>
    <PUN>58,653360</PUN>
    <NAT>58,50</NAT>
    <CNOR>59,13</CNOR>
    <CSUD>59,13</CSUD>
    <NORD>59,13</NORD>
    <SARD>59,13</SARD>
    <SICI>55,01</SICI>
    <SUD>56,98</SUD>
    <AUST>59,13</AUST>
    <BRNN>56,98</BRNN>
    <COAC>59,13</COAC>
    <CORS>59,13</CORS>
    <FOGN>56,98</FOGN>
    <FRAN>59,13</FRAN>
    <GREC>56,98</GREC>
    <MFTV>59,13</MFTV>
    <PRGP>55,01</PRGP>
    <ROSN>56,98</ROSN>
    <SLOV>59,13</SLOV>
    <SVIZ>59,13</SVIZ>
    <BSP>44</BSP>
  </Prezzi>
  <Prezzi>
    <Data>20140125</Data>
    <Mercato>MGP</Mercato>
    <Ora>11</Ora>
    <PUN>53,807971</PUN>
    <NAT>55,01</NAT>
    <CNOR>52</CNOR>
    <CSUD>52</CSUD>
    <NORD>58,37</NORD>
    <SARD>52</SARD>
    <SICI>41,33</SICI>
    <SUD>41,33</SUD>
    <AUST>58,37</AUST>
    <BRNN>41,33</BRNN>
    <COAC>52</COAC>
    <CORS>52</CORS>
    <FOGN>41,33</FOGN>
    <FRAN>58,37</FRAN>
    <GREC>41,33</GREC>
    <MFTV>58,37</MFTV>
    <PRGP>41,33</PRGP>
    <ROSN>41,33</ROSN>
    <SLOV>58,37</SLOV>
    <SVIZ>58,37</SVIZ>
    <BSP>40,79</BSP>
  </Prezzi>
  <Prezzi>
    <Data>20140125</Data>
    <Mercato>MGP</Mercato>
    <Ora>12</Ora>
    <PUN>46,350287</PUN>
    <NAT>49,64</NAT>
    <CNOR>32,49</CNOR>
    <CSUD>32,49</CSUD>
    <NORD>57,71</NORD>
    <SARD>32,49</SARD>
    <SICI>32,49</SICI>
    <SUD>32,49</SUD>
    <AUST>57,71</AUST>
    <BRNN>32,49</BRNN>
    <COAC>32,49</COAC>
    <CORS>32,49</CORS>
    <FOGN>32,49</FOGN>
    <FRAN>57,71</FRAN>
    <GREC>32,49</GREC>
    <MFTV>57,71</MFTV>
    <PRGP>32,49</PRGP>
    <ROSN>32,49</ROSN>
    <SLOV>57,71</SLOV>
    <SVIZ>57,71</SVIZ>
    <BSP>39,40</BSP>
  </Prezzi>
  <Prezzi>
    <Data>20140125</Data>
    <Mercato>MGP</Mercato>
    <Ora>13</Ora>
    <PUN>43,043046</PUN>
    <NAT>43,86</NAT>
    <CNOR>34,15</CNOR>
    <CSUD>34,15</CSUD>
    <NORD>55,25</NORD>
    <SARD>34,15</SARD>
    <SICI>1,11</SICI>
    <SUD>34,15</SUD>
    <AUST>55,25</AUST>
    <BRNN>34,15</BRNN>
    <COAC>34,15</COAC>
    <CORS>34,15</CORS>
    <FOGN>34,15</FOGN>
    <FRAN>55,25</FRAN>
    <GREC>34,15</GREC>
    <MFTV>55,25</MFTV>
    <PRGP>1,11</PRGP>
    <ROSN>34,15</ROSN>
    <SLOV>55,25</SLOV>
    <SVIZ>55,25</SVIZ>
    <BSP>38,76</BSP>
  </Prezzi>
  <Prezzi>
    <Data>20140125</Data>
    <Mercato>MGP</Mercato>
    <Ora>14</Ora>
    <PUN>35,462968</PUN>
    <NAT>40</NAT>
    <CNOR>22,36</CNOR>
    <CSUD>22,36</CSUD>
    <NORD>50</NORD>
    <SARD>22,36</SARD>
    <SICI>1,11</SICI>
    <SUD>22,36</SUD>
    <AUST>50</AUST>
    <BRNN>22,36</BRNN>
    <COAC>22,36</COAC>
    <CORS>22,36</CORS>
    <FOGN>22,36</FOGN>
    <FRAN>50</FRAN>
    <GREC>22,36</GREC>
    <MFTV>50</MFTV>
    <PRGP>1,11</PRGP>
    <ROSN>22,36</ROSN>
    <SLOV>50</SLOV>
    <SVIZ>50</SVIZ>
    <BSP>36,10</BSP>
  </Prezzi>
  <Prezzi>
    <Data>20140125</Data>
    <Mercato>MGP</Mercato>
    <Ora>15</Ora>
    <PUN>40,301183</PUN>
    <NAT>40</NAT>
    <CNOR>34,15</CNOR>
    <CSUD>34,15</CSUD>
    <NORD>49,89</NORD>
    <SARD>34,15</SARD>
    <SICI>5</SICI>
    <SUD>34,15</SUD>
    <AUST>49,89</AUST>
    <BRNN>34,15</BRNN>
    <COAC>34,15</COAC>
    <CORS>34,15</CORS>
    <FOGN>34,15</FOGN>
    <FRAN>49,89</FRAN>
    <GREC>34,15</GREC>
    <MFTV>49,89</MFTV>
    <PRGP>5</PRGP>
    <ROSN>34,15</ROSN>
    <SLOV>49,89</SLOV>
    <SVIZ>49,89</SVIZ>
    <BSP>34,29</BSP>
  </Prezzi>
  <Prezzi>
    <Data>20140125</Data>
    <Mercato>MGP</Mercato>
    <Ora>16</Ora>
    <PUN>46,716607</PUN>
    <NAT>44,45</NAT>
    <CNOR>40,57</CNOR>
    <CSUD>40,57</CSUD>
    <NORD>52,18</NORD>
    <SARD>40,57</SARD>
    <SICI>40,57</SICI>
    <SUD>40,57</SUD>
    <AUST>52,18</AUST>
    <BRNN>40,57</BRNN>
    <COAC>40,57</COAC>
    <CORS>40,57</CORS>
    <FOGN>40,57</FOGN>
    <FRAN>52,18</FRAN>
    <GREC>40,57</GREC>
    <MFTV>52,18</MFTV>
    <PRGP>40,57</PRGP>
    <ROSN>40,57</ROSN>
    <SLOV>52,18</SLOV>
    <SVIZ>52,18</SVIZ>
    <BSP>35,18</BSP>
  </Prezzi>
  <Prezzi>
    <Data>20140125</Data>
    <Mercato>MGP</Mercato>
    <Ora>17</Ora>
    <PUN>55,355618</PUN>
    <NAT>54,15</NAT>
    <CNOR>55,43</CNOR>
    <CSUD>55,43</CSUD>
    <NORD>55,43</NORD>
    <SARD>55,43</SARD>
    <SICI>55,01</SICI>
    <SUD>55,01</SUD>
    <AUST>55,43</AUST>
    <BRNN>55,01</BRNN>
    <COAC>55,43</COAC>
    <CORS>55,43</CORS>
    <FOGN>55,01</FOGN>
    <FRAN>55,43</FRAN>
    <GREC>55,01</GREC>
    <MFTV>55,43</MFTV>
    <PRGP>55,01</PRGP>
    <ROSN>55,01</ROSN>
    <SLOV>55,43</SLOV>
    <SVIZ>55,43</SVIZ>
    <BSP>38,83</BSP>
  </Prezzi>
  <Prezzi>
    <Data>20140125</Data>
    <Mercato>MGP</Mercato>
    <Ora>18</Ora>
    <PUN>60,86</PUN>
    <NAT>59,92</NAT>
    <CNOR>60,86</CNOR>
    <CSUD>60,86</CSUD>
    <NORD>60,86</NORD>
    <SARD>60,86</SARD>
    <SICI>60,86</SICI>
    <SUD>60,86</SUD>
    <AUST>60,86</AUST>
    <BRNN>60,86</BRNN>
    <COAC>60,86</COAC>
    <CORS>60,86</CORS>
    <FOGN>60,86</FOGN>
    <FRAN>60,86</FRAN>
    <GREC>60,86</GREC>
    <MFTV>60,86</MFTV>
    <PRGP>60,86</PRGP>
    <ROSN>60,86</ROSN>
    <SLOV>60,86</SLOV>
    <SVIZ>60,86</SVIZ>
    <BSP>47,88</BSP>
  </Prezzi>
  <Prezzi>
    <Data>20140125</Data>
    <Mercato>MGP</Mercato>
    <Ora>19</Ora>
    <PUN>70,016978</PUN>
    <NAT>63</NAT>
    <CNOR>63,15</CNOR>
    <CSUD>63,15</CSUD>
    <NORD>63,15</NORD>
    <SARD>78,44</SARD>
    <SICI>145</SICI>
    <SUD>63,15</SUD>
    <AUST>63,15</AUST>
    <BRNN>63,15</BRNN>
    <COAC>78,44</COAC>
    <CORS>78,44</CORS>
    <FOGN>63,15</FOGN>
    <FRAN>63,15</FRAN>
    <GREC>63,15</GREC>
    <MFTV>63,15</MFTV>
    <PRGP>145</PRGP>
    <ROSN>63,15</ROSN>
    <SLOV>63,15</SLOV>
    <SVIZ>63,15</SVIZ>
    <BSP>48,55</BSP>
  </Prezzi>
  <Prezzi>
    <Data>20140125</Data>
    <Mercato>MGP</Mercato>
    <Ora>20</Ora>
    <PUN>69,963553</PUN>
    <NAT>63,15</NAT>
    <CNOR>63</CNOR>
    <CSUD>63</CSUD>
    <NORD>63</NORD>
    <SARD>78,44</SARD>
    <SICI>145,01</SICI>
    <SUD>63</SUD>
    <AUST>63</AUST>
    <BRNN>63</BRNN>
    <COAC>78,44</COAC>
    <CORS>78,44</CORS>
    <FOGN>63</FOGN>
    <FRAN>63</FRAN>
    <GREC>63</GREC>
    <MFTV>63</MFTV>
    <PRGP>145,01</PRGP>
    <ROSN>63</ROSN>
    <SLOV>63</SLOV>
    <SVIZ>63</SVIZ>
    <BSP>43,38</BSP>
  </Prezzi>
  <Prezzi>
    <Data>20140125</Data>
    <Mercato>MGP</Mercato>
    <Ora>21</Ora>
    <PUN>66,558703</PUN>
    <NAT>60,10</NAT>
    <CNOR>60,10</CNOR>
    <CSUD>60,10</CSUD>
    <NORD>60,10</NORD>
    <SARD>78,44</SARD>
    <SICI>130,01</SICI>
    <SUD>60,10</SUD>
    <AUST>60,10</AUST>
    <BRNN>60,10</BRNN>
    <COAC>78,44</COAC>
    <CORS>78,44</CORS>
    <FOGN>60,10</FOGN>
    <FRAN>60,10</FRAN>
    <GREC>60,10</GREC>
    <MFTV>60,10</MFTV>
    <PRGP>130,01</PRGP>
    <ROSN>60,10</ROSN>
    <SLOV>60,10</SLOV>
    <SVIZ>60,10</SVIZ>
    <BSP>36</BSP>
  </Prezzi>
  <Prezzi>
    <Data>20140125</Data>
    <Mercato>MGP</Mercato>
    <Ora>22</Ora>
    <PUN>62,480612</PUN>
    <NAT>57,79</NAT>
    <CNOR>57,90</CNOR>
    <CSUD>57,90</CSUD>
    <NORD>57,90</NORD>
    <SARD>74,67</SARD>
    <SICI>105</SICI>
    <SUD>57,90</SUD>
    <AUST>57,90</AUST>
    <BRNN>57,90</BRNN>
    <COAC>74,67</COAC>
    <CORS>74,67</CORS>
    <FOGN>57,90</FOGN>
    <FRAN>57,90</FRAN>
    <GREC>57,90</GREC>
    <MFTV>57,90</MFTV>
    <PRGP>105</PRGP>
    <ROSN>57,90</ROSN>
    <SLOV>57,90</SLOV>
    <SVIZ>57,90</SVIZ>
    <BSP>32,68</BSP>
  </Prezzi>
  <Prezzi>
    <Data>20140125</Data>
    <Mercato>MGP</Mercato>
    <Ora>23</Ora>
    <PUN>56,003894</PUN>
    <NAT>54,18</NAT>
    <CNOR>55</CNOR>
    <CSUD>55</CSUD>
    <NORD>55</NORD>
    <SARD>78,44</SARD>
    <SICI>55,01</SICI>
    <SUD>55</SUD>
    <AUST>55</AUST>
    <BRNN>55</BRNN>
    <COAC>78,44</COAC>
    <CORS>78,44</CORS>
    <FOGN>55</FOGN>
    <FRAN>55</FRAN>
    <GREC>55</GREC>
    <MFTV>55</MFTV>
    <PRGP>55,01</PRGP>
    <ROSN>55</ROSN>
    <SLOV>55</SLOV>
    <SVIZ>55</SVIZ>
    <BSP>30,64</BSP>
  </Prezzi>
  <Prezzi>
    <Data>20140125</Data>
    <Mercato>MGP</Mercato>
    <Ora>24</Ora>
    <PUN>51,418037</PUN>
    <NAT>49</NAT>
    <CNOR>51,10</CNOR>
    <CSUD>51,10</CSUD>
    <NORD>51,10</NORD>
    <SARD>51,10</SARD>
    <SICI>55</SICI>
    <SUD>51,10</SUD>
    <AUST>51,10</AUST>
    <BRNN>51,10</BRNN>
    <COAC>51,10</COAC>
    <CORS>51,10</CORS>
    <FOGN>51,10</FOGN>
    <FRAN>51,10</FRAN>
    <GREC>51,10</GREC>
    <MFTV>51,10</MFTV>
    <PRGP>55</PRGP>
    <ROSN>51,10</ROSN>
    <SLOV>51,10</SLOV>
    <SVIZ>51,10</SVIZ>
    <BSP>24,47</BSP>
  </Prezzi>
</NewDataSet>