<?xml version="1.0" standalone="yes"?>
<NewDataSet>
  <xs:schema id="NewDataSet" xmlns="" xmlns:xs="http://www.w3.org/2001/XMLSchema" xmlns:msdata="urn:schemas-microsoft-com:xml-msdata">
    <xs:element name="NewDataSet" msdata:IsDataSet="true" msdata:UseCurrentLocale="true">
      <xs:complexType>
        <xs:choice minOccurs="0" maxOccurs="unbounded">
          <xs:element name="Prezzi">
            <xs:complexType>
              <xs:sequence>
                <xs:element name="Data" type="xs:string" minOccurs="0" />
                <xs:element name="Mercato" type="xs:string" minOccurs="0" />
                <xs:element name="Ora" type="xs:string" minOccurs="0" />
                <xs:element name="PUN" type="xs:string" minOccurs="0" />
                <xs:element name="NAT" type="xs:string" minOccurs="0" />
                <xs:element name="CNOR" type="xs:string" minOccurs="0" />
                <xs:element name="CSUD" type="xs:string" minOccurs="0" />
                <xs:element name="NORD" type="xs:string" minOccurs="0" />
                <xs:element name="SARD" type="xs:string" minOccurs="0" />
                <xs:element name="SICI" type="xs:string" minOccurs="0" />
                <xs:element name="SUD" type="xs:string" minOccurs="0" />
                <xs:element name="AUST" type="xs:string" minOccurs="0" />
                <xs:element name="BRNN" type="xs:string" minOccurs="0" />
                <xs:element name="COAC" type="xs:string" minOccurs="0" />
                <xs:element name="CORS" type="xs:string" minOccurs="0" />
                <xs:element name="FOGN" type="xs:string" minOccurs="0" />
                <xs:element name="FRAN" type="xs:string" minOccurs="0" />
                <xs:element name="GREC" type="xs:string" minOccurs="0" />
                <xs:element name="MFTV" type="xs:string" minOccurs="0" />
                <xs:element name="PRGP" type="xs:string" minOccurs="0" />
                <xs:element name="ROSN" type="xs:string" minOccurs="0" />
                <xs:element name="SLOV" type="xs:string" minOccurs="0" />
                <xs:element name="SVIZ" type="xs:string" minOccurs="0" />
                <xs:element name="BSP" type="xs:string" minOccurs="0" />
              </xs:sequence>
            </xs:complexType>
          </xs:element>
        </xs:choice>
      </xs:complexType>
    </xs:element>
  </xs:schema>
  <Prezzi>
    <Data>20140111</Data>
    <Mercato>MGP</Mercato>
    <Ora>1</Ora>
    <PUN>64,98</PUN>
    <NAT>61,50</NAT>
    <CNOR>64,98</CNOR>
    <CSUD>64,98</CSUD>
    <NORD>64,98</NORD>
    <SARD>64,98</SARD>
    <SICI>64,98</SICI>
    <SUD>64,98</SUD>
    <AUST>64,98</AUST>
    <BRNN>64,98</BRNN>
    <COAC>64,98</COAC>
    <CORS>64,98</CORS>
    <FOGN>64,98</FOGN>
    <FRAN>64,98</FRAN>
    <GREC>64,98</GREC>
    <MFTV>64,98</MFTV>
    <PRGP>64,98</PRGP>
    <ROSN>64,98</ROSN>
    <SLOV>64,98</SLOV>
    <SVIZ>64,98</SVIZ>
    <BSP>29,45</BSP>
  </Prezzi>
  <Prezzi>
    <Data>20140111</Data>
    <Mercato>MGP</Mercato>
    <Ora>2</Ora>
    <PUN>60,514876</PUN>
    <NAT>58,95</NAT>
    <CNOR>60,90</CNOR>
    <CSUD>60,90</CSUD>
    <NORD>60,90</NORD>
    <SARD>60,90</SARD>
    <SICI>55,01</SICI>
    <SUD>60,90</SUD>
    <AUST>60,90</AUST>
    <BRNN>60,90</BRNN>
    <COAC>60,90</COAC>
    <CORS>60,90</CORS>
    <FOGN>60,90</FOGN>
    <FRAN>60,90</FRAN>
    <GREC>60,90</GREC>
    <MFTV>60,90</MFTV>
    <PRGP>55,01</PRGP>
    <ROSN>60,90</ROSN>
    <SLOV>60,90</SLOV>
    <SVIZ>60,90</SVIZ>
    <BSP>26,13</BSP>
  </Prezzi>
  <Prezzi>
    <Data>20140111</Data>
    <Mercato>MGP</Mercato>
    <Ora>3</Ora>
    <PUN>58,703893</PUN>
    <NAT>55,50</NAT>
    <CNOR>58,95</CNOR>
    <CSUD>58,95</CSUD>
    <NORD>58,95</NORD>
    <SARD>58,95</SARD>
    <SICI>55,01</SICI>
    <SUD>58,95</SUD>
    <AUST>58,95</AUST>
    <BRNN>58,95</BRNN>
    <COAC>58,95</COAC>
    <CORS>58,95</CORS>
    <FOGN>58,95</FOGN>
    <FRAN>58,95</FRAN>
    <GREC>58,95</GREC>
    <MFTV>58,95</MFTV>
    <PRGP>55,01</PRGP>
    <ROSN>58,95</ROSN>
    <SLOV>58,95</SLOV>
    <SVIZ>58,95</SVIZ>
    <BSP>24</BSP>
  </Prezzi>
  <Prezzi>
    <Data>20140111</Data>
    <Mercato>MGP</Mercato>
    <Ora>4</Ora>
    <PUN>57,889094</PUN>
    <NAT>54,39</NAT>
    <CNOR>58,08</CNOR>
    <CSUD>58,08</CSUD>
    <NORD>58,08</NORD>
    <SARD>58,08</SARD>
    <SICI>55</SICI>
    <SUD>58,08</SUD>
    <AUST>58,08</AUST>
    <BRNN>58,08</BRNN>
    <COAC>58,08</COAC>
    <CORS>58,08</CORS>
    <FOGN>58,08</FOGN>
    <FRAN>58,08</FRAN>
    <GREC>58,08</GREC>
    <MFTV>58,08</MFTV>
    <PRGP>55</PRGP>
    <ROSN>58,08</ROSN>
    <SLOV>58,08</SLOV>
    <SVIZ>58,08</SVIZ>
    <BSP>23,06</BSP>
  </Prezzi>
  <Prezzi>
    <Data>20140111</Data>
    <Mercato>MGP</Mercato>
    <Ora>5</Ora>
    <PUN>56,52</PUN>
    <NAT>52,22</NAT>
    <CNOR>56,620892</CNOR>
    <CSUD>56,620892</CSUD>
    <NORD>56,620892</NORD>
    <SARD>56,620892</SARD>
    <SICI>55,01</SICI>
    <SUD>56,620892</SUD>
    <AUST>56,620892</AUST>
    <BRNN>56,620892</BRNN>
    <COAC>56,620892</COAC>
    <CORS>56,620892</CORS>
    <FOGN>56,620892</FOGN>
    <FRAN>56,620892</FRAN>
    <GREC>56,620892</GREC>
    <MFTV>56,620892</MFTV>
    <PRGP>55,01</PRGP>
    <ROSN>56,620892</ROSN>
    <SLOV>56,620892</SLOV>
    <SVIZ>56,620892</SVIZ>
    <BSP>22,41</BSP>
  </Prezzi>
  <Prezzi>
    <Data>20140111</Data>
    <Mercato>MGP</Mercato>
    <Ora>6</Ora>
    <PUN>59,222369</PUN>
    <NAT>58</NAT>
    <CNOR>59,50</CNOR>
    <CSUD>59,50</CSUD>
    <NORD>59,50</NORD>
    <SARD>59,50</SARD>
    <SICI>55,01</SICI>
    <SUD>59,50</SUD>
    <AUST>59,50</AUST>
    <BRNN>59,50</BRNN>
    <COAC>59,50</COAC>
    <CORS>59,50</CORS>
    <FOGN>59,50</FOGN>
    <FRAN>59,50</FRAN>
    <GREC>59,50</GREC>
    <MFTV>59,50</MFTV>
    <PRGP>55,01</PRGP>
    <ROSN>59,50</ROSN>
    <SLOV>59,50</SLOV>
    <SVIZ>59,50</SVIZ>
    <BSP>27,50</BSP>
  </Prezzi>
  <Prezzi>
    <Data>20140111</Data>
    <Mercato>MGP</Mercato>
    <Ora>7</Ora>
    <PUN>62,973235</PUN>
    <NAT>61,51</NAT>
    <CNOR>63,22</CNOR>
    <CSUD>63,22</CSUD>
    <NORD>63,22</NORD>
    <SARD>63,22</SARD>
    <SICI>59,19</SICI>
    <SUD>63,22</SUD>
    <AUST>63,22</AUST>
    <BRNN>63,22</BRNN>
    <COAC>63,22</COAC>
    <CORS>63,22</CORS>
    <FOGN>63,22</FOGN>
    <FRAN>63,22</FRAN>
    <GREC>63,22</GREC>
    <MFTV>63,22</MFTV>
    <PRGP>59,19</PRGP>
    <ROSN>63,22</ROSN>
    <SLOV>63,22</SLOV>
    <SVIZ>63,22</SVIZ>
    <BSP>32,58</BSP>
  </Prezzi>
  <Prezzi>
    <Data>20140111</Data>
    <Mercato>MGP</Mercato>
    <Ora>8</Ora>
    <PUN>83</PUN>
    <NAT>76,99</NAT>
    <CNOR>83</CNOR>
    <CSUD>83</CSUD>
    <NORD>83</NORD>
    <SARD>83</SARD>
    <SICI>83</SICI>
    <SUD>83</SUD>
    <AUST>83</AUST>
    <BRNN>83</BRNN>
    <COAC>83</COAC>
    <CORS>83</CORS>
    <FOGN>83</FOGN>
    <FRAN>83</FRAN>
    <GREC>83</GREC>
    <MFTV>83</MFTV>
    <PRGP>83</PRGP>
    <ROSN>83</ROSN>
    <SLOV>83</SLOV>
    <SVIZ>83</SVIZ>
    <BSP>41,81</BSP>
  </Prezzi>
  <Prezzi>
    <Data>20140111</Data>
    <Mercato>MGP</Mercato>
    <Ora>9</Ora>
    <PUN>79,99</PUN>
    <NAT>76,99</NAT>
    <CNOR>79,99</CNOR>
    <CSUD>79,99</CSUD>
    <NORD>79,99</NORD>
    <SARD>79,99</SARD>
    <SICI>79,99</SICI>
    <SUD>79,99</SUD>
    <AUST>79,99</AUST>
    <BRNN>79,99</BRNN>
    <COAC>79,99</COAC>
    <CORS>79,99</CORS>
    <FOGN>79,99</FOGN>
    <FRAN>79,99</FRAN>
    <GREC>79,99</GREC>
    <MFTV>79,99</MFTV>
    <PRGP>79,99</PRGP>
    <ROSN>79,99</ROSN>
    <SLOV>79,99</SLOV>
    <SVIZ>79,99</SVIZ>
    <BSP>46,94</BSP>
  </Prezzi>
  <Prezzi>
    <Data>20140111</Data>
    <Mercato>MGP</Mercato>
    <Ora>10</Ora>
    <PUN>80</PUN>
    <NAT>77,95</NAT>
    <CNOR>80</CNOR>
    <CSUD>80</CSUD>
    <NORD>80</NORD>
    <SARD>80</SARD>
    <SICI>80</SICI>
    <SUD>80</SUD>
    <AUST>80</AUST>
    <BRNN>80</BRNN>
    <COAC>80</COAC>
    <CORS>80</CORS>
    <FOGN>80</FOGN>
    <FRAN>80</FRAN>
    <GREC>80</GREC>
    <MFTV>80</MFTV>
    <PRGP>80</PRGP>
    <ROSN>80</ROSN>
    <SLOV>80</SLOV>
    <SVIZ>80</SVIZ>
    <BSP>48,36</BSP>
  </Prezzi>
  <Prezzi>
    <Data>20140111</Data>
    <Mercato>MGP</Mercato>
    <Ora>11</Ora>
    <PUN>67,813323</PUN>
    <NAT>65,64</NAT>
    <CNOR>68</CNOR>
    <CSUD>68</CSUD>
    <NORD>68</NORD>
    <SARD>68</SARD>
    <SICI>65</SICI>
    <SUD>68</SUD>
    <AUST>68</AUST>
    <BRNN>68</BRNN>
    <COAC>68</COAC>
    <CORS>68</CORS>
    <FOGN>68</FOGN>
    <FRAN>68</FRAN>
    <GREC>68</GREC>
    <MFTV>68</MFTV>
    <PRGP>65</PRGP>
    <ROSN>68</ROSN>
    <SLOV>68</SLOV>
    <SVIZ>68</SVIZ>
    <BSP>48,18</BSP>
  </Prezzi>
  <Prezzi>
    <Data>20140111</Data>
    <Mercato>MGP</Mercato>
    <Ora>12</Ora>
    <PUN>64,548722</PUN>
    <NAT>64</NAT>
    <CNOR>64,98</CNOR>
    <CSUD>64,98</CSUD>
    <NORD>64,98</NORD>
    <SARD>64,98</SARD>
    <SICI>58,12</SICI>
    <SUD>64,98</SUD>
    <AUST>64,98</AUST>
    <BRNN>64,98</BRNN>
    <COAC>64,98</COAC>
    <CORS>64,98</CORS>
    <FOGN>64,98</FOGN>
    <FRAN>64,98</FRAN>
    <GREC>64,98</GREC>
    <MFTV>64,98</MFTV>
    <PRGP>58,12</PRGP>
    <ROSN>64,98</ROSN>
    <SLOV>64,98</SLOV>
    <SVIZ>64,98</SVIZ>
    <BSP>52,28</BSP>
  </Prezzi>
  <Prezzi>
    <Data>20140111</Data>
    <Mercato>MGP</Mercato>
    <Ora>13</Ora>
    <PUN>59,458560</PUN>
    <NAT>59,20</NAT>
    <CNOR>59,55</CNOR>
    <CSUD>59,55</CSUD>
    <NORD>59,55</NORD>
    <SARD>59,55</SARD>
    <SICI>58,16</SICI>
    <SUD>59,55</SUD>
    <AUST>59,55</AUST>
    <BRNN>59,55</BRNN>
    <COAC>59,55</COAC>
    <CORS>59,55</CORS>
    <FOGN>59,55</FOGN>
    <FRAN>59,55</FRAN>
    <GREC>59,55</GREC>
    <MFTV>59,55</MFTV>
    <PRGP>58,16</PRGP>
    <ROSN>59,55</ROSN>
    <SLOV>59,55</SLOV>
    <SVIZ>59,55</SVIZ>
    <BSP>51,11</BSP>
  </Prezzi>
  <Prezzi>
    <Data>20140111</Data>
    <Mercato>MGP</Mercato>
    <Ora>14</Ora>
    <PUN>58,650987</PUN>
    <NAT>58,32</NAT>
    <CNOR>58,91</CNOR>
    <CSUD>58,91</CSUD>
    <NORD>58,91</NORD>
    <SARD>58,91</SARD>
    <SICI>55,01</SICI>
    <SUD>58,91</SUD>
    <AUST>58,91</AUST>
    <BRNN>58,91</BRNN>
    <COAC>58,91</COAC>
    <CORS>58,91</CORS>
    <FOGN>58,91</FOGN>
    <FRAN>58,91</FRAN>
    <GREC>58,91</GREC>
    <MFTV>58,91</MFTV>
    <PRGP>55,01</PRGP>
    <ROSN>58,91</ROSN>
    <SLOV>58,91</SLOV>
    <SVIZ>58,91</SVIZ>
    <BSP>51,02</BSP>
  </Prezzi>
  <Prezzi>
    <Data>20140111</Data>
    <Mercato>MGP</Mercato>
    <Ora>15</Ora>
    <PUN>60,077309</PUN>
    <NAT>59,50</NAT>
    <CNOR>60,14</CNOR>
    <CSUD>60,14</CSUD>
    <NORD>60,14</NORD>
    <SARD>60,14</SARD>
    <SICI>59,20</SICI>
    <SUD>60,14</SUD>
    <AUST>60,14</AUST>
    <BRNN>60,14</BRNN>
    <COAC>60,14</COAC>
    <CORS>60,14</CORS>
    <FOGN>60,14</FOGN>
    <FRAN>60,14</FRAN>
    <GREC>60,14</GREC>
    <MFTV>60,14</MFTV>
    <PRGP>59,20</PRGP>
    <ROSN>60,14</ROSN>
    <SLOV>60,14</SLOV>
    <SVIZ>60,14</SVIZ>
    <BSP>52,12</BSP>
  </Prezzi>
  <Prezzi>
    <Data>20140111</Data>
    <Mercato>MGP</Mercato>
    <Ora>16</Ora>
    <PUN>63</PUN>
    <NAT>63</NAT>
    <CNOR>63</CNOR>
    <CSUD>63</CSUD>
    <NORD>63</NORD>
    <SARD>63</SARD>
    <SICI>63</SICI>
    <SUD>63</SUD>
    <AUST>63</AUST>
    <BRNN>63</BRNN>
    <COAC>63</COAC>
    <CORS>63</CORS>
    <FOGN>63</FOGN>
    <FRAN>63</FRAN>
    <GREC>63</GREC>
    <MFTV>63</MFTV>
    <PRGP>63</PRGP>
    <ROSN>63</ROSN>
    <SLOV>63</SLOV>
    <SVIZ>63</SVIZ>
    <BSP>49,39</BSP>
  </Prezzi>
  <Prezzi>
    <Data>20140111</Data>
    <Mercato>MGP</Mercato>
    <Ora>17</Ora>
    <PUN>69,799706</PUN>
    <NAT>65</NAT>
    <CNOR>66,47</CNOR>
    <CSUD>66,47</CSUD>
    <NORD>66,47</NORD>
    <SARD>66,47</SARD>
    <SICI>115</SICI>
    <SUD>66,47</SUD>
    <AUST>66,47</AUST>
    <BRNN>66,47</BRNN>
    <COAC>66,47</COAC>
    <CORS>66,47</CORS>
    <FOGN>66,47</FOGN>
    <FRAN>66,47</FRAN>
    <GREC>66,47</GREC>
    <MFTV>66,47</MFTV>
    <PRGP>115</PRGP>
    <ROSN>66,47</ROSN>
    <SLOV>66,47</SLOV>
    <SVIZ>66,47</SVIZ>
    <BSP>56,58</BSP>
  </Prezzi>
  <Prezzi>
    <Data>20140111</Data>
    <Mercato>MGP</Mercato>
    <Ora>18</Ora>
    <PUN>79,614648</PUN>
    <NAT>75</NAT>
    <CNOR>74,52</CNOR>
    <CSUD>74,52</CSUD>
    <NORD>74,52</NORD>
    <SARD>74,52</SARD>
    <SICI>145,01</SICI>
    <SUD>74,52</SUD>
    <AUST>74,52</AUST>
    <BRNN>74,52</BRNN>
    <COAC>74,52</COAC>
    <CORS>74,52</CORS>
    <FOGN>74,52</FOGN>
    <FRAN>74,52</FRAN>
    <GREC>74,52</GREC>
    <MFTV>74,52</MFTV>
    <PRGP>145,01</PRGP>
    <ROSN>74,52</ROSN>
    <SLOV>74,52</SLOV>
    <SVIZ>74,52</SVIZ>
    <BSP>69,12</BSP>
  </Prezzi>
  <Prezzi>
    <Data>20140111</Data>
    <Mercato>MGP</Mercato>
    <Ora>19</Ora>
    <PUN>79,195832</PUN>
    <NAT>74,76</NAT>
    <CNOR>74</CNOR>
    <CSUD>74</CSUD>
    <NORD>74</NORD>
    <SARD>74</SARD>
    <SICI>145,29</SICI>
    <SUD>74</SUD>
    <AUST>74</AUST>
    <BRNN>74</BRNN>
    <COAC>74</COAC>
    <CORS>74</CORS>
    <FOGN>74</FOGN>
    <FRAN>74</FRAN>
    <GREC>74</GREC>
    <MFTV>74</MFTV>
    <PRGP>145,29</PRGP>
    <ROSN>74</ROSN>
    <SLOV>74</SLOV>
    <SVIZ>74</SVIZ>
    <BSP>58,50</BSP>
  </Prezzi>
  <Prezzi>
    <Data>20140111</Data>
    <Mercato>MGP</Mercato>
    <Ora>20</Ora>
    <PUN>79,271507</PUN>
    <NAT>74,88</NAT>
    <CNOR>73,99</CNOR>
    <CSUD>73,99</CSUD>
    <NORD>73,99</NORD>
    <SARD>73,99</SARD>
    <SICI>145,29</SICI>
    <SUD>73,99</SUD>
    <AUST>73,99</AUST>
    <BRNN>73,99</BRNN>
    <COAC>73,99</COAC>
    <CORS>73,99</CORS>
    <FOGN>73,99</FOGN>
    <FRAN>73,99</FRAN>
    <GREC>73,99</GREC>
    <MFTV>73,99</MFTV>
    <PRGP>145,29</PRGP>
    <ROSN>73,99</ROSN>
    <SLOV>73,99</SLOV>
    <SVIZ>73,99</SVIZ>
    <BSP>62,36</BSP>
  </Prezzi>
  <Prezzi>
    <Data>20140111</Data>
    <Mercato>MGP</Mercato>
    <Ora>21</Ora>
    <PUN>73,943032</PUN>
    <NAT>68</NAT>
    <CNOR>67,93</CNOR>
    <CSUD>67,93</CSUD>
    <NORD>67,93</NORD>
    <SARD>67,93</SARD>
    <SICI>145,29</SICI>
    <SUD>67,93</SUD>
    <AUST>67,93</AUST>
    <BRNN>67,93</BRNN>
    <COAC>67,93</COAC>
    <CORS>67,93</CORS>
    <FOGN>67,93</FOGN>
    <FRAN>67,93</FRAN>
    <GREC>67,93</GREC>
    <MFTV>67,93</MFTV>
    <PRGP>145,29</PRGP>
    <ROSN>67,93</ROSN>
    <SLOV>67,93</SLOV>
    <SVIZ>67,93</SVIZ>
    <BSP>56,07</BSP>
  </Prezzi>
  <Prezzi>
    <Data>20140111</Data>
    <Mercato>MGP</Mercato>
    <Ora>22</Ora>
    <PUN>70,060429</PUN>
    <NAT>64,79</NAT>
    <CNOR>64,35</CNOR>
    <CSUD>64,35</CSUD>
    <NORD>64,35</NORD>
    <SARD>64,35</SARD>
    <SICI>138,75</SICI>
    <SUD>64,35</SUD>
    <AUST>64,35</AUST>
    <BRNN>64,35</BRNN>
    <COAC>64,35</COAC>
    <CORS>64,35</CORS>
    <FOGN>64,35</FOGN>
    <FRAN>64,35</FRAN>
    <GREC>64,35</GREC>
    <MFTV>64,35</MFTV>
    <PRGP>138,75</PRGP>
    <ROSN>64,35</ROSN>
    <SLOV>64,35</SLOV>
    <SVIZ>64,35</SVIZ>
    <BSP>50</BSP>
  </Prezzi>
  <Prezzi>
    <Data>20140111</Data>
    <Mercato>MGP</Mercato>
    <Ora>23</Ora>
    <PUN>63,809656</PUN>
    <NAT>61,50</NAT>
    <CNOR>61,51</CNOR>
    <CSUD>61,51</CSUD>
    <NORD>61,51</NORD>
    <SARD>61,51</SARD>
    <SICI>91</SICI>
    <SUD>61,51</SUD>
    <AUST>61,51</AUST>
    <BRNN>61,51</BRNN>
    <COAC>61,51</COAC>
    <CORS>61,51</CORS>
    <FOGN>61,51</FOGN>
    <FRAN>61,51</FRAN>
    <GREC>61,51</GREC>
    <MFTV>61,51</MFTV>
    <PRGP>91</PRGP>
    <ROSN>61,51</ROSN>
    <SLOV>61,51</SLOV>
    <SVIZ>61,51</SVIZ>
    <BSP>47,55</BSP>
  </Prezzi>
  <Prezzi>
    <Data>20140111</Data>
    <Mercato>MGP</Mercato>
    <Ora>24</Ora>
    <PUN>59,011723</PUN>
    <NAT>58,28</NAT>
    <CNOR>59</CNOR>
    <CSUD>59</CSUD>
    <NORD>59</NORD>
    <SARD>59</SARD>
    <SICI>59,15</SICI>
    <SUD>59</SUD>
    <AUST>59</AUST>
    <BRNN>59</BRNN>
    <COAC>59</COAC>
    <CORS>59</CORS>
    <FOGN>59</FOGN>
    <FRAN>59</FRAN>
    <GREC>59</GREC>
    <MFTV>59</MFTV>
    <PRGP>59,15</PRGP>
    <ROSN>59</ROSN>
    <SLOV>59</SLOV>
    <SVIZ>59</SVIZ>
    <BSP>37,10</BSP>
  </Prezzi>
</NewDataSet>