<?xml version="1.0" standalone="yes"?>
<NewDataSet>
  <xs:schema id="NewDataSet" xmlns="" xmlns:xs="http://www.w3.org/2001/XMLSchema" xmlns:msdata="urn:schemas-microsoft-com:xml-msdata">
    <xs:element name="NewDataSet" msdata:IsDataSet="true" msdata:UseCurrentLocale="true">
      <xs:complexType>
        <xs:choice minOccurs="0" maxOccurs="unbounded">
          <xs:element name="Prezzi">
            <xs:complexType>
              <xs:sequence>
                <xs:element name="Data" type="xs:string" minOccurs="0" />
                <xs:element name="Mercato" type="xs:string" minOccurs="0" />
                <xs:element name="Ora" type="xs:string" minOccurs="0" />
                <xs:element name="PUN" type="xs:string" minOccurs="0" />
                <xs:element name="NAT" type="xs:string" minOccurs="0" />
                <xs:element name="CNOR" type="xs:string" minOccurs="0" />
                <xs:element name="CSUD" type="xs:string" minOccurs="0" />
                <xs:element name="NORD" type="xs:string" minOccurs="0" />
                <xs:element name="SARD" type="xs:string" minOccurs="0" />
                <xs:element name="SICI" type="xs:string" minOccurs="0" />
                <xs:element name="SUD" type="xs:string" minOccurs="0" />
                <xs:element name="AUST" type="xs:string" minOccurs="0" />
                <xs:element name="BRNN" type="xs:string" minOccurs="0" />
                <xs:element name="COAC" type="xs:string" minOccurs="0" />
                <xs:element name="CORS" type="xs:string" minOccurs="0" />
                <xs:element name="FOGN" type="xs:string" minOccurs="0" />
                <xs:element name="FRAN" type="xs:string" minOccurs="0" />
                <xs:element name="GREC" type="xs:string" minOccurs="0" />
                <xs:element name="MFTV" type="xs:string" minOccurs="0" />
                <xs:element name="PRGP" type="xs:string" minOccurs="0" />
                <xs:element name="ROSN" type="xs:string" minOccurs="0" />
                <xs:element name="SLOV" type="xs:string" minOccurs="0" />
                <xs:element name="SVIZ" type="xs:string" minOccurs="0" />
                <xs:element name="BSP" type="xs:string" minOccurs="0" />
              </xs:sequence>
            </xs:complexType>
          </xs:element>
        </xs:choice>
      </xs:complexType>
    </xs:element>
  </xs:schema>
  <Prezzi>
    <Data>20140106</Data>
    <Mercato>MGP</Mercato>
    <Ora>1</Ora>
    <PUN>55,01</PUN>
    <NAT>52,10</NAT>
    <CNOR>55,01</CNOR>
    <CSUD>55,01</CSUD>
    <NORD>55,01</NORD>
    <SARD>55,01</SARD>
    <SICI>55,01</SICI>
    <SUD>55,01</SUD>
    <AUST>55,01</AUST>
    <BRNN>55,01</BRNN>
    <COAC>55,01</COAC>
    <CORS>55,01</CORS>
    <FOGN>55,01</FOGN>
    <FRAN>55,01</FRAN>
    <GREC>55,01</GREC>
    <MFTV>55,01</MFTV>
    <PRGP>55,01</PRGP>
    <ROSN>55,01</ROSN>
    <SLOV>55,01</SLOV>
    <SVIZ>55,01</SVIZ>
    <BSP>18,53</BSP>
  </Prezzi>
  <Prezzi>
    <Data>20140106</Data>
    <Mercato>MGP</Mercato>
    <Ora>2</Ora>
    <PUN>53,22</PUN>
    <NAT>40,25</NAT>
    <CNOR>53,22</CNOR>
    <CSUD>53,22</CSUD>
    <NORD>53,22</NORD>
    <SARD>53,22</SARD>
    <SICI>53,22</SICI>
    <SUD>53,22</SUD>
    <AUST>53,22</AUST>
    <BRNN>53,22</BRNN>
    <COAC>53,22</COAC>
    <CORS>53,22</CORS>
    <FOGN>53,22</FOGN>
    <FRAN>53,22</FRAN>
    <GREC>53,22</GREC>
    <MFTV>53,22</MFTV>
    <PRGP>53,22</PRGP>
    <ROSN>53,22</ROSN>
    <SLOV>53,22</SLOV>
    <SVIZ>53,22</SVIZ>
    <BSP>14,87</BSP>
  </Prezzi>
  <Prezzi>
    <Data>20140106</Data>
    <Mercato>MGP</Mercato>
    <Ora>3</Ora>
    <PUN>39,50</PUN>
    <NAT>30,41</NAT>
    <CNOR>39,50</CNOR>
    <CSUD>39,50</CSUD>
    <NORD>39,50</NORD>
    <SARD>39,50</SARD>
    <SICI>39,50</SICI>
    <SUD>39,50</SUD>
    <AUST>39,50</AUST>
    <BRNN>39,50</BRNN>
    <COAC>39,50</COAC>
    <CORS>39,50</CORS>
    <FOGN>39,50</FOGN>
    <FRAN>39,50</FRAN>
    <GREC>39,50</GREC>
    <MFTV>39,50</MFTV>
    <PRGP>39,50</PRGP>
    <ROSN>39,50</ROSN>
    <SLOV>39,50</SLOV>
    <SVIZ>39,50</SVIZ>
    <BSP>10,71</BSP>
  </Prezzi>
  <Prezzi>
    <Data>20140106</Data>
    <Mercato>MGP</Mercato>
    <Ora>4</Ora>
    <PUN>34,86</PUN>
    <NAT>30</NAT>
    <CNOR>34,86</CNOR>
    <CSUD>34,86</CSUD>
    <NORD>34,86</NORD>
    <SARD>34,86</SARD>
    <SICI>34,86</SICI>
    <SUD>34,86</SUD>
    <AUST>34,86</AUST>
    <BRNN>34,86</BRNN>
    <COAC>34,86</COAC>
    <CORS>34,86</CORS>
    <FOGN>34,86</FOGN>
    <FRAN>34,86</FRAN>
    <GREC>34,86</GREC>
    <MFTV>34,86</MFTV>
    <PRGP>34,86</PRGP>
    <ROSN>34,86</ROSN>
    <SLOV>34,86</SLOV>
    <SVIZ>34,86</SVIZ>
    <BSP>7,63</BSP>
  </Prezzi>
  <Prezzi>
    <Data>20140106</Data>
    <Mercato>MGP</Mercato>
    <Ora>5</Ora>
    <PUN>35,48</PUN>
    <NAT>30,18</NAT>
    <CNOR>35,48</CNOR>
    <CSUD>35,48</CSUD>
    <NORD>35,48</NORD>
    <SARD>35,48</SARD>
    <SICI>35,48</SICI>
    <SUD>35,48</SUD>
    <AUST>35,48</AUST>
    <BRNN>35,48</BRNN>
    <COAC>35,48</COAC>
    <CORS>35,48</CORS>
    <FOGN>35,48</FOGN>
    <FRAN>35,48</FRAN>
    <GREC>35,48</GREC>
    <MFTV>35,48</MFTV>
    <PRGP>35,48</PRGP>
    <ROSN>35,48</ROSN>
    <SLOV>35,48</SLOV>
    <SVIZ>35,48</SVIZ>
    <BSP>9</BSP>
  </Prezzi>
  <Prezzi>
    <Data>20140106</Data>
    <Mercato>MGP</Mercato>
    <Ora>6</Ora>
    <PUN>45</PUN>
    <NAT>35,05</NAT>
    <CNOR>45</CNOR>
    <CSUD>45</CSUD>
    <NORD>45</NORD>
    <SARD>45</SARD>
    <SICI>45</SICI>
    <SUD>45</SUD>
    <AUST>45</AUST>
    <BRNN>45</BRNN>
    <COAC>45</COAC>
    <CORS>45</CORS>
    <FOGN>45</FOGN>
    <FRAN>45</FRAN>
    <GREC>45</GREC>
    <MFTV>45</MFTV>
    <PRGP>45</PRGP>
    <ROSN>45</ROSN>
    <SLOV>45</SLOV>
    <SVIZ>45</SVIZ>
    <BSP>16</BSP>
  </Prezzi>
  <Prezzi>
    <Data>20140106</Data>
    <Mercato>MGP</Mercato>
    <Ora>7</Ora>
    <PUN>59,40</PUN>
    <NAT>55</NAT>
    <CNOR>59,40</CNOR>
    <CSUD>59,40</CSUD>
    <NORD>59,40</NORD>
    <SARD>59,40</SARD>
    <SICI>59,40</SICI>
    <SUD>59,40</SUD>
    <AUST>59,40</AUST>
    <BRNN>59,40</BRNN>
    <COAC>59,40</COAC>
    <CORS>59,40</CORS>
    <FOGN>59,40</FOGN>
    <FRAN>59,40</FRAN>
    <GREC>59,40</GREC>
    <MFTV>59,40</MFTV>
    <PRGP>59,40</PRGP>
    <ROSN>59,40</ROSN>
    <SLOV>59,40</SLOV>
    <SVIZ>59,40</SVIZ>
    <BSP>27,48</BSP>
  </Prezzi>
  <Prezzi>
    <Data>20140106</Data>
    <Mercato>MGP</Mercato>
    <Ora>8</Ora>
    <PUN>59,894325</PUN>
    <NAT>59,31</NAT>
    <CNOR>59,86</CNOR>
    <CSUD>59,86</CSUD>
    <NORD>59,86</NORD>
    <SARD>59,86</SARD>
    <SICI>60,32</SICI>
    <SUD>59,86</SUD>
    <AUST>59,86</AUST>
    <BRNN>59,86</BRNN>
    <COAC>59,86</COAC>
    <CORS>59,86</CORS>
    <FOGN>59,86</FOGN>
    <FRAN>59,86</FRAN>
    <GREC>59,86</GREC>
    <MFTV>59,86</MFTV>
    <PRGP>60,32</PRGP>
    <ROSN>59,86</ROSN>
    <SLOV>59,86</SLOV>
    <SVIZ>59,86</SVIZ>
    <BSP>37</BSP>
  </Prezzi>
  <Prezzi>
    <Data>20140106</Data>
    <Mercato>MGP</Mercato>
    <Ora>9</Ora>
    <PUN>65,648987</PUN>
    <NAT>60,97</NAT>
    <CNOR>62,26</CNOR>
    <CSUD>62,26</CSUD>
    <NORD>62,26</NORD>
    <SARD>62,26</SARD>
    <SICI>105</SICI>
    <SUD>62,26</SUD>
    <AUST>62,26</AUST>
    <BRNN>62,26</BRNN>
    <COAC>62,26</COAC>
    <CORS>62,26</CORS>
    <FOGN>62,26</FOGN>
    <FRAN>62,26</FRAN>
    <GREC>62,26</GREC>
    <MFTV>62,26</MFTV>
    <PRGP>105</PRGP>
    <ROSN>62,26</ROSN>
    <SLOV>62,26</SLOV>
    <SVIZ>62,26</SVIZ>
    <BSP>37</BSP>
  </Prezzi>
  <Prezzi>
    <Data>20140106</Data>
    <Mercato>MGP</Mercato>
    <Ora>10</Ora>
    <PUN>66,617170</PUN>
    <NAT>62,21</NAT>
    <CNOR>63,37</CNOR>
    <CSUD>63,37</CSUD>
    <NORD>63,37</NORD>
    <SARD>63,37</SARD>
    <SICI>105</SICI>
    <SUD>63,37</SUD>
    <AUST>63,37</AUST>
    <BRNN>63,37</BRNN>
    <COAC>63,37</COAC>
    <CORS>63,37</CORS>
    <FOGN>63,37</FOGN>
    <FRAN>63,37</FRAN>
    <GREC>63,37</GREC>
    <MFTV>63,37</MFTV>
    <PRGP>105</PRGP>
    <ROSN>63,37</ROSN>
    <SLOV>63,37</SLOV>
    <SVIZ>63,37</SVIZ>
    <BSP>37,10</BSP>
  </Prezzi>
  <Prezzi>
    <Data>20140106</Data>
    <Mercato>MGP</Mercato>
    <Ora>11</Ora>
    <PUN>64,453023</PUN>
    <NAT>61,03</NAT>
    <CNOR>61,03</CNOR>
    <CSUD>61,03</CSUD>
    <NORD>61,03</NORD>
    <SARD>61,03</SARD>
    <SICI>105</SICI>
    <SUD>61,03</SUD>
    <AUST>61,03</AUST>
    <BRNN>61,03</BRNN>
    <COAC>61,03</COAC>
    <CORS>61,03</CORS>
    <FOGN>61,03</FOGN>
    <FRAN>61,03</FRAN>
    <GREC>61,03</GREC>
    <MFTV>61,03</MFTV>
    <PRGP>105</PRGP>
    <ROSN>61,03</ROSN>
    <SLOV>61,03</SLOV>
    <SVIZ>61,03</SVIZ>
    <BSP>37</BSP>
  </Prezzi>
  <Prezzi>
    <Data>20140106</Data>
    <Mercato>MGP</Mercato>
    <Ora>12</Ora>
    <PUN>63,292210</PUN>
    <NAT>59,75</NAT>
    <CNOR>59,75</CNOR>
    <CSUD>59,75</CSUD>
    <NORD>59,75</NORD>
    <SARD>59,75</SARD>
    <SICI>105</SICI>
    <SUD>59,75</SUD>
    <AUST>59,75</AUST>
    <BRNN>59,75</BRNN>
    <COAC>59,75</COAC>
    <CORS>59,75</CORS>
    <FOGN>59,75</FOGN>
    <FRAN>59,75</FRAN>
    <GREC>59,75</GREC>
    <MFTV>59,75</MFTV>
    <PRGP>105</PRGP>
    <ROSN>59,75</ROSN>
    <SLOV>59,75</SLOV>
    <SVIZ>59,75</SVIZ>
    <BSP>37,26</BSP>
  </Prezzi>
  <Prezzi>
    <Data>20140106</Data>
    <Mercato>MGP</Mercato>
    <Ora>13</Ora>
    <PUN>61,181221</PUN>
    <NAT>58,24</NAT>
    <CNOR>59,47</CNOR>
    <CSUD>59,47</CSUD>
    <NORD>59,47</NORD>
    <SARD>59,47</SARD>
    <SICI>81</SICI>
    <SUD>59,47</SUD>
    <AUST>59,47</AUST>
    <BRNN>59,47</BRNN>
    <COAC>59,47</COAC>
    <CORS>59,47</CORS>
    <FOGN>59,47</FOGN>
    <FRAN>59,47</FRAN>
    <GREC>59,47</GREC>
    <MFTV>59,47</MFTV>
    <PRGP>81</PRGP>
    <ROSN>59,47</ROSN>
    <SLOV>59,47</SLOV>
    <SVIZ>59,47</SVIZ>
    <BSP>37,60</BSP>
  </Prezzi>
  <Prezzi>
    <Data>20140106</Data>
    <Mercato>MGP</Mercato>
    <Ora>14</Ora>
    <PUN>55,096972</PUN>
    <NAT>55</NAT>
    <CNOR>54,56</CNOR>
    <CSUD>54,56</CSUD>
    <NORD>54,56</NORD>
    <SARD>54,56</SARD>
    <SICI>61,47</SICI>
    <SUD>54,56</SUD>
    <AUST>54,56</AUST>
    <BRNN>54,56</BRNN>
    <COAC>54,56</COAC>
    <CORS>54,56</CORS>
    <FOGN>54,56</FOGN>
    <FRAN>54,56</FRAN>
    <GREC>54,56</GREC>
    <MFTV>54,56</MFTV>
    <PRGP>61,47</PRGP>
    <ROSN>54,56</ROSN>
    <SLOV>54,56</SLOV>
    <SVIZ>54,56</SVIZ>
    <BSP>37,10</BSP>
  </Prezzi>
  <Prezzi>
    <Data>20140106</Data>
    <Mercato>MGP</Mercato>
    <Ora>15</Ora>
    <PUN>59,588121</PUN>
    <NAT>55,20</NAT>
    <CNOR>59,43</CNOR>
    <CSUD>59,43</CSUD>
    <NORD>59,43</NORD>
    <SARD>59,43</SARD>
    <SICI>61,49</SICI>
    <SUD>59,43</SUD>
    <AUST>59,43</AUST>
    <BRNN>59,43</BRNN>
    <COAC>59,43</COAC>
    <CORS>59,43</CORS>
    <FOGN>59,43</FOGN>
    <FRAN>59,43</FRAN>
    <GREC>59,43</GREC>
    <MFTV>59,43</MFTV>
    <PRGP>61,49</PRGP>
    <ROSN>59,43</ROSN>
    <SLOV>59,43</SLOV>
    <SVIZ>59,43</SVIZ>
    <BSP>37</BSP>
  </Prezzi>
  <Prezzi>
    <Data>20140106</Data>
    <Mercato>MGP</Mercato>
    <Ora>16</Ora>
    <PUN>64,113740</PUN>
    <NAT>61,98</NAT>
    <CNOR>62,73</CNOR>
    <CSUD>62,73</CSUD>
    <NORD>62,73</NORD>
    <SARD>62,73</SARD>
    <SICI>81</SICI>
    <SUD>62,73</SUD>
    <AUST>62,73</AUST>
    <BRNN>62,73</BRNN>
    <COAC>62,73</COAC>
    <CORS>62,73</CORS>
    <FOGN>62,73</FOGN>
    <FRAN>62,73</FRAN>
    <GREC>62,73</GREC>
    <MFTV>62,73</MFTV>
    <PRGP>81</PRGP>
    <ROSN>62,73</ROSN>
    <SLOV>62,73</SLOV>
    <SVIZ>62,73</SVIZ>
    <BSP>37</BSP>
  </Prezzi>
  <Prezzi>
    <Data>20140106</Data>
    <Mercato>MGP</Mercato>
    <Ora>17</Ora>
    <PUN>70,37</PUN>
    <NAT>66,10</NAT>
    <CNOR>66,738308</CNOR>
    <CSUD>66,738308</CSUD>
    <NORD>66,738308</NORD>
    <SARD>66,738308</SARD>
    <SICI>115,01</SICI>
    <SUD>66,738308</SUD>
    <AUST>66,738308</AUST>
    <BRNN>66,738308</BRNN>
    <COAC>66,738308</COAC>
    <CORS>66,738308</CORS>
    <FOGN>66,738308</FOGN>
    <FRAN>66,738308</FRAN>
    <GREC>66,738308</GREC>
    <MFTV>66,738308</MFTV>
    <PRGP>115,01</PRGP>
    <ROSN>66,738308</ROSN>
    <SLOV>66,738308</SLOV>
    <SVIZ>66,738308</SVIZ>
    <BSP>40,31</BSP>
  </Prezzi>
  <Prezzi>
    <Data>20140106</Data>
    <Mercato>MGP</Mercato>
    <Ora>18</Ora>
    <PUN>78,576923</PUN>
    <NAT>75,84</NAT>
    <CNOR>73,05</CNOR>
    <CSUD>73,05</CSUD>
    <NORD>73,05</NORD>
    <SARD>73,05</SARD>
    <SICI>145</SICI>
    <SUD>73,05</SUD>
    <AUST>73,05</AUST>
    <BRNN>73,05</BRNN>
    <COAC>73,05</COAC>
    <CORS>73,05</CORS>
    <FOGN>73,05</FOGN>
    <FRAN>73,05</FRAN>
    <GREC>73,05</GREC>
    <MFTV>73,05</MFTV>
    <PRGP>145</PRGP>
    <ROSN>73,05</ROSN>
    <SLOV>73,05</SLOV>
    <SVIZ>73,05</SVIZ>
    <BSP>50,04</BSP>
  </Prezzi>
  <Prezzi>
    <Data>20140106</Data>
    <Mercato>MGP</Mercato>
    <Ora>19</Ora>
    <PUN>82,444319</PUN>
    <NAT>78,02</NAT>
    <CNOR>77,31</CNOR>
    <CSUD>77,31</CSUD>
    <NORD>77,31</NORD>
    <SARD>77,31</SARD>
    <SICI>145</SICI>
    <SUD>77,31</SUD>
    <AUST>77,31</AUST>
    <BRNN>77,31</BRNN>
    <COAC>77,31</COAC>
    <CORS>77,31</CORS>
    <FOGN>77,31</FOGN>
    <FRAN>77,31</FRAN>
    <GREC>77,31</GREC>
    <MFTV>77,31</MFTV>
    <PRGP>145</PRGP>
    <ROSN>77,31</ROSN>
    <SLOV>77,31</SLOV>
    <SVIZ>77,31</SVIZ>
    <BSP>55,07</BSP>
  </Prezzi>
  <Prezzi>
    <Data>20140106</Data>
    <Mercato>MGP</Mercato>
    <Ora>20</Ora>
    <PUN>84,551089</PUN>
    <NAT>85,49</NAT>
    <CNOR>79,61</CNOR>
    <CSUD>79,61</CSUD>
    <NORD>79,61</NORD>
    <SARD>79,61</SARD>
    <SICI>145</SICI>
    <SUD>79,61</SUD>
    <AUST>79,61</AUST>
    <BRNN>79,61</BRNN>
    <COAC>79,61</COAC>
    <CORS>79,61</CORS>
    <FOGN>79,61</FOGN>
    <FRAN>79,61</FRAN>
    <GREC>79,61</GREC>
    <MFTV>79,61</MFTV>
    <PRGP>145</PRGP>
    <ROSN>79,61</ROSN>
    <SLOV>79,61</SLOV>
    <SVIZ>79,61</SVIZ>
    <BSP>41,86</BSP>
  </Prezzi>
  <Prezzi>
    <Data>20140106</Data>
    <Mercato>MGP</Mercato>
    <Ora>21</Ora>
    <PUN>79,883266</PUN>
    <NAT>75,56</NAT>
    <CNOR>74,87</CNOR>
    <CSUD>74,87</CSUD>
    <NORD>74,87</NORD>
    <SARD>74,87</SARD>
    <SICI>138,75</SICI>
    <SUD>74,87</SUD>
    <AUST>74,87</AUST>
    <BRNN>74,87</BRNN>
    <COAC>74,87</COAC>
    <CORS>74,87</CORS>
    <FOGN>74,87</FOGN>
    <FRAN>74,87</FRAN>
    <GREC>74,87</GREC>
    <MFTV>74,87</MFTV>
    <PRGP>138,75</PRGP>
    <ROSN>74,87</ROSN>
    <SLOV>74,87</SLOV>
    <SVIZ>74,87</SVIZ>
    <BSP>43,52</BSP>
  </Prezzi>
  <Prezzi>
    <Data>20140106</Data>
    <Mercato>MGP</Mercato>
    <Ora>22</Ora>
    <PUN>75,350637</PUN>
    <NAT>70,70</NAT>
    <CNOR>69,95</CNOR>
    <CSUD>69,95</CSUD>
    <NORD>69,95</NORD>
    <SARD>69,95</SARD>
    <SICI>137,96</SICI>
    <SUD>69,95</SUD>
    <AUST>69,95</AUST>
    <BRNN>69,95</BRNN>
    <COAC>69,95</COAC>
    <CORS>69,95</CORS>
    <FOGN>69,95</FOGN>
    <FRAN>69,95</FRAN>
    <GREC>69,95</GREC>
    <MFTV>69,95</MFTV>
    <PRGP>137,96</PRGP>
    <ROSN>69,95</ROSN>
    <SLOV>69,95</SLOV>
    <SVIZ>69,95</SVIZ>
    <BSP>37,10</BSP>
  </Prezzi>
  <Prezzi>
    <Data>20140106</Data>
    <Mercato>MGP</Mercato>
    <Ora>23</Ora>
    <PUN>70</PUN>
    <NAT>65,97</NAT>
    <CNOR>65,97</CNOR>
    <CSUD>65,97</CSUD>
    <NORD>65,97</NORD>
    <SARD>65,97</SARD>
    <SICI>115,212840</SICI>
    <SUD>65,97</SUD>
    <AUST>65,97</AUST>
    <BRNN>65,97</BRNN>
    <COAC>65,97</COAC>
    <CORS>65,97</CORS>
    <FOGN>65,97</FOGN>
    <FRAN>65,97</FRAN>
    <GREC>65,97</GREC>
    <MFTV>65,97</MFTV>
    <PRGP>115,212840</PRGP>
    <ROSN>65,97</ROSN>
    <SLOV>65,97</SLOV>
    <SVIZ>65,97</SVIZ>
    <BSP>31,78</BSP>
  </Prezzi>
  <Prezzi>
    <Data>20140106</Data>
    <Mercato>MGP</Mercato>
    <Ora>24</Ora>
    <PUN>63,402608</PUN>
    <NAT>60,50</NAT>
    <CNOR>60,90</CNOR>
    <CSUD>60,90</CSUD>
    <NORD>60,90</NORD>
    <SARD>60,90</SARD>
    <SICI>91,01</SICI>
    <SUD>60,90</SUD>
    <AUST>60,90</AUST>
    <BRNN>60,90</BRNN>
    <COAC>60,90</COAC>
    <CORS>60,90</CORS>
    <FOGN>60,90</FOGN>
    <FRAN>60,90</FRAN>
    <GREC>60,90</GREC>
    <MFTV>60,90</MFTV>
    <PRGP>91,01</PRGP>
    <ROSN>60,90</ROSN>
    <SLOV>60,90</SLOV>
    <SVIZ>60,90</SVIZ>
    <BSP>25,14</BSP>
  </Prezzi>
</NewDataSet>