<?xml version="1.0" standalone="yes"?>
<NewDataSet>
  <xs:schema id="NewDataSet" xmlns="" xmlns:xs="http://www.w3.org/2001/XMLSchema" xmlns:msdata="urn:schemas-microsoft-com:xml-msdata">
    <xs:element name="NewDataSet" msdata:IsDataSet="true" msdata:UseCurrentLocale="true">
      <xs:complexType>
        <xs:choice minOccurs="0" maxOccurs="unbounded">
          <xs:element name="Prezzi">
            <xs:complexType>
              <xs:sequence>
                <xs:element name="Data" type="xs:string" minOccurs="0" />
                <xs:element name="Mercato" type="xs:string" minOccurs="0" />
                <xs:element name="Ora" type="xs:string" minOccurs="0" />
                <xs:element name="PUN" type="xs:string" minOccurs="0" />
                <xs:element name="NAT" type="xs:string" minOccurs="0" />
                <xs:element name="CNOR" type="xs:string" minOccurs="0" />
                <xs:element name="CSUD" type="xs:string" minOccurs="0" />
                <xs:element name="NORD" type="xs:string" minOccurs="0" />
                <xs:element name="SARD" type="xs:string" minOccurs="0" />
                <xs:element name="SICI" type="xs:string" minOccurs="0" />
                <xs:element name="SUD" type="xs:string" minOccurs="0" />
                <xs:element name="AUST" type="xs:string" minOccurs="0" />
                <xs:element name="BRNN" type="xs:string" minOccurs="0" />
                <xs:element name="COAC" type="xs:string" minOccurs="0" />
                <xs:element name="CORS" type="xs:string" minOccurs="0" />
                <xs:element name="FOGN" type="xs:string" minOccurs="0" />
                <xs:element name="FRAN" type="xs:string" minOccurs="0" />
                <xs:element name="GREC" type="xs:string" minOccurs="0" />
                <xs:element name="MFTV" type="xs:string" minOccurs="0" />
                <xs:element name="PRGP" type="xs:string" minOccurs="0" />
                <xs:element name="ROSN" type="xs:string" minOccurs="0" />
                <xs:element name="SLOV" type="xs:string" minOccurs="0" />
                <xs:element name="SVIZ" type="xs:string" minOccurs="0" />
                <xs:element name="BSP" type="xs:string" minOccurs="0" />
              </xs:sequence>
            </xs:complexType>
          </xs:element>
        </xs:choice>
      </xs:complexType>
    </xs:element>
  </xs:schema>
  <Prezzi>
    <Data>20140109</Data>
    <Mercato>MGP</Mercato>
    <Ora>1</Ora>
    <PUN>58,886566</PUN>
    <NAT>57,97</NAT>
    <CNOR>58</CNOR>
    <CSUD>58</CSUD>
    <NORD>58</NORD>
    <SARD>58</SARD>
    <SICI>70,01</SICI>
    <SUD>58</SUD>
    <AUST>58</AUST>
    <BRNN>58</BRNN>
    <COAC>58</COAC>
    <CORS>58</CORS>
    <FOGN>58</FOGN>
    <FRAN>58</FRAN>
    <GREC>58</GREC>
    <MFTV>58</MFTV>
    <PRGP>70,01</PRGP>
    <ROSN>58</ROSN>
    <SLOV>58</SLOV>
    <SVIZ>58</SVIZ>
    <BSP>32,58</BSP>
  </Prezzi>
  <Prezzi>
    <Data>20140109</Data>
    <Mercato>MGP</Mercato>
    <Ora>2</Ora>
    <PUN>57,92</PUN>
    <NAT>54,94</NAT>
    <CNOR>57,92</CNOR>
    <CSUD>57,92</CSUD>
    <NORD>57,92</NORD>
    <SARD>57,92</SARD>
    <SICI>57,92</SICI>
    <SUD>57,92</SUD>
    <AUST>57,92</AUST>
    <BRNN>57,92</BRNN>
    <COAC>57,92</COAC>
    <CORS>57,92</CORS>
    <FOGN>57,92</FOGN>
    <FRAN>57,92</FRAN>
    <GREC>57,92</GREC>
    <MFTV>57,92</MFTV>
    <PRGP>57,92</PRGP>
    <ROSN>57,92</ROSN>
    <SLOV>57,92</SLOV>
    <SVIZ>57,92</SVIZ>
    <BSP>26,50</BSP>
  </Prezzi>
  <Prezzi>
    <Data>20140109</Data>
    <Mercato>MGP</Mercato>
    <Ora>3</Ora>
    <PUN>53,127264</PUN>
    <NAT>51</NAT>
    <CNOR>53</CNOR>
    <CSUD>53</CSUD>
    <NORD>53</NORD>
    <SARD>53</SARD>
    <SICI>55,01</SICI>
    <SUD>53</SUD>
    <AUST>53</AUST>
    <BRNN>53</BRNN>
    <COAC>53</COAC>
    <CORS>53</CORS>
    <FOGN>53</FOGN>
    <FRAN>53</FRAN>
    <GREC>53</GREC>
    <MFTV>53</MFTV>
    <PRGP>55,01</PRGP>
    <ROSN>53</ROSN>
    <SLOV>53</SLOV>
    <SVIZ>53</SVIZ>
    <BSP>23,86</BSP>
  </Prezzi>
  <Prezzi>
    <Data>20140109</Data>
    <Mercato>MGP</Mercato>
    <Ora>4</Ora>
    <PUN>52,186985</PUN>
    <NAT>47,33</NAT>
    <CNOR>52</CNOR>
    <CSUD>52</CSUD>
    <NORD>52</NORD>
    <SARD>52</SARD>
    <SICI>55,01</SICI>
    <SUD>52</SUD>
    <AUST>52</AUST>
    <BRNN>52</BRNN>
    <COAC>52</COAC>
    <CORS>52</CORS>
    <FOGN>52</FOGN>
    <FRAN>52</FRAN>
    <GREC>52</GREC>
    <MFTV>52</MFTV>
    <PRGP>55,01</PRGP>
    <ROSN>52</ROSN>
    <SLOV>52</SLOV>
    <SVIZ>52</SVIZ>
    <BSP>22,88</BSP>
  </Prezzi>
  <Prezzi>
    <Data>20140109</Data>
    <Mercato>MGP</Mercato>
    <Ora>5</Ora>
    <PUN>52,091474</PUN>
    <NAT>48,48</NAT>
    <CNOR>51,90</CNOR>
    <CSUD>51,90</CSUD>
    <NORD>51,90</NORD>
    <SARD>51,90</SARD>
    <SICI>55,01</SICI>
    <SUD>51,90</SUD>
    <AUST>51,90</AUST>
    <BRNN>51,90</BRNN>
    <COAC>51,90</COAC>
    <CORS>51,90</CORS>
    <FOGN>51,90</FOGN>
    <FRAN>51,90</FRAN>
    <GREC>51,90</GREC>
    <MFTV>51,90</MFTV>
    <PRGP>55,01</PRGP>
    <ROSN>51,90</ROSN>
    <SLOV>51,90</SLOV>
    <SVIZ>51,90</SVIZ>
    <BSP>23,57</BSP>
  </Prezzi>
  <Prezzi>
    <Data>20140109</Data>
    <Mercato>MGP</Mercato>
    <Ora>6</Ora>
    <PUN>51,73</PUN>
    <NAT>50</NAT>
    <CNOR>51,515311</CNOR>
    <CSUD>51,515311</CSUD>
    <NORD>51,515311</NORD>
    <SARD>51,515311</SARD>
    <SICI>55,01</SICI>
    <SUD>51,515311</SUD>
    <AUST>51,515311</AUST>
    <BRNN>51,515311</BRNN>
    <COAC>51,515311</COAC>
    <CORS>51,515311</CORS>
    <FOGN>51,515311</FOGN>
    <FRAN>51,515311</FRAN>
    <GREC>51,515311</GREC>
    <MFTV>51,515311</MFTV>
    <PRGP>55,01</PRGP>
    <ROSN>51,515311</ROSN>
    <SLOV>51,515311</SLOV>
    <SVIZ>51,515311</SVIZ>
    <BSP>35,48</BSP>
  </Prezzi>
  <Prezzi>
    <Data>20140109</Data>
    <Mercato>MGP</Mercato>
    <Ora>7</Ora>
    <PUN>60,583315</PUN>
    <NAT>59,79</NAT>
    <CNOR>60</CNOR>
    <CSUD>60</CSUD>
    <NORD>60</NORD>
    <SARD>60</SARD>
    <SICI>70</SICI>
    <SUD>60</SUD>
    <AUST>60</AUST>
    <BRNN>60</BRNN>
    <COAC>60</COAC>
    <CORS>60</CORS>
    <FOGN>60</FOGN>
    <FRAN>60</FRAN>
    <GREC>60</GREC>
    <MFTV>60</MFTV>
    <PRGP>70</PRGP>
    <ROSN>60</ROSN>
    <SLOV>60</SLOV>
    <SVIZ>60</SVIZ>
    <BSP>49,42</BSP>
  </Prezzi>
  <Prezzi>
    <Data>20140109</Data>
    <Mercato>MGP</Mercato>
    <Ora>8</Ora>
    <PUN>75,097506</PUN>
    <NAT>74,88</NAT>
    <CNOR>71,10</CNOR>
    <CSUD>71,10</CSUD>
    <NORD>71,10</NORD>
    <SARD>74,88</SARD>
    <SICI>137,96</SICI>
    <SUD>71,10</SUD>
    <AUST>71,10</AUST>
    <BRNN>71,10</BRNN>
    <COAC>74,88</COAC>
    <CORS>74,88</CORS>
    <FOGN>71,10</FOGN>
    <FRAN>71,10</FRAN>
    <GREC>71,10</GREC>
    <MFTV>71,10</MFTV>
    <PRGP>137,96</PRGP>
    <ROSN>71,10</ROSN>
    <SLOV>71,10</SLOV>
    <SVIZ>71,10</SVIZ>
    <BSP>61,89</BSP>
  </Prezzi>
  <Prezzi>
    <Data>20140109</Data>
    <Mercato>MGP</Mercato>
    <Ora>9</Ora>
    <PUN>80,486088</PUN>
    <NAT>77</NAT>
    <CNOR>76,99</CNOR>
    <CSUD>76,99</CSUD>
    <NORD>76,99</NORD>
    <SARD>76,99</SARD>
    <SICI>137,96</SICI>
    <SUD>76,99</SUD>
    <AUST>76,99</AUST>
    <BRNN>76,99</BRNN>
    <COAC>76,99</COAC>
    <CORS>76,99</CORS>
    <FOGN>76,99</FOGN>
    <FRAN>76,99</FRAN>
    <GREC>76,99</GREC>
    <MFTV>76,99</MFTV>
    <PRGP>137,96</PRGP>
    <ROSN>76,99</ROSN>
    <SLOV>76,99</SLOV>
    <SVIZ>76,99</SVIZ>
    <BSP>66,25</BSP>
  </Prezzi>
  <Prezzi>
    <Data>20140109</Data>
    <Mercato>MGP</Mercato>
    <Ora>10</Ora>
    <PUN>79,703027</PUN>
    <NAT>76,75</NAT>
    <CNOR>76,22</CNOR>
    <CSUD>76,22</CSUD>
    <NORD>76,22</NORD>
    <SARD>76,22</SARD>
    <SICI>137,96</SICI>
    <SUD>76,22</SUD>
    <AUST>76,22</AUST>
    <BRNN>76,22</BRNN>
    <COAC>76,22</COAC>
    <CORS>76,22</CORS>
    <FOGN>76,22</FOGN>
    <FRAN>76,22</FRAN>
    <GREC>76,22</GREC>
    <MFTV>76,22</MFTV>
    <PRGP>137,96</PRGP>
    <ROSN>76,22</ROSN>
    <SLOV>76,22</SLOV>
    <SVIZ>76,22</SVIZ>
    <BSP>62,61</BSP>
  </Prezzi>
  <Prezzi>
    <Data>20140109</Data>
    <Mercato>MGP</Mercato>
    <Ora>11</Ora>
    <PUN>71,897392</PUN>
    <NAT>69,81</NAT>
    <CNOR>69,95</CNOR>
    <CSUD>69,95</CSUD>
    <NORD>69,95</NORD>
    <SARD>69,95</SARD>
    <SICI>105,01</SICI>
    <SUD>69,95</SUD>
    <AUST>69,95</AUST>
    <BRNN>69,95</BRNN>
    <COAC>69,95</COAC>
    <CORS>69,95</CORS>
    <FOGN>69,95</FOGN>
    <FRAN>69,95</FRAN>
    <GREC>69,95</GREC>
    <MFTV>69,95</MFTV>
    <PRGP>105,01</PRGP>
    <ROSN>69,95</ROSN>
    <SLOV>69,95</SLOV>
    <SVIZ>69,95</SVIZ>
    <BSP>62,97</BSP>
  </Prezzi>
  <Prezzi>
    <Data>20140109</Data>
    <Mercato>MGP</Mercato>
    <Ora>12</Ora>
    <PUN>67,663456</PUN>
    <NAT>65,52</NAT>
    <CNOR>65,52</CNOR>
    <CSUD>65,52</CSUD>
    <NORD>65,52</NORD>
    <SARD>65,52</SARD>
    <SICI>105,01</SICI>
    <SUD>64,98</SUD>
    <AUST>65,52</AUST>
    <BRNN>64,98</BRNN>
    <COAC>65,52</COAC>
    <CORS>65,52</CORS>
    <FOGN>64,98</FOGN>
    <FRAN>65,52</FRAN>
    <GREC>64,98</GREC>
    <MFTV>65,52</MFTV>
    <PRGP>105,01</PRGP>
    <ROSN>64,98</ROSN>
    <SLOV>65,52</SLOV>
    <SVIZ>65,52</SVIZ>
    <BSP>63,58</BSP>
  </Prezzi>
  <Prezzi>
    <Data>20140109</Data>
    <Mercato>MGP</Mercato>
    <Ora>13</Ora>
    <PUN>61,244484</PUN>
    <NAT>60</NAT>
    <CNOR>60</CNOR>
    <CSUD>60</CSUD>
    <NORD>60</NORD>
    <SARD>60</SARD>
    <SICI>81,01</SICI>
    <SUD>60</SUD>
    <AUST>60</AUST>
    <BRNN>60</BRNN>
    <COAC>60</COAC>
    <CORS>60</CORS>
    <FOGN>60</FOGN>
    <FRAN>60</FRAN>
    <GREC>60</GREC>
    <MFTV>60</MFTV>
    <PRGP>81,01</PRGP>
    <ROSN>60</ROSN>
    <SLOV>60</SLOV>
    <SVIZ>60</SVIZ>
    <BSP>60</BSP>
  </Prezzi>
  <Prezzi>
    <Data>20140109</Data>
    <Mercato>MGP</Mercato>
    <Ora>14</Ora>
    <PUN>61,214021</PUN>
    <NAT>60,68</NAT>
    <CNOR>60</CNOR>
    <CSUD>60</CSUD>
    <NORD>60</NORD>
    <SARD>60</SARD>
    <SICI>81</SICI>
    <SUD>60</SUD>
    <AUST>60</AUST>
    <BRNN>60</BRNN>
    <COAC>60</COAC>
    <CORS>60</CORS>
    <FOGN>60</FOGN>
    <FRAN>60</FRAN>
    <GREC>60</GREC>
    <MFTV>60</MFTV>
    <PRGP>81</PRGP>
    <ROSN>60</ROSN>
    <SLOV>60</SLOV>
    <SVIZ>60</SVIZ>
    <BSP>59,93</BSP>
  </Prezzi>
  <Prezzi>
    <Data>20140109</Data>
    <Mercato>MGP</Mercato>
    <Ora>15</Ora>
    <PUN>64,516302</PUN>
    <NAT>64,06</NAT>
    <CNOR>63,51</CNOR>
    <CSUD>63,51</CSUD>
    <NORD>63,51</NORD>
    <SARD>63,51</SARD>
    <SICI>81,01</SICI>
    <SUD>63,51</SUD>
    <AUST>63,51</AUST>
    <BRNN>63,51</BRNN>
    <COAC>63,51</COAC>
    <CORS>63,51</CORS>
    <FOGN>63,51</FOGN>
    <FRAN>63,51</FRAN>
    <GREC>63,51</GREC>
    <MFTV>63,51</MFTV>
    <PRGP>81,01</PRGP>
    <ROSN>63,51</ROSN>
    <SLOV>63,51</SLOV>
    <SVIZ>63,51</SVIZ>
    <BSP>60,88</BSP>
  </Prezzi>
  <Prezzi>
    <Data>20140109</Data>
    <Mercato>MGP</Mercato>
    <Ora>16</Ora>
    <PUN>73,933921</PUN>
    <NAT>70</NAT>
    <CNOR>70</CNOR>
    <CSUD>70</CSUD>
    <NORD>70</NORD>
    <SARD>70</SARD>
    <SICI>137,96</SICI>
    <SUD>70</SUD>
    <AUST>70</AUST>
    <BRNN>70</BRNN>
    <COAC>70</COAC>
    <CORS>70</CORS>
    <FOGN>70</FOGN>
    <FRAN>70</FRAN>
    <GREC>70</GREC>
    <MFTV>70</MFTV>
    <PRGP>137,96</PRGP>
    <ROSN>70</ROSN>
    <SLOV>70</SLOV>
    <SVIZ>70</SVIZ>
    <BSP>59,53</BSP>
  </Prezzi>
  <Prezzi>
    <Data>20140109</Data>
    <Mercato>MGP</Mercato>
    <Ora>17</Ora>
    <PUN>76,082314</PUN>
    <NAT>73,99</NAT>
    <CNOR>71,99</CNOR>
    <CSUD>71,99</CSUD>
    <NORD>71,99</NORD>
    <SARD>74,88</SARD>
    <SICI>138,75</SICI>
    <SUD>71,99</SUD>
    <AUST>71,99</AUST>
    <BRNN>71,99</BRNN>
    <COAC>74,88</COAC>
    <CORS>74,88</CORS>
    <FOGN>71,99</FOGN>
    <FRAN>71,99</FRAN>
    <GREC>71,99</GREC>
    <MFTV>71,99</MFTV>
    <PRGP>138,75</PRGP>
    <ROSN>71,99</ROSN>
    <SLOV>71,99</SLOV>
    <SVIZ>71,99</SVIZ>
    <BSP>68,25</BSP>
  </Prezzi>
  <Prezzi>
    <Data>20140109</Data>
    <Mercato>MGP</Mercato>
    <Ora>18</Ora>
    <PUN>81,348977</PUN>
    <NAT>81,26</NAT>
    <CNOR>77,01</CNOR>
    <CSUD>77,01</CSUD>
    <NORD>77,01</NORD>
    <SARD>77,01</SARD>
    <SICI>145,29</SICI>
    <SUD>77,01</SUD>
    <AUST>77,01</AUST>
    <BRNN>77,01</BRNN>
    <COAC>77,01</COAC>
    <CORS>77,01</CORS>
    <FOGN>77,01</FOGN>
    <FRAN>77,01</FRAN>
    <GREC>77,01</GREC>
    <MFTV>77,01</MFTV>
    <PRGP>145,29</PRGP>
    <ROSN>77,01</ROSN>
    <SLOV>77,01</SLOV>
    <SVIZ>77,01</SVIZ>
    <BSP>74,66</BSP>
  </Prezzi>
  <Prezzi>
    <Data>20140109</Data>
    <Mercato>MGP</Mercato>
    <Ora>19</Ora>
    <PUN>78,381761</PUN>
    <NAT>76,01</NAT>
    <CNOR>73,50</CNOR>
    <CSUD>73,50</CSUD>
    <NORD>73,50</NORD>
    <SARD>74,88</SARD>
    <SICI>146,01</SICI>
    <SUD>73,50</SUD>
    <AUST>73,50</AUST>
    <BRNN>73,50</BRNN>
    <COAC>74,88</COAC>
    <CORS>74,88</CORS>
    <FOGN>73,50</FOGN>
    <FRAN>73,50</FRAN>
    <GREC>73,50</GREC>
    <MFTV>73,50</MFTV>
    <PRGP>146,01</PRGP>
    <ROSN>73,50</ROSN>
    <SLOV>73,50</SLOV>
    <SVIZ>73,50</SVIZ>
    <BSP>71,01</BSP>
  </Prezzi>
  <Prezzi>
    <Data>20140109</Data>
    <Mercato>MGP</Mercato>
    <Ora>20</Ora>
    <PUN>77,242770</PUN>
    <NAT>75,93</NAT>
    <CNOR>72,06</CNOR>
    <CSUD>72,06</CSUD>
    <NORD>72,06</NORD>
    <SARD>74,88</SARD>
    <SICI>146,01</SICI>
    <SUD>72,06</SUD>
    <AUST>72,06</AUST>
    <BRNN>72,06</BRNN>
    <COAC>74,88</COAC>
    <CORS>74,88</CORS>
    <FOGN>72,06</FOGN>
    <FRAN>72,06</FRAN>
    <GREC>72,06</GREC>
    <MFTV>72,06</MFTV>
    <PRGP>146,01</PRGP>
    <ROSN>72,06</ROSN>
    <SLOV>72,06</SLOV>
    <SVIZ>72,06</SVIZ>
    <BSP>70,35</BSP>
  </Prezzi>
  <Prezzi>
    <Data>20140109</Data>
    <Mercato>MGP</Mercato>
    <Ora>21</Ora>
    <PUN>73,151216</PUN>
    <NAT>70</NAT>
    <CNOR>67,32</CNOR>
    <CSUD>67,32</CSUD>
    <NORD>67,32</NORD>
    <SARD>74,88</SARD>
    <SICI>145,29</SICI>
    <SUD>67,32</SUD>
    <AUST>67,32</AUST>
    <BRNN>67,32</BRNN>
    <COAC>74,88</COAC>
    <CORS>74,88</CORS>
    <FOGN>67,32</FOGN>
    <FRAN>67,32</FRAN>
    <GREC>67,32</GREC>
    <MFTV>67,32</MFTV>
    <PRGP>145,29</PRGP>
    <ROSN>67,32</ROSN>
    <SLOV>67,32</SLOV>
    <SVIZ>67,32</SVIZ>
    <BSP>66,92</BSP>
  </Prezzi>
  <Prezzi>
    <Data>20140109</Data>
    <Mercato>MGP</Mercato>
    <Ora>22</Ora>
    <PUN>68,062915</PUN>
    <NAT>62,87</NAT>
    <CNOR>62,01</CNOR>
    <CSUD>62,01</CSUD>
    <NORD>62,01</NORD>
    <SARD>74,88</SARD>
    <SICI>138,75</SICI>
    <SUD>62,01</SUD>
    <AUST>62,01</AUST>
    <BRNN>62,01</BRNN>
    <COAC>74,88</COAC>
    <CORS>74,88</CORS>
    <FOGN>62,01</FOGN>
    <FRAN>62,01</FRAN>
    <GREC>62,01</GREC>
    <MFTV>62,01</MFTV>
    <PRGP>138,75</PRGP>
    <ROSN>62,01</ROSN>
    <SLOV>62,01</SLOV>
    <SVIZ>62,01</SVIZ>
    <BSP>54,49</BSP>
  </Prezzi>
  <Prezzi>
    <Data>20140109</Data>
    <Mercato>MGP</Mercato>
    <Ora>23</Ora>
    <PUN>64,493050</PUN>
    <NAT>58,66</NAT>
    <CNOR>57,99</CNOR>
    <CSUD>57,99</CSUD>
    <NORD>57,99</NORD>
    <SARD>74,88</SARD>
    <SICI>137,96</SICI>
    <SUD>57,99</SUD>
    <AUST>57,99</AUST>
    <BRNN>57,99</BRNN>
    <COAC>74,88</COAC>
    <CORS>74,88</CORS>
    <FOGN>57,99</FOGN>
    <FRAN>57,99</FRAN>
    <GREC>57,99</GREC>
    <MFTV>57,99</MFTV>
    <PRGP>137,96</PRGP>
    <ROSN>57,99</ROSN>
    <SLOV>57,99</SLOV>
    <SVIZ>57,99</SVIZ>
    <BSP>51,34</BSP>
  </Prezzi>
  <Prezzi>
    <Data>20140109</Data>
    <Mercato>MGP</Mercato>
    <Ora>24</Ora>
    <PUN>58,72</PUN>
    <NAT>55</NAT>
    <CNOR>56,254906</CNOR>
    <CSUD>56,254906</CSUD>
    <NORD>56,254906</NORD>
    <SARD>56,254906</SARD>
    <SICI>91</SICI>
    <SUD>56,254906</SUD>
    <AUST>56,254906</AUST>
    <BRNN>56,254906</BRNN>
    <COAC>56,254906</COAC>
    <CORS>56,254906</CORS>
    <FOGN>56,254906</FOGN>
    <FRAN>56,254906</FRAN>
    <GREC>56,254906</GREC>
    <MFTV>56,254906</MFTV>
    <PRGP>91</PRGP>
    <ROSN>56,254906</ROSN>
    <SLOV>56,254906</SLOV>
    <SVIZ>56,254906</SVIZ>
    <BSP>41,42</BSP>
  </Prezzi>
</NewDataSet>