<?xml version="1.0" standalone="yes"?>
<NewDataSet>
  <xs:schema id="NewDataSet" xmlns="" xmlns:xs="http://www.w3.org/2001/XMLSchema" xmlns:msdata="urn:schemas-microsoft-com:xml-msdata">
    <xs:element name="NewDataSet" msdata:IsDataSet="true" msdata:UseCurrentLocale="true">
      <xs:complexType>
        <xs:choice minOccurs="0" maxOccurs="unbounded">
          <xs:element name="Prezzi">
            <xs:complexType>
              <xs:sequence>
                <xs:element name="Data" type="xs:string" minOccurs="0" />
                <xs:element name="Mercato" type="xs:string" minOccurs="0" />
                <xs:element name="Ora" type="xs:string" minOccurs="0" />
                <xs:element name="PUN" type="xs:string" minOccurs="0" />
                <xs:element name="NAT" type="xs:string" minOccurs="0" />
                <xs:element name="CNOR" type="xs:string" minOccurs="0" />
                <xs:element name="CSUD" type="xs:string" minOccurs="0" />
                <xs:element name="NORD" type="xs:string" minOccurs="0" />
                <xs:element name="SARD" type="xs:string" minOccurs="0" />
                <xs:element name="SICI" type="xs:string" minOccurs="0" />
                <xs:element name="SUD" type="xs:string" minOccurs="0" />
                <xs:element name="AUST" type="xs:string" minOccurs="0" />
                <xs:element name="BRNN" type="xs:string" minOccurs="0" />
                <xs:element name="COAC" type="xs:string" minOccurs="0" />
                <xs:element name="CORS" type="xs:string" minOccurs="0" />
                <xs:element name="FOGN" type="xs:string" minOccurs="0" />
                <xs:element name="FRAN" type="xs:string" minOccurs="0" />
                <xs:element name="GREC" type="xs:string" minOccurs="0" />
                <xs:element name="MFTV" type="xs:string" minOccurs="0" />
                <xs:element name="PRGP" type="xs:string" minOccurs="0" />
                <xs:element name="ROSN" type="xs:string" minOccurs="0" />
                <xs:element name="SLOV" type="xs:string" minOccurs="0" />
                <xs:element name="SVIZ" type="xs:string" minOccurs="0" />
                <xs:element name="BSP" type="xs:string" minOccurs="0" />
              </xs:sequence>
            </xs:complexType>
          </xs:element>
        </xs:choice>
      </xs:complexType>
    </xs:element>
  </xs:schema>
  <Prezzi>
    <Data>20140107</Data>
    <Mercato>MGP</Mercato>
    <Ora>1</Ora>
    <PUN>70</PUN>
    <NAT>65,03</NAT>
    <CNOR>70</CNOR>
    <CSUD>70</CSUD>
    <NORD>70</NORD>
    <SARD>70</SARD>
    <SICI>70</SICI>
    <SUD>70</SUD>
    <AUST>70</AUST>
    <BRNN>70</BRNN>
    <COAC>70</COAC>
    <CORS>70</CORS>
    <FOGN>70</FOGN>
    <FRAN>70</FRAN>
    <GREC>70</GREC>
    <MFTV>70</MFTV>
    <PRGP>70</PRGP>
    <ROSN>70</ROSN>
    <SLOV>70</SLOV>
    <SVIZ>70</SVIZ>
    <BSP>18,91</BSP>
  </Prezzi>
  <Prezzi>
    <Data>20140107</Data>
    <Mercato>MGP</Mercato>
    <Ora>2</Ora>
    <PUN>60,03</PUN>
    <NAT>58,67</NAT>
    <CNOR>60,03</CNOR>
    <CSUD>60,03</CSUD>
    <NORD>60,03</NORD>
    <SARD>60,03</SARD>
    <SICI>60,03</SICI>
    <SUD>60,03</SUD>
    <AUST>60,03</AUST>
    <BRNN>60,03</BRNN>
    <COAC>60,03</COAC>
    <CORS>60,03</CORS>
    <FOGN>60,03</FOGN>
    <FRAN>60,03</FRAN>
    <GREC>60,03</GREC>
    <MFTV>60,03</MFTV>
    <PRGP>60,03</PRGP>
    <ROSN>60,03</ROSN>
    <SLOV>60,03</SLOV>
    <SVIZ>60,03</SVIZ>
    <BSP>15</BSP>
  </Prezzi>
  <Prezzi>
    <Data>20140107</Data>
    <Mercato>MGP</Mercato>
    <Ora>3</Ora>
    <PUN>54,146232</PUN>
    <NAT>51,22</NAT>
    <CNOR>54,08</CNOR>
    <CSUD>54,08</CSUD>
    <NORD>54,08</NORD>
    <SARD>54,08</SARD>
    <SICI>55</SICI>
    <SUD>54,08</SUD>
    <AUST>54,08</AUST>
    <BRNN>54,08</BRNN>
    <COAC>54,08</COAC>
    <CORS>54,08</CORS>
    <FOGN>54,08</FOGN>
    <FRAN>54,08</FRAN>
    <GREC>54,08</GREC>
    <MFTV>54,08</MFTV>
    <PRGP>55</PRGP>
    <ROSN>54,08</ROSN>
    <SLOV>54,08</SLOV>
    <SVIZ>54,08</SVIZ>
    <BSP>11,52</BSP>
  </Prezzi>
  <Prezzi>
    <Data>20140107</Data>
    <Mercato>MGP</Mercato>
    <Ora>4</Ora>
    <PUN>53,207546</PUN>
    <NAT>47,98</NAT>
    <CNOR>53,07</CNOR>
    <CSUD>53,07</CSUD>
    <NORD>53,07</NORD>
    <SARD>53,07</SARD>
    <SICI>55</SICI>
    <SUD>53,07</SUD>
    <AUST>53,07</AUST>
    <BRNN>53,07</BRNN>
    <COAC>53,07</COAC>
    <CORS>53,07</CORS>
    <FOGN>53,07</FOGN>
    <FRAN>53,07</FRAN>
    <GREC>53,07</GREC>
    <MFTV>53,07</MFTV>
    <PRGP>55</PRGP>
    <ROSN>53,07</ROSN>
    <SLOV>53,07</SLOV>
    <SVIZ>53,07</SVIZ>
    <BSP>9,64</BSP>
  </Prezzi>
  <Prezzi>
    <Data>20140107</Data>
    <Mercato>MGP</Mercato>
    <Ora>5</Ora>
    <PUN>53,270591</PUN>
    <NAT>50</NAT>
    <CNOR>53,14</CNOR>
    <CSUD>53,14</CSUD>
    <NORD>53,14</NORD>
    <SARD>53,14</SARD>
    <SICI>55</SICI>
    <SUD>53,14</SUD>
    <AUST>53,14</AUST>
    <BRNN>53,14</BRNN>
    <COAC>53,14</COAC>
    <CORS>53,14</CORS>
    <FOGN>53,14</FOGN>
    <FRAN>53,14</FRAN>
    <GREC>53,14</GREC>
    <MFTV>53,14</MFTV>
    <PRGP>55</PRGP>
    <ROSN>53,14</ROSN>
    <SLOV>53,14</SLOV>
    <SVIZ>53,14</SVIZ>
    <BSP>10,57</BSP>
  </Prezzi>
  <Prezzi>
    <Data>20140107</Data>
    <Mercato>MGP</Mercato>
    <Ora>6</Ora>
    <PUN>59,43</PUN>
    <NAT>56,25</NAT>
    <CNOR>59,43</CNOR>
    <CSUD>59,43</CSUD>
    <NORD>59,43</NORD>
    <SARD>59,43</SARD>
    <SICI>59,43</SICI>
    <SUD>59,43</SUD>
    <AUST>59,43</AUST>
    <BRNN>59,43</BRNN>
    <COAC>59,43</COAC>
    <CORS>59,43</CORS>
    <FOGN>59,43</FOGN>
    <FRAN>59,43</FRAN>
    <GREC>59,43</GREC>
    <MFTV>59,43</MFTV>
    <PRGP>59,43</PRGP>
    <ROSN>59,43</ROSN>
    <SLOV>59,43</SLOV>
    <SVIZ>59,43</SVIZ>
    <BSP>16,80</BSP>
  </Prezzi>
  <Prezzi>
    <Data>20140107</Data>
    <Mercato>MGP</Mercato>
    <Ora>7</Ora>
    <PUN>70,95</PUN>
    <NAT>70</NAT>
    <CNOR>70,95</CNOR>
    <CSUD>70,95</CSUD>
    <NORD>70,95</NORD>
    <SARD>70,95</SARD>
    <SICI>70,95</SICI>
    <SUD>70,95</SUD>
    <AUST>70,95</AUST>
    <BRNN>70,95</BRNN>
    <COAC>70,95</COAC>
    <CORS>70,95</CORS>
    <FOGN>70,95</FOGN>
    <FRAN>70,95</FRAN>
    <GREC>70,95</GREC>
    <MFTV>70,95</MFTV>
    <PRGP>70,95</PRGP>
    <ROSN>70,95</ROSN>
    <SLOV>70,95</SLOV>
    <SVIZ>70,95</SVIZ>
    <BSP>40,90</BSP>
  </Prezzi>
  <Prezzi>
    <Data>20140107</Data>
    <Mercato>MGP</Mercato>
    <Ora>8</Ora>
    <PUN>80,804549</PUN>
    <NAT>83</NAT>
    <CNOR>77,09</CNOR>
    <CSUD>77,09</CSUD>
    <NORD>77,09</NORD>
    <SARD>77,09</SARD>
    <SICI>137,96</SICI>
    <SUD>77,09</SUD>
    <AUST>77,09</AUST>
    <BRNN>77,09</BRNN>
    <COAC>77,09</COAC>
    <CORS>77,09</CORS>
    <FOGN>77,09</FOGN>
    <FRAN>77,09</FRAN>
    <GREC>77,09</GREC>
    <MFTV>77,09</MFTV>
    <PRGP>137,96</PRGP>
    <ROSN>77,09</ROSN>
    <SLOV>77,09</SLOV>
    <SVIZ>77,09</SVIZ>
    <BSP>58,72</BSP>
  </Prezzi>
  <Prezzi>
    <Data>20140107</Data>
    <Mercato>MGP</Mercato>
    <Ora>9</Ora>
    <PUN>92,860136</PUN>
    <NAT>94,99</NAT>
    <CNOR>89,98</CNOR>
    <CSUD>89,98</CSUD>
    <NORD>89,98</NORD>
    <SARD>89,98</SARD>
    <SICI>137,96</SICI>
    <SUD>89,98</SUD>
    <AUST>89,98</AUST>
    <BRNN>89,98</BRNN>
    <COAC>89,98</COAC>
    <CORS>89,98</CORS>
    <FOGN>89,98</FOGN>
    <FRAN>89,98</FRAN>
    <GREC>89,98</GREC>
    <MFTV>89,98</MFTV>
    <PRGP>137,96</PRGP>
    <ROSN>89,98</ROSN>
    <SLOV>89,98</SLOV>
    <SVIZ>89,98</SVIZ>
    <BSP>63,52</BSP>
  </Prezzi>
  <Prezzi>
    <Data>20140107</Data>
    <Mercato>MGP</Mercato>
    <Ora>10</Ora>
    <PUN>80,781739</PUN>
    <NAT>81,42</NAT>
    <CNOR>77,17</CNOR>
    <CSUD>77,17</CSUD>
    <NORD>77,17</NORD>
    <SARD>77,17</SARD>
    <SICI>137,96</SICI>
    <SUD>77,17</SUD>
    <AUST>77,17</AUST>
    <BRNN>77,17</BRNN>
    <COAC>77,17</COAC>
    <CORS>77,17</CORS>
    <FOGN>77,17</FOGN>
    <FRAN>77,17</FRAN>
    <GREC>77,17</GREC>
    <MFTV>77,17</MFTV>
    <PRGP>137,96</PRGP>
    <ROSN>77,17</ROSN>
    <SLOV>77,17</SLOV>
    <SVIZ>77,17</SVIZ>
    <BSP>73,50</BSP>
  </Prezzi>
  <Prezzi>
    <Data>20140107</Data>
    <Mercato>MGP</Mercato>
    <Ora>11</Ora>
    <PUN>73,461592</PUN>
    <NAT>73,39</NAT>
    <CNOR>71,53</CNOR>
    <CSUD>71,53</CSUD>
    <NORD>71,53</NORD>
    <SARD>71,53</SARD>
    <SICI>105,01</SICI>
    <SUD>71,53</SUD>
    <AUST>71,53</AUST>
    <BRNN>71,53</BRNN>
    <COAC>71,53</COAC>
    <CORS>71,53</CORS>
    <FOGN>71,53</FOGN>
    <FRAN>71,53</FRAN>
    <GREC>71,53</GREC>
    <MFTV>71,53</MFTV>
    <PRGP>105,01</PRGP>
    <ROSN>71,53</ROSN>
    <SLOV>71,53</SLOV>
    <SVIZ>71,53</SVIZ>
    <BSP>71,53</BSP>
  </Prezzi>
  <Prezzi>
    <Data>20140107</Data>
    <Mercato>MGP</Mercato>
    <Ora>12</Ora>
    <PUN>69,970131</PUN>
    <NAT>68,50</NAT>
    <CNOR>67,84</CNOR>
    <CSUD>67,84</CSUD>
    <NORD>67,84</NORD>
    <SARD>67,84</SARD>
    <SICI>105,01</SICI>
    <SUD>67,84</SUD>
    <AUST>67,84</AUST>
    <BRNN>67,84</BRNN>
    <COAC>67,84</COAC>
    <CORS>67,84</CORS>
    <FOGN>67,84</FOGN>
    <FRAN>67,84</FRAN>
    <GREC>67,84</GREC>
    <MFTV>67,84</MFTV>
    <PRGP>105,01</PRGP>
    <ROSN>67,84</ROSN>
    <SLOV>67,84</SLOV>
    <SVIZ>67,84</SVIZ>
    <BSP>67,84</BSP>
  </Prezzi>
  <Prezzi>
    <Data>20140107</Data>
    <Mercato>MGP</Mercato>
    <Ora>13</Ora>
    <PUN>65,046038</PUN>
    <NAT>64,04</NAT>
    <CNOR>64,01</CNOR>
    <CSUD>64,01</CSUD>
    <NORD>64,01</NORD>
    <SARD>64,01</SARD>
    <SICI>81,01</SICI>
    <SUD>64,01</SUD>
    <AUST>64,01</AUST>
    <BRNN>64,01</BRNN>
    <COAC>64,01</COAC>
    <CORS>64,01</CORS>
    <FOGN>64,01</FOGN>
    <FRAN>64,01</FRAN>
    <GREC>64,01</GREC>
    <MFTV>64,01</MFTV>
    <PRGP>81,01</PRGP>
    <ROSN>64,01</ROSN>
    <SLOV>64,01</SLOV>
    <SVIZ>64,01</SVIZ>
    <BSP>64,01</BSP>
  </Prezzi>
  <Prezzi>
    <Data>20140107</Data>
    <Mercato>MGP</Mercato>
    <Ora>14</Ora>
    <PUN>64,070007</PUN>
    <NAT>63,37</NAT>
    <CNOR>63</CNOR>
    <CSUD>63</CSUD>
    <NORD>63</NORD>
    <SARD>63</SARD>
    <SICI>81</SICI>
    <SUD>63</SUD>
    <AUST>63</AUST>
    <BRNN>63</BRNN>
    <COAC>63</COAC>
    <CORS>63</CORS>
    <FOGN>63</FOGN>
    <FRAN>63</FRAN>
    <GREC>63</GREC>
    <MFTV>63</MFTV>
    <PRGP>81</PRGP>
    <ROSN>63</ROSN>
    <SLOV>63</SLOV>
    <SVIZ>63</SVIZ>
    <BSP>63</BSP>
  </Prezzi>
  <Prezzi>
    <Data>20140107</Data>
    <Mercato>MGP</Mercato>
    <Ora>15</Ora>
    <PUN>66,945132</PUN>
    <NAT>66,18</NAT>
    <CNOR>66,08</CNOR>
    <CSUD>66,08</CSUD>
    <NORD>66,08</NORD>
    <SARD>66,08</SARD>
    <SICI>81,01</SICI>
    <SUD>66,08</SUD>
    <AUST>66,08</AUST>
    <BRNN>66,08</BRNN>
    <COAC>66,08</COAC>
    <CORS>66,08</CORS>
    <FOGN>66,08</FOGN>
    <FRAN>66,08</FRAN>
    <GREC>66,08</GREC>
    <MFTV>66,08</MFTV>
    <PRGP>81,01</PRGP>
    <ROSN>66,08</ROSN>
    <SLOV>66,08</SLOV>
    <SVIZ>66,08</SVIZ>
    <BSP>66,08</BSP>
  </Prezzi>
  <Prezzi>
    <Data>20140107</Data>
    <Mercato>MGP</Mercato>
    <Ora>16</Ora>
    <PUN>74,866352</PUN>
    <NAT>73,99</NAT>
    <CNOR>70,99</CNOR>
    <CSUD>70,99</CSUD>
    <NORD>70,99</NORD>
    <SARD>70,99</SARD>
    <SICI>137,96</SICI>
    <SUD>70,99</SUD>
    <AUST>70,99</AUST>
    <BRNN>70,99</BRNN>
    <COAC>70,99</COAC>
    <CORS>70,99</CORS>
    <FOGN>70,99</FOGN>
    <FRAN>70,99</FRAN>
    <GREC>70,99</GREC>
    <MFTV>70,99</MFTV>
    <PRGP>137,96</PRGP>
    <ROSN>70,99</ROSN>
    <SLOV>70,99</SLOV>
    <SVIZ>70,99</SVIZ>
    <BSP>68,12</BSP>
  </Prezzi>
  <Prezzi>
    <Data>20140107</Data>
    <Mercato>MGP</Mercato>
    <Ora>17</Ora>
    <PUN>80,836857</PUN>
    <NAT>79,06</NAT>
    <CNOR>77,03</CNOR>
    <CSUD>77,03</CSUD>
    <NORD>77,03</NORD>
    <SARD>77,03</SARD>
    <SICI>139,89</SICI>
    <SUD>77,03</SUD>
    <AUST>77,03</AUST>
    <BRNN>77,03</BRNN>
    <COAC>77,03</COAC>
    <CORS>77,03</CORS>
    <FOGN>77,03</FOGN>
    <FRAN>77,03</FRAN>
    <GREC>77,03</GREC>
    <MFTV>77,03</MFTV>
    <PRGP>139,89</PRGP>
    <ROSN>77,03</ROSN>
    <SLOV>77,03</SLOV>
    <SVIZ>77,03</SVIZ>
    <BSP>77,03</BSP>
  </Prezzi>
  <Prezzi>
    <Data>20140107</Data>
    <Mercato>MGP</Mercato>
    <Ora>18</Ora>
    <PUN>83,278553</PUN>
    <NAT>80,24</NAT>
    <CNOR>80</CNOR>
    <CSUD>86</CSUD>
    <NORD>74,12</NORD>
    <SARD>86</SARD>
    <SICI>154,08</SICI>
    <SUD>86</SUD>
    <AUST>74,12</AUST>
    <BRNN>86</BRNN>
    <COAC>86</COAC>
    <CORS>86</CORS>
    <FOGN>86</FOGN>
    <FRAN>74,12</FRAN>
    <GREC>86</GREC>
    <MFTV>74,12</MFTV>
    <PRGP>154,08</PRGP>
    <ROSN>86</ROSN>
    <SLOV>74,12</SLOV>
    <SVIZ>74,12</SVIZ>
    <BSP>74,12</BSP>
  </Prezzi>
  <Prezzi>
    <Data>20140107</Data>
    <Mercato>MGP</Mercato>
    <Ora>19</Ora>
    <PUN>82,392546</PUN>
    <NAT>77,10</NAT>
    <CNOR>80</CNOR>
    <CSUD>80</CSUD>
    <NORD>73,99</NORD>
    <SARD>80</SARD>
    <SICI>163,95</SICI>
    <SUD>80</SUD>
    <AUST>73,99</AUST>
    <BRNN>80</BRNN>
    <COAC>80</COAC>
    <CORS>80</CORS>
    <FOGN>80</FOGN>
    <FRAN>73,99</FRAN>
    <GREC>80</GREC>
    <MFTV>73,99</MFTV>
    <PRGP>163,95</PRGP>
    <ROSN>80</ROSN>
    <SLOV>73,99</SLOV>
    <SVIZ>73,99</SVIZ>
    <BSP>73,99</BSP>
  </Prezzi>
  <Prezzi>
    <Data>20140107</Data>
    <Mercato>MGP</Mercato>
    <Ora>20</Ora>
    <PUN>81,553147</PUN>
    <NAT>76,85</NAT>
    <CNOR>73,67</CNOR>
    <CSUD>79</CSUD>
    <NORD>73,67</NORD>
    <SARD>79</SARD>
    <SICI>163,95</SICI>
    <SUD>79</SUD>
    <AUST>73,67</AUST>
    <BRNN>79</BRNN>
    <COAC>79</COAC>
    <CORS>79</CORS>
    <FOGN>79</FOGN>
    <FRAN>73,67</FRAN>
    <GREC>79</GREC>
    <MFTV>73,67</MFTV>
    <PRGP>163,95</PRGP>
    <ROSN>79</ROSN>
    <SLOV>73,67</SLOV>
    <SVIZ>73,67</SVIZ>
    <BSP>73,67</BSP>
  </Prezzi>
  <Prezzi>
    <Data>20140107</Data>
    <Mercato>MGP</Mercato>
    <Ora>21</Ora>
    <PUN>76,567912</PUN>
    <NAT>71,53</NAT>
    <CNOR>68,68</CNOR>
    <CSUD>71,55</CSUD>
    <NORD>68,68</NORD>
    <SARD>74,88</SARD>
    <SICI>163,95</SICI>
    <SUD>71,55</SUD>
    <AUST>68,68</AUST>
    <BRNN>71,55</BRNN>
    <COAC>74,88</COAC>
    <CORS>74,88</CORS>
    <FOGN>71,55</FOGN>
    <FRAN>68,68</FRAN>
    <GREC>71,55</GREC>
    <MFTV>68,68</MFTV>
    <PRGP>163,95</PRGP>
    <ROSN>71,55</ROSN>
    <SLOV>68,68</SLOV>
    <SVIZ>68,68</SVIZ>
    <BSP>68,68</BSP>
  </Prezzi>
  <Prezzi>
    <Data>20140107</Data>
    <Mercato>MGP</Mercato>
    <Ora>22</Ora>
    <PUN>71,011640</PUN>
    <NAT>66,88</NAT>
    <CNOR>64,64</CNOR>
    <CSUD>65</CSUD>
    <NORD>64,64</NORD>
    <SARD>74,88</SARD>
    <SICI>145,29</SICI>
    <SUD>65</SUD>
    <AUST>64,64</AUST>
    <BRNN>65</BRNN>
    <COAC>74,88</COAC>
    <CORS>74,88</CORS>
    <FOGN>65</FOGN>
    <FRAN>64,64</FRAN>
    <GREC>65</GREC>
    <MFTV>64,64</MFTV>
    <PRGP>145,29</PRGP>
    <ROSN>65</ROSN>
    <SLOV>64,64</SLOV>
    <SVIZ>64,64</SVIZ>
    <BSP>64,64</BSP>
  </Prezzi>
  <Prezzi>
    <Data>20140107</Data>
    <Mercato>MGP</Mercato>
    <Ora>23</Ora>
    <PUN>66,592326</PUN>
    <NAT>61,10</NAT>
    <CNOR>59,77</CNOR>
    <CSUD>60,46</CSUD>
    <NORD>59,77</NORD>
    <SARD>74,88</SARD>
    <SICI>139,89</SICI>
    <SUD>60,46</SUD>
    <AUST>59,77</AUST>
    <BRNN>60,46</BRNN>
    <COAC>74,88</COAC>
    <CORS>74,88</CORS>
    <FOGN>60,46</FOGN>
    <FRAN>59,77</FRAN>
    <GREC>60,46</GREC>
    <MFTV>59,77</MFTV>
    <PRGP>139,89</PRGP>
    <ROSN>60,46</ROSN>
    <SLOV>59,77</SLOV>
    <SVIZ>59,77</SVIZ>
    <BSP>59,77</BSP>
  </Prezzi>
  <Prezzi>
    <Data>20140107</Data>
    <Mercato>MGP</Mercato>
    <Ora>24</Ora>
    <PUN>61,233446</PUN>
    <NAT>59,40</NAT>
    <CNOR>55</CNOR>
    <CSUD>55</CSUD>
    <NORD>55</NORD>
    <SARD>55</SARD>
    <SICI>137,96</SICI>
    <SUD>55</SUD>
    <AUST>55</AUST>
    <BRNN>55</BRNN>
    <COAC>55</COAC>
    <CORS>55</CORS>
    <FOGN>55</FOGN>
    <FRAN>55</FRAN>
    <GREC>55</GREC>
    <MFTV>55</MFTV>
    <PRGP>137,96</PRGP>
    <ROSN>55</ROSN>
    <SLOV>55</SLOV>
    <SVIZ>55</SVIZ>
    <BSP>51,50</BSP>
  </Prezzi>
</NewDataSet>