<?xml version="1.0" standalone="yes"?>
<NewDataSet>
  <xs:schema id="NewDataSet" xmlns="" xmlns:xs="http://www.w3.org/2001/XMLSchema" xmlns:msdata="urn:schemas-microsoft-com:xml-msdata">
    <xs:element name="NewDataSet" msdata:IsDataSet="true" msdata:UseCurrentLocale="true">
      <xs:complexType>
        <xs:choice minOccurs="0" maxOccurs="unbounded">
          <xs:element name="negoziazione_continua">
            <xs:complexType>
              <xs:sequence>
                <xs:element name="DataSessione" type="xs:string" minOccurs="0" />
                <xs:element name="NomeProdotto" type="xs:string" minOccurs="0" />
                <xs:element name="PrimoPrezzo" type="xs:decimal" minOccurs="0" />
                <xs:element name="UltimoPrezzo" type="xs:decimal" minOccurs="0" />
                <xs:element name="PrezzoMassimo" type="xs:decimal" minOccurs="0" />
                <xs:element name="PrezzoMinimo" type="xs:decimal" minOccurs="0" />
                <xs:element name="PrezzoMedio" type="xs:decimal" minOccurs="0" />
                <xs:element name="PrezzoControllo" type="xs:decimal" minOccurs="0" />
                <xs:element name="Volumi" type="xs:decimal" minOccurs="0" />
                <xs:element name="PosizioniAperte" type="xs:decimal" minOccurs="0" />
                <xs:element name="Abbinamenti" type="xs:int" minOccurs="0" />
              </xs:sequence>
            </xs:complexType>
          </xs:element>
        </xs:choice>
      </xs:complexType>
    </xs:element>
  </xs:schema>
  <negoziazione_continua>
    <DataSessione>20170525</DataSessione>
    <NomeProdotto>MGP-2017-05-26</NomeProdotto>
    <PrimoPrezzo>18.0500</PrimoPrezzo>
    <UltimoPrezzo>17.9250</UltimoPrezzo>
    <PrezzoMassimo>18.0500</PrezzoMassimo>
    <PrezzoMinimo>17.9250</PrezzoMinimo>
    <PrezzoMedio>17.957086</PrezzoMedio>
    <PrezzoControllo>18.0330</PrezzoControllo>
    <Volumi>9920.00000</Volumi>
    <PosizioniAperte>9920.000000</PosizioniAperte>
    <Abbinamenti>8</Abbinamenti>
  </negoziazione_continua>
  <negoziazione_continua>
    <DataSessione>20170525</DataSessione>
    <NomeProdotto>MGP-2017-05-27</NomeProdotto>
    <PrezzoControllo>18.2330</PrezzoControllo>
    <PosizioniAperte>0.000000</PosizioniAperte>
    <Abbinamenti>0</Abbinamenti>
  </negoziazione_continua>
  <negoziazione_continua>
    <DataSessione>20170525</DataSessione>
    <NomeProdotto>MGP-2017-05-28</NomeProdotto>
    <PrimoPrezzo>17.8500</PrimoPrezzo>
    <UltimoPrezzo>17.8500</UltimoPrezzo>
    <PrezzoMassimo>17.8500</PrezzoMassimo>
    <PrezzoMinimo>17.8500</PrezzoMinimo>
    <PrezzoMedio>17.850000</PrezzoMedio>
    <PrezzoControllo>17.9650</PrezzoControllo>
    <Volumi>5000.00000</Volumi>
    <PosizioniAperte>5000.000000</PosizioniAperte>
    <Abbinamenti>1</Abbinamenti>
  </negoziazione_continua>
</NewDataSet>