<?xml version="1.0" standalone="yes"?>
<NewDataSet>
  <xs:schema id="NewDataSet" xmlns="" xmlns:xs="http://www.w3.org/2001/XMLSchema" xmlns:msdata="urn:schemas-microsoft-com:xml-msdata">
    <xs:element name="NewDataSet" msdata:IsDataSet="true" msdata:UseCurrentLocale="true">
      <xs:complexType>
        <xs:choice minOccurs="0" maxOccurs="unbounded">
          <xs:element name="negoziazione_continua">
            <xs:complexType>
              <xs:sequence>
                <xs:element name="DataSessione" type="xs:string" minOccurs="0" />
                <xs:element name="NomeProdotto" type="xs:string" minOccurs="0" />
                <xs:element name="PrimoPrezzo" type="xs:decimal" minOccurs="0" />
                <xs:element name="UltimoPrezzo" type="xs:decimal" minOccurs="0" />
                <xs:element name="PrezzoMassimo" type="xs:decimal" minOccurs="0" />
                <xs:element name="PrezzoMinimo" type="xs:decimal" minOccurs="0" />
                <xs:element name="PrezzoMedio" type="xs:decimal" minOccurs="0" />
                <xs:element name="PrezzoControllo" type="xs:decimal" minOccurs="0" />
                <xs:element name="Volumi" type="xs:decimal" minOccurs="0" />
                <xs:element name="PosizioniAperte" type="xs:decimal" minOccurs="0" />
                <xs:element name="Abbinamenti" type="xs:int" minOccurs="0" />
              </xs:sequence>
            </xs:complexType>
          </xs:element>
        </xs:choice>
      </xs:complexType>
    </xs:element>
  </xs:schema>
  <negoziazione_continua>
    <DataSessione>20170531</DataSessione>
    <NomeProdotto>MGP-2017-06-01</NomeProdotto>
    <PrimoPrezzo>18.4500</PrimoPrezzo>
    <UltimoPrezzo>18.6500</UltimoPrezzo>
    <PrezzoMassimo>18.6500</PrezzoMassimo>
    <PrezzoMinimo>18.2000</PrezzoMinimo>
    <PrezzoMedio>18.307554</PrezzoMedio>
    <PrezzoControllo>18.4250</PrezzoControllo>
    <Volumi>18250.00000</Volumi>
    <PosizioniAperte>18190.000000</PosizioniAperte>
    <Abbinamenti>15</Abbinamenti>
  </negoziazione_continua>
  <negoziazione_continua>
    <DataSessione>20170531</DataSessione>
    <NomeProdotto>MGP-2017-06-02</NomeProdotto>
    <PrimoPrezzo>18.4500</PrimoPrezzo>
    <UltimoPrezzo>18.4500</UltimoPrezzo>
    <PrezzoMassimo>18.4500</PrezzoMassimo>
    <PrezzoMinimo>18.4500</PrezzoMinimo>
    <PrezzoMedio>18.450000</PrezzoMedio>
    <PrezzoControllo>18.5320</PrezzoControllo>
    <Volumi>1200.00000</Volumi>
    <PosizioniAperte>1200.000000</PosizioniAperte>
    <Abbinamenti>1</Abbinamenti>
  </negoziazione_continua>
  <negoziazione_continua>
    <DataSessione>20170531</DataSessione>
    <NomeProdotto>MGP-2017-06-03</NomeProdotto>
    <PrezzoControllo>18.7220</PrezzoControllo>
    <PosizioniAperte>0.000000</PosizioniAperte>
    <Abbinamenti>0</Abbinamenti>
  </negoziazione_continua>
</NewDataSet>