<?xml version="1.0" standalone="yes"?>
<NewDataSet>
  <xs:schema id="NewDataSet" xmlns="" xmlns:xs="http://www.w3.org/2001/XMLSchema" xmlns:msdata="urn:schemas-microsoft-com:xml-msdata">
    <xs:element name="NewDataSet" msdata:IsDataSet="true" msdata:UseCurrentLocale="true">
      <xs:complexType>
        <xs:choice minOccurs="0" maxOccurs="unbounded">
          <xs:element name="negoziazione_continua">
            <xs:complexType>
              <xs:sequence>
                <xs:element name="DataSessione" type="xs:string" minOccurs="0" />
                <xs:element name="NomeProdotto" type="xs:string" minOccurs="0" />
                <xs:element name="PrimoPrezzo" type="xs:decimal" minOccurs="0" />
                <xs:element name="UltimoPrezzo" type="xs:decimal" minOccurs="0" />
                <xs:element name="PrezzoMassimo" type="xs:decimal" minOccurs="0" />
                <xs:element name="PrezzoMinimo" type="xs:decimal" minOccurs="0" />
                <xs:element name="PrezzoMedio" type="xs:decimal" minOccurs="0" />
                <xs:element name="PrezzoControllo" type="xs:decimal" minOccurs="0" />
                <xs:element name="Volumi" type="xs:decimal" minOccurs="0" />
                <xs:element name="PosizioniAperte" type="xs:decimal" minOccurs="0" />
                <xs:element name="Abbinamenti" type="xs:int" minOccurs="0" />
              </xs:sequence>
            </xs:complexType>
          </xs:element>
        </xs:choice>
      </xs:complexType>
    </xs:element>
  </xs:schema>
  <negoziazione_continua>
    <DataSessione>20170203</DataSessione>
    <NomeProdotto>MGP-2017-02-04</NomeProdotto>
    <PrimoPrezzo>22.8000</PrimoPrezzo>
    <UltimoPrezzo>22.8000</UltimoPrezzo>
    <PrezzoMassimo>22.8000</PrezzoMassimo>
    <PrezzoMinimo>22.8000</PrezzoMinimo>
    <PrezzoMedio>22.800000</PrezzoMedio>
    <PrezzoControllo>23.0880</PrezzoControllo>
    <Volumi>500.00000</Volumi>
    <PosizioniAperte>6500.000000</PosizioniAperte>
    <Abbinamenti>1</Abbinamenti>
  </negoziazione_continua>
  <negoziazione_continua>
    <DataSessione>20170203</DataSessione>
    <NomeProdotto>MGP-2017-02-05</NomeProdotto>
    <PrezzoControllo>23.0480</PrezzoControllo>
    <PosizioniAperte>8000.000000</PosizioniAperte>
    <Abbinamenti>0</Abbinamenti>
  </negoziazione_continua>
  <negoziazione_continua>
    <DataSessione>20170203</DataSessione>
    <NomeProdotto>MGP-2017-02-06</NomeProdotto>
    <PrezzoControllo>24.0540</PrezzoControllo>
    <PosizioniAperte>0.000000</PosizioniAperte>
    <Abbinamenti>0</Abbinamenti>
  </negoziazione_continua>
</NewDataSet>