<?xml version="1.0" standalone="yes"?>
<NewDataSet>
  <xs:schema id="NewDataSet" xmlns="" xmlns:xs="http://www.w3.org/2001/XMLSchema" xmlns:msdata="urn:schemas-microsoft-com:xml-msdata">
    <xs:element name="NewDataSet" msdata:IsDataSet="true" msdata:UseCurrentLocale="true">
      <xs:complexType>
        <xs:choice minOccurs="0" maxOccurs="unbounded">
          <xs:element name="Prezzi">
            <xs:complexType>
              <xs:sequence>
                <xs:element name="Data" type="xs:string" minOccurs="0" />
                <xs:element name="Mercato" type="xs:string" minOccurs="0" />
                <xs:element name="Ora" type="xs:string" minOccurs="0" />
                <xs:element name="PUN" type="xs:string" minOccurs="0" />
                <xs:element name="NAT" type="xs:string" minOccurs="0" />
                <xs:element name="CNOR" type="xs:string" minOccurs="0" />
                <xs:element name="CSUD" type="xs:string" minOccurs="0" />
                <xs:element name="NORD" type="xs:string" minOccurs="0" />
                <xs:element name="SARD" type="xs:string" minOccurs="0" />
                <xs:element name="SICI" type="xs:string" minOccurs="0" />
                <xs:element name="SUD" type="xs:string" minOccurs="0" />
                <xs:element name="AUST" type="xs:string" minOccurs="0" />
                <xs:element name="BRNN" type="xs:string" minOccurs="0" />
                <xs:element name="COAC" type="xs:string" minOccurs="0" />
                <xs:element name="CORS" type="xs:string" minOccurs="0" />
                <xs:element name="FOGN" type="xs:string" minOccurs="0" />
                <xs:element name="FRAN" type="xs:string" minOccurs="0" />
                <xs:element name="GREC" type="xs:string" minOccurs="0" />
                <xs:element name="MFTV" type="xs:string" minOccurs="0" />
                <xs:element name="PRGP" type="xs:string" minOccurs="0" />
                <xs:element name="ROSN" type="xs:string" minOccurs="0" />
                <xs:element name="SLOV" type="xs:string" minOccurs="0" />
                <xs:element name="SVIZ" type="xs:string" minOccurs="0" />
                <xs:element name="BSP" type="xs:string" minOccurs="0" />
              </xs:sequence>
            </xs:complexType>
          </xs:element>
        </xs:choice>
      </xs:complexType>
    </xs:element>
  </xs:schema>
  <Prezzi>
    <Data>20140617</Data>
    <Mercato>MGP</Mercato>
    <Ora>1</Ora>
    <PUN>46,145607</PUN>
    <NAT>42,740000</NAT>
    <CNOR>36,680000</CNOR>
    <CSUD>36,680000</CSUD>
    <NORD>36,680000</NORD>
    <SARD>169,530000</SARD>
    <SICI>90,000000</SICI>
    <SUD>36,680000</SUD>
    <AUST>36,680000</AUST>
    <BRNN>34,570000</BRNN>
    <COAC>169,530000</COAC>
    <CORS>169,530000</CORS>
    <FOGN>36,680000</FOGN>
    <FRAN>36,680000</FRAN>
    <GREC>34,570000</GREC>
    <MFTV>36,680000</MFTV>
    <PRGP>90,000000</PRGP>
    <ROSN>36,680000</ROSN>
    <SLOV>36,680000</SLOV>
    <SVIZ>36,680000</SVIZ>
    <BSP>36,680000</BSP>
  </Prezzi>
  <Prezzi>
    <Data>20140617</Data>
    <Mercato>MGP</Mercato>
    <Ora>2</Ora>
    <PUN>45,000000</PUN>
    <NAT>39,730000</NAT>
    <CNOR>36,584018</CNOR>
    <CSUD>36,584018</CSUD>
    <NORD>36,584018</NORD>
    <SARD>169,500000</SARD>
    <SICI>79,990000</SICI>
    <SUD>36,584018</SUD>
    <AUST>36,584018</AUST>
    <BRNN>34,570000</BRNN>
    <COAC>169,500000</COAC>
    <CORS>169,500000</CORS>
    <FOGN>36,584018</FOGN>
    <FRAN>36,584018</FRAN>
    <GREC>34,570000</GREC>
    <MFTV>36,584018</MFTV>
    <PRGP>79,990000</PRGP>
    <ROSN>36,584018</ROSN>
    <SLOV>36,584018</SLOV>
    <SVIZ>36,584018</SVIZ>
    <BSP>33,500000</BSP>
  </Prezzi>
  <Prezzi>
    <Data>20140617</Data>
    <Mercato>MGP</Mercato>
    <Ora>3</Ora>
    <PUN>42,200797</PUN>
    <NAT>36,990000</NAT>
    <CNOR>34,290000</CNOR>
    <CSUD>34,290000</CSUD>
    <NORD>34,290000</NORD>
    <SARD>169,500000</SARD>
    <SICI>66,900000</SICI>
    <SUD>34,290000</SUD>
    <AUST>34,290000</AUST>
    <BRNN>34,290000</BRNN>
    <COAC>169,500000</COAC>
    <CORS>169,500000</CORS>
    <FOGN>34,290000</FOGN>
    <FRAN>34,290000</FRAN>
    <GREC>34,290000</GREC>
    <MFTV>34,290000</MFTV>
    <PRGP>66,900000</PRGP>
    <ROSN>34,290000</ROSN>
    <SLOV>34,290000</SLOV>
    <SVIZ>34,290000</SVIZ>
    <BSP>31,100000</BSP>
  </Prezzi>
  <Prezzi>
    <Data>20140617</Data>
    <Mercato>MGP</Mercato>
    <Ora>4</Ora>
    <PUN>42,439484</PUN>
    <NAT>36,400000</NAT>
    <CNOR>34,290000</CNOR>
    <CSUD>34,290000</CSUD>
    <NORD>34,290000</NORD>
    <SARD>169,500000</SARD>
    <SICI>70,000000</SICI>
    <SUD>34,290000</SUD>
    <AUST>34,290000</AUST>
    <BRNN>34,290000</BRNN>
    <COAC>169,500000</COAC>
    <CORS>169,500000</CORS>
    <FOGN>34,290000</FOGN>
    <FRAN>34,290000</FRAN>
    <GREC>34,290000</GREC>
    <MFTV>34,290000</MFTV>
    <PRGP>70,000000</PRGP>
    <ROSN>34,290000</ROSN>
    <SLOV>34,290000</SLOV>
    <SVIZ>34,290000</SVIZ>
    <BSP>30,360000</BSP>
  </Prezzi>
  <Prezzi>
    <Data>20140617</Data>
    <Mercato>MGP</Mercato>
    <Ora>5</Ora>
    <PUN>42,677690</PUN>
    <NAT>37,050000</NAT>
    <CNOR>34,570000</CNOR>
    <CSUD>34,570000</CSUD>
    <NORD>34,570000</NORD>
    <SARD>169,500000</SARD>
    <SICI>70,000000</SICI>
    <SUD>34,570000</SUD>
    <AUST>34,570000</AUST>
    <BRNN>34,570000</BRNN>
    <COAC>169,500000</COAC>
    <CORS>169,500000</CORS>
    <FOGN>34,570000</FOGN>
    <FRAN>34,570000</FRAN>
    <GREC>34,570000</GREC>
    <MFTV>34,570000</MFTV>
    <PRGP>70,000000</PRGP>
    <ROSN>34,570000</ROSN>
    <SLOV>34,570000</SLOV>
    <SVIZ>34,570000</SVIZ>
    <BSP>30,900000</BSP>
  </Prezzi>
  <Prezzi>
    <Data>20140617</Data>
    <Mercato>MGP</Mercato>
    <Ora>6</Ora>
    <PUN>42,815002</PUN>
    <NAT>37,980000</NAT>
    <CNOR>34,570000</CNOR>
    <CSUD>34,570000</CSUD>
    <NORD>34,570000</NORD>
    <SARD>169,500000</SARD>
    <SICI>70,000000</SICI>
    <SUD>34,570000</SUD>
    <AUST>34,570000</AUST>
    <BRNN>34,570000</BRNN>
    <COAC>169,500000</COAC>
    <CORS>169,500000</CORS>
    <FOGN>34,570000</FOGN>
    <FRAN>34,570000</FRAN>
    <GREC>34,570000</GREC>
    <MFTV>34,570000</MFTV>
    <PRGP>70,000000</PRGP>
    <ROSN>34,570000</ROSN>
    <SLOV>34,570000</SLOV>
    <SVIZ>34,570000</SVIZ>
    <BSP>34,520000</BSP>
  </Prezzi>
  <Prezzi>
    <Data>20140617</Data>
    <Mercato>MGP</Mercato>
    <Ora>7</Ora>
    <PUN>45,270000</PUN>
    <NAT>43,150000</NAT>
    <CNOR>41,103830</CNOR>
    <CSUD>41,103830</CSUD>
    <NORD>41,103830</NORD>
    <SARD>99,000000</SARD>
    <SICI>70,000000</SICI>
    <SUD>41,103830</SUD>
    <AUST>41,103830</AUST>
    <BRNN>34,570000</BRNN>
    <COAC>99,000000</COAC>
    <CORS>99,000000</CORS>
    <FOGN>41,103830</FOGN>
    <FRAN>41,103830</FRAN>
    <GREC>34,570000</GREC>
    <MFTV>41,103830</MFTV>
    <PRGP>70,000000</PRGP>
    <ROSN>41,103830</ROSN>
    <SLOV>41,103830</SLOV>
    <SVIZ>41,103830</SVIZ>
    <BSP>41,103830</BSP>
  </Prezzi>
  <Prezzi>
    <Data>20140617</Data>
    <Mercato>MGP</Mercato>
    <Ora>8</Ora>
    <PUN>54,357201</PUN>
    <NAT>47,960000</NAT>
    <CNOR>46,290000</CNOR>
    <CSUD>46,290000</CSUD>
    <NORD>46,290000</NORD>
    <SARD>169,500000</SARD>
    <SICI>95,000000</SICI>
    <SUD>46,290000</SUD>
    <AUST>46,290000</AUST>
    <BRNN>34,570000</BRNN>
    <COAC>169,500000</COAC>
    <CORS>169,500000</CORS>
    <FOGN>46,290000</FOGN>
    <FRAN>46,290000</FRAN>
    <GREC>34,570000</GREC>
    <MFTV>46,290000</MFTV>
    <PRGP>95,000000</PRGP>
    <ROSN>46,290000</ROSN>
    <SLOV>46,290000</SLOV>
    <SVIZ>46,290000</SVIZ>
    <BSP>46,290000</BSP>
  </Prezzi>
  <Prezzi>
    <Data>20140617</Data>
    <Mercato>MGP</Mercato>
    <Ora>9</Ora>
    <PUN>67,790937</PUN>
    <NAT>56,340000</NAT>
    <CNOR>55,000000</CNOR>
    <CSUD>55,000000</CSUD>
    <NORD>55,000000</NORD>
    <SARD>275,220000</SARD>
    <SICI>130,000000</SICI>
    <SUD>55,000000</SUD>
    <AUST>55,000000</AUST>
    <BRNN>34,710000</BRNN>
    <COAC>275,220000</COAC>
    <CORS>275,220000</CORS>
    <FOGN>55,000000</FOGN>
    <FRAN>55,000000</FRAN>
    <GREC>34,710000</GREC>
    <MFTV>55,000000</MFTV>
    <PRGP>130,000000</PRGP>
    <ROSN>55,000000</ROSN>
    <SLOV>55,000000</SLOV>
    <SVIZ>55,000000</SVIZ>
    <BSP>55,000000</BSP>
  </Prezzi>
  <Prezzi>
    <Data>20140617</Data>
    <Mercato>MGP</Mercato>
    <Ora>10</Ora>
    <PUN>69,167435</PUN>
    <NAT>60,000000</NAT>
    <CNOR>56,450000</CNOR>
    <CSUD>56,450000</CSUD>
    <NORD>56,450000</NORD>
    <SARD>275,220000</SARD>
    <SICI>135,000000</SICI>
    <SUD>56,450000</SUD>
    <AUST>56,450000</AUST>
    <BRNN>34,710000</BRNN>
    <COAC>275,220000</COAC>
    <CORS>275,220000</CORS>
    <FOGN>56,450000</FOGN>
    <FRAN>56,450000</FRAN>
    <GREC>34,710000</GREC>
    <MFTV>56,450000</MFTV>
    <PRGP>135,000000</PRGP>
    <ROSN>56,450000</ROSN>
    <SLOV>56,450000</SLOV>
    <SVIZ>56,450000</SVIZ>
    <BSP>56,450000</BSP>
  </Prezzi>
  <Prezzi>
    <Data>20140617</Data>
    <Mercato>MGP</Mercato>
    <Ora>11</Ora>
    <PUN>62,245568</PUN>
    <NAT>53,990000</NAT>
    <CNOR>53,210000</CNOR>
    <CSUD>53,210000</CSUD>
    <NORD>53,210000</NORD>
    <SARD>169,510000</SARD>
    <SICI>135,000000</SICI>
    <SUD>53,210000</SUD>
    <AUST>53,210000</AUST>
    <BRNN>34,570000</BRNN>
    <COAC>169,510000</COAC>
    <CORS>169,510000</CORS>
    <FOGN>53,210000</FOGN>
    <FRAN>53,210000</FRAN>
    <GREC>34,570000</GREC>
    <MFTV>53,210000</MFTV>
    <PRGP>135,000000</PRGP>
    <ROSN>53,210000</ROSN>
    <SLOV>53,210000</SLOV>
    <SVIZ>53,210000</SVIZ>
    <BSP>53,210000</BSP>
  </Prezzi>
  <Prezzi>
    <Data>20140617</Data>
    <Mercato>MGP</Mercato>
    <Ora>12</Ora>
    <PUN>59,000000</PUN>
    <NAT>51,700000</NAT>
    <CNOR>50,000000</CNOR>
    <CSUD>50,000000</CSUD>
    <NORD>50,000000</NORD>
    <SARD>169,500000</SARD>
    <SICI>130,010000</SICI>
    <SUD>50,000000</SUD>
    <AUST>50,000000</AUST>
    <BRNN>34,570000</BRNN>
    <COAC>169,500000</COAC>
    <CORS>169,500000</CORS>
    <FOGN>50,000000</FOGN>
    <FRAN>50,000000</FRAN>
    <GREC>34,570000</GREC>
    <MFTV>50,000000</MFTV>
    <PRGP>130,010000</PRGP>
    <ROSN>50,000000</ROSN>
    <SLOV>50,000000</SLOV>
    <SVIZ>50,000000</SVIZ>
    <BSP>50,000000</BSP>
  </Prezzi>
  <Prezzi>
    <Data>20140617</Data>
    <Mercato>MGP</Mercato>
    <Ora>13</Ora>
    <PUN>56,311926</PUN>
    <NAT>48,100000</NAT>
    <CNOR>48,000000</CNOR>
    <CSUD>48,000000</CSUD>
    <NORD>48,000000</NORD>
    <SARD>169,500000</SARD>
    <SICI>109,990000</SICI>
    <SUD>48,000000</SUD>
    <AUST>48,000000</AUST>
    <BRNN>34,570000</BRNN>
    <COAC>169,500000</COAC>
    <CORS>169,500000</CORS>
    <FOGN>48,000000</FOGN>
    <FRAN>48,000000</FRAN>
    <GREC>34,570000</GREC>
    <MFTV>48,000000</MFTV>
    <PRGP>109,990000</PRGP>
    <ROSN>48,000000</ROSN>
    <SLOV>48,000000</SLOV>
    <SVIZ>48,000000</SVIZ>
    <BSP>48,000000</BSP>
  </Prezzi>
  <Prezzi>
    <Data>20140617</Data>
    <Mercato>MGP</Mercato>
    <Ora>14</Ora>
    <PUN>54,294623</PUN>
    <NAT>48,000000</NAT>
    <CNOR>48,000000</CNOR>
    <CSUD>48,000000</CSUD>
    <NORD>48,000000</NORD>
    <SARD>169,500000</SARD>
    <SICI>81,000000</SICI>
    <SUD>48,000000</SUD>
    <AUST>48,000000</AUST>
    <BRNN>34,570000</BRNN>
    <COAC>169,500000</COAC>
    <CORS>169,500000</CORS>
    <FOGN>48,000000</FOGN>
    <FRAN>48,000000</FRAN>
    <GREC>34,570000</GREC>
    <MFTV>48,000000</MFTV>
    <PRGP>81,000000</PRGP>
    <ROSN>48,000000</ROSN>
    <SLOV>48,000000</SLOV>
    <SVIZ>48,000000</SVIZ>
    <BSP>48,000000</BSP>
  </Prezzi>
  <Prezzi>
    <Data>20140617</Data>
    <Mercato>MGP</Mercato>
    <Ora>15</Ora>
    <PUN>58,055450</PUN>
    <NAT>51,150000</NAT>
    <CNOR>52,490000</CNOR>
    <CSUD>52,490000</CSUD>
    <NORD>52,490000</NORD>
    <SARD>169,500000</SARD>
    <SICI>81,000000</SICI>
    <SUD>52,490000</SUD>
    <AUST>52,490000</AUST>
    <BRNN>34,570000</BRNN>
    <COAC>169,500000</COAC>
    <CORS>169,500000</CORS>
    <FOGN>52,490000</FOGN>
    <FRAN>52,490000</FRAN>
    <GREC>34,570000</GREC>
    <MFTV>52,490000</MFTV>
    <PRGP>81,000000</PRGP>
    <ROSN>52,490000</ROSN>
    <SLOV>52,490000</SLOV>
    <SVIZ>52,490000</SVIZ>
    <BSP>52,490000</BSP>
  </Prezzi>
  <Prezzi>
    <Data>20140617</Data>
    <Mercato>MGP</Mercato>
    <Ora>16</Ora>
    <PUN>58,215914</PUN>
    <NAT>54,320000</NAT>
    <CNOR>55,330000</CNOR>
    <CSUD>55,330000</CSUD>
    <NORD>55,330000</NORD>
    <SARD>99,000000</SARD>
    <SICI>81,000000</SICI>
    <SUD>55,330000</SUD>
    <AUST>55,330000</AUST>
    <BRNN>34,570000</BRNN>
    <COAC>99,000000</COAC>
    <CORS>99,000000</CORS>
    <FOGN>55,330000</FOGN>
    <FRAN>55,330000</FRAN>
    <GREC>34,570000</GREC>
    <MFTV>55,330000</MFTV>
    <PRGP>81,000000</PRGP>
    <ROSN>55,330000</ROSN>
    <SLOV>55,330000</SLOV>
    <SVIZ>55,330000</SVIZ>
    <BSP>55,330000</BSP>
  </Prezzi>
  <Prezzi>
    <Data>20140617</Data>
    <Mercato>MGP</Mercato>
    <Ora>17</Ora>
    <PUN>59,649060</PUN>
    <NAT>53,210000</NAT>
    <CNOR>53,210000</CNOR>
    <CSUD>53,210000</CSUD>
    <NORD>53,210000</NORD>
    <SARD>169,500000</SARD>
    <SICI>95,010000</SICI>
    <SUD>53,210000</SUD>
    <AUST>53,210000</AUST>
    <BRNN>34,570000</BRNN>
    <COAC>169,500000</COAC>
    <CORS>169,500000</CORS>
    <FOGN>53,210000</FOGN>
    <FRAN>53,210000</FRAN>
    <GREC>34,570000</GREC>
    <MFTV>53,210000</MFTV>
    <PRGP>95,010000</PRGP>
    <ROSN>53,210000</ROSN>
    <SLOV>53,210000</SLOV>
    <SVIZ>53,210000</SVIZ>
    <BSP>53,210000</BSP>
  </Prezzi>
  <Prezzi>
    <Data>20140617</Data>
    <Mercato>MGP</Mercato>
    <Ora>18</Ora>
    <PUN>60,744320</PUN>
    <NAT>52,990000</NAT>
    <CNOR>51,740000</CNOR>
    <CSUD>51,740000</CSUD>
    <NORD>51,740000</NORD>
    <SARD>169,500000</SARD>
    <SICI>133,890000</SICI>
    <SUD>51,740000</SUD>
    <AUST>51,740000</AUST>
    <BRNN>34,290000</BRNN>
    <COAC>169,500000</COAC>
    <CORS>169,500000</CORS>
    <FOGN>51,740000</FOGN>
    <FRAN>51,740000</FRAN>
    <GREC>34,290000</GREC>
    <MFTV>51,740000</MFTV>
    <PRGP>133,890000</PRGP>
    <ROSN>51,740000</ROSN>
    <SLOV>51,740000</SLOV>
    <SVIZ>51,740000</SVIZ>
    <BSP>51,740000</BSP>
  </Prezzi>
  <Prezzi>
    <Data>20140617</Data>
    <Mercato>MGP</Mercato>
    <Ora>19</Ora>
    <PUN>64,700083</PUN>
    <NAT>52,990000</NAT>
    <CNOR>51,150000</CNOR>
    <CSUD>51,150000</CSUD>
    <NORD>51,150000</NORD>
    <SARD>275,220000</SARD>
    <SICI>133,890000</SICI>
    <SUD>51,150000</SUD>
    <AUST>51,150000</AUST>
    <BRNN>34,570000</BRNN>
    <COAC>275,220000</COAC>
    <CORS>275,220000</CORS>
    <FOGN>51,150000</FOGN>
    <FRAN>51,150000</FRAN>
    <GREC>34,570000</GREC>
    <MFTV>51,150000</MFTV>
    <PRGP>133,890000</PRGP>
    <ROSN>51,150000</ROSN>
    <SLOV>51,150000</SLOV>
    <SVIZ>51,150000</SVIZ>
    <BSP>51,150000</BSP>
  </Prezzi>
  <Prezzi>
    <Data>20140617</Data>
    <Mercato>MGP</Mercato>
    <Ora>20</Ora>
    <PUN>62,191174</PUN>
    <NAT>53,210000</NAT>
    <CNOR>52,690000</CNOR>
    <CSUD>52,690000</CSUD>
    <NORD>52,690000</NORD>
    <SARD>169,500000</SARD>
    <SICI>133,890000</SICI>
    <SUD>52,690000</SUD>
    <AUST>52,690000</AUST>
    <BRNN>34,570000</BRNN>
    <COAC>169,500000</COAC>
    <CORS>169,500000</CORS>
    <FOGN>52,690000</FOGN>
    <FRAN>52,690000</FRAN>
    <GREC>34,570000</GREC>
    <MFTV>52,690000</MFTV>
    <PRGP>133,890000</PRGP>
    <ROSN>52,690000</ROSN>
    <SLOV>52,690000</SLOV>
    <SVIZ>52,690000</SVIZ>
    <BSP>50,830000</BSP>
  </Prezzi>
  <Prezzi>
    <Data>20140617</Data>
    <Mercato>MGP</Mercato>
    <Ora>21</Ora>
    <PUN>62,846638</PUN>
    <NAT>53,520000</NAT>
    <CNOR>52,690000</CNOR>
    <CSUD>52,690000</CSUD>
    <NORD>52,690000</NORD>
    <SARD>169,500000</SARD>
    <SICI>135,740000</SICI>
    <SUD>52,690000</SUD>
    <AUST>52,690000</AUST>
    <BRNN>34,570000</BRNN>
    <COAC>169,500000</COAC>
    <CORS>169,500000</CORS>
    <FOGN>52,690000</FOGN>
    <FRAN>52,690000</FRAN>
    <GREC>34,570000</GREC>
    <MFTV>52,690000</MFTV>
    <PRGP>135,740000</PRGP>
    <ROSN>52,690000</ROSN>
    <SLOV>52,690000</SLOV>
    <SVIZ>52,690000</SVIZ>
    <BSP>52,690000</BSP>
  </Prezzi>
  <Prezzi>
    <Data>20140617</Data>
    <Mercato>MGP</Mercato>
    <Ora>22</Ora>
    <PUN>69,500336</PUN>
    <NAT>60,000000</NAT>
    <CNOR>55,000000</CNOR>
    <CSUD>55,000000</CSUD>
    <NORD>55,000000</NORD>
    <SARD>275,220000</SARD>
    <SICI>135,740000</SICI>
    <SUD>55,000000</SUD>
    <AUST>55,000000</AUST>
    <BRNN>34,570000</BRNN>
    <COAC>275,220000</COAC>
    <CORS>275,220000</CORS>
    <FOGN>55,000000</FOGN>
    <FRAN>55,000000</FRAN>
    <GREC>34,570000</GREC>
    <MFTV>55,000000</MFTV>
    <PRGP>135,740000</PRGP>
    <ROSN>55,000000</ROSN>
    <SLOV>55,000000</SLOV>
    <SVIZ>55,000000</SVIZ>
    <BSP>54,380000</BSP>
  </Prezzi>
  <Prezzi>
    <Data>20140617</Data>
    <Mercato>MGP</Mercato>
    <Ora>23</Ora>
    <PUN>63,624280</PUN>
    <NAT>51,120000</NAT>
    <CNOR>48,330000</CNOR>
    <CSUD>48,330000</CSUD>
    <NORD>48,330000</NORD>
    <SARD>276,160000</SARD>
    <SICI>133,900000</SICI>
    <SUD>48,330000</SUD>
    <AUST>48,330000</AUST>
    <BRNN>34,570000</BRNN>
    <COAC>276,160000</COAC>
    <CORS>276,160000</CORS>
    <FOGN>48,330000</FOGN>
    <FRAN>48,330000</FRAN>
    <GREC>34,570000</GREC>
    <MFTV>48,330000</MFTV>
    <PRGP>133,900000</PRGP>
    <ROSN>48,330000</ROSN>
    <SLOV>48,330000</SLOV>
    <SVIZ>48,330000</SVIZ>
    <BSP>48,330000</BSP>
  </Prezzi>
  <Prezzi>
    <Data>20140617</Data>
    <Mercato>MGP</Mercato>
    <Ora>24</Ora>
    <PUN>61,154006</PUN>
    <NAT>46,500000</NAT>
    <CNOR>45,000000</CNOR>
    <CSUD>45,000000</CSUD>
    <NORD>45,000000</NORD>
    <SARD>276,160000</SARD>
    <SICI>133,890000</SICI>
    <SUD>45,000000</SUD>
    <AUST>45,000000</AUST>
    <BRNN>34,710000</BRNN>
    <COAC>276,160000</COAC>
    <CORS>276,160000</CORS>
    <FOGN>45,000000</FOGN>
    <FRAN>45,000000</FRAN>
    <GREC>34,710000</GREC>
    <MFTV>45,000000</MFTV>
    <PRGP>133,890000</PRGP>
    <ROSN>45,000000</ROSN>
    <SLOV>45,000000</SLOV>
    <SVIZ>45,000000</SVIZ>
    <BSP>45,000000</BSP>
  </Prezzi>
</NewDataSet>