<?xml version="1.0" standalone="yes"?>
<NewDataSet>
  <xs:schema id="NewDataSet" xmlns="" xmlns:xs="http://www.w3.org/2001/XMLSchema" xmlns:msdata="urn:schemas-microsoft-com:xml-msdata">
    <xs:element name="NewDataSet" msdata:IsDataSet="true" msdata:MainDataTable="marketintervaldetail" msdata:UseCurrentLocale="true">
      <xs:complexType>
        <xs:choice minOccurs="0" maxOccurs="unbounded">
          <xs:element name="marketintervaldetail">
            <xs:complexType>
              <xs:sequence>
                <xs:element name="Data" type="xs:string" minOccurs="0" />
                <xs:element name="Mercato" type="xs:string" minOccurs="0" />
                <xs:element name="Ora" type="xs:string" minOccurs="0" />
                <xs:element name="Totale" type="xs:string" minOccurs="0" />
                <xs:element name="CNOR" type="xs:string" minOccurs="0" />
                <xs:element name="CSUD" type="xs:string" minOccurs="0" />
                <xs:element name="NORD" type="xs:string" minOccurs="0" />
                <xs:element name="SARD" type="xs:string" minOccurs="0" />
                <xs:element name="SICI" type="xs:string" minOccurs="0" />
                <xs:element name="SUD" type="xs:string" minOccurs="0" />
              </xs:sequence>
            </xs:complexType>
          </xs:element>
        </xs:choice>
      </xs:complexType>
    </xs:element>
  </xs:schema>
  <marketintervaldetail>
    <Data>20140604</Data>
    <Mercato>MGP</Mercato>
    <Ora>01</Ora>
    <Totale>27676</Totale>
    <CNOR>2848</CNOR>
    <CSUD>4220</CSUD>
    <NORD>15644</NORD>
    <SARD>823</SARD>
    <SICI>1623</SICI>
    <SUD>2518</SUD>
  </marketintervaldetail>
  <marketintervaldetail>
    <Data>20140604</Data>
    <Mercato>MGP</Mercato>
    <Ora>02</Ora>
    <Totale>25996</Totale>
    <CNOR>2670</CNOR>
    <CSUD>3898</CSUD>
    <NORD>14775</NORD>
    <SARD>774</SARD>
    <SICI>1495</SICI>
    <SUD>2384</SUD>
  </marketintervaldetail>
  <marketintervaldetail>
    <Data>20140604</Data>
    <Mercato>MGP</Mercato>
    <Ora>03</Ora>
    <Totale>25204</Totale>
    <CNOR>2622</CNOR>
    <CSUD>3749</CSUD>
    <NORD>14350</NORD>
    <SARD>750</SARD>
    <SICI>1412</SICI>
    <SUD>2321</SUD>
  </marketintervaldetail>
  <marketintervaldetail>
    <Data>20140604</Data>
    <Mercato>MGP</Mercato>
    <Ora>04</Ora>
    <Totale>24951</Totale>
    <CNOR>2550</CNOR>
    <CSUD>3684</CSUD>
    <NORD>14253</NORD>
    <SARD>743</SARD>
    <SICI>1399</SICI>
    <SUD>2322</SUD>
  </marketintervaldetail>
  <marketintervaldetail>
    <Data>20140604</Data>
    <Mercato>MGP</Mercato>
    <Ora>05</Ora>
    <Totale>25184</Totale>
    <CNOR>2535</CNOR>
    <CSUD>3670</CSUD>
    <NORD>14473</NORD>
    <SARD>732</SARD>
    <SICI>1423</SICI>
    <SUD>2351</SUD>
  </marketintervaldetail>
  <marketintervaldetail>
    <Data>20140604</Data>
    <Mercato>MGP</Mercato>
    <Ora>06</Ora>
    <Totale>25434</Totale>
    <CNOR>2502</CNOR>
    <CSUD>3638</CSUD>
    <NORD>14846</NORD>
    <SARD>742</SARD>
    <SICI>1460</SICI>
    <SUD>2246</SUD>
  </marketintervaldetail>
  <marketintervaldetail>
    <Data>20140604</Data>
    <Mercato>MGP</Mercato>
    <Ora>07</Ora>
    <Totale>28075</Totale>
    <CNOR>2798</CNOR>
    <CSUD>3972</CSUD>
    <NORD>16566</NORD>
    <SARD>788</SARD>
    <SICI>1558</SICI>
    <SUD>2393</SUD>
  </marketintervaldetail>
  <marketintervaldetail>
    <Data>20140604</Data>
    <Mercato>MGP</Mercato>
    <Ora>08</Ora>
    <Totale>33415</Totale>
    <CNOR>3371</CNOR>
    <CSUD>4843</CSUD>
    <NORD>19547</NORD>
    <SARD>914</SARD>
    <SICI>1898</SICI>
    <SUD>2842</SUD>
  </marketintervaldetail>
  <marketintervaldetail>
    <Data>20140604</Data>
    <Mercato>MGP</Mercato>
    <Ora>09</Ora>
    <Totale>38328</Totale>
    <CNOR>3937</CNOR>
    <CSUD>5699</CSUD>
    <NORD>22258</NORD>
    <SARD>977</SARD>
    <SICI>2163</SICI>
    <SUD>3294</SUD>
  </marketintervaldetail>
  <marketintervaldetail>
    <Data>20140604</Data>
    <Mercato>MGP</Mercato>
    <Ora>10</Ora>
    <Totale>39887</Totale>
    <CNOR>4107</CNOR>
    <CSUD>6046</CSUD>
    <NORD>23069</NORD>
    <SARD>1018</SARD>
    <SICI>2219</SICI>
    <SUD>3428</SUD>
  </marketintervaldetail>
  <marketintervaldetail>
    <Data>20140604</Data>
    <Mercato>MGP</Mercato>
    <Ora>11</Ora>
    <Totale>40039</Totale>
    <CNOR>4170</CNOR>
    <CSUD>6177</CSUD>
    <NORD>23094</NORD>
    <SARD>1028</SARD>
    <SICI>2235</SICI>
    <SUD>3335</SUD>
  </marketintervaldetail>
  <marketintervaldetail>
    <Data>20140604</Data>
    <Mercato>MGP</Mercato>
    <Ora>12</Ora>
    <Totale>39816</Totale>
    <CNOR>4305</CNOR>
    <CSUD>6263</CSUD>
    <NORD>22775</NORD>
    <SARD>1000</SARD>
    <SICI>2257</SICI>
    <SUD>3216</SUD>
  </marketintervaldetail>
  <marketintervaldetail>
    <Data>20140604</Data>
    <Mercato>MGP</Mercato>
    <Ora>13</Ora>
    <Totale>37438</Totale>
    <CNOR>3994</CNOR>
    <CSUD>6074</CSUD>
    <NORD>21036</NORD>
    <SARD>988</SARD>
    <SICI>2443</SICI>
    <SUD>2903</SUD>
  </marketintervaldetail>
  <marketintervaldetail>
    <Data>20140604</Data>
    <Mercato>MGP</Mercato>
    <Ora>14</Ora>
    <Totale>37150</Totale>
    <CNOR>3937</CNOR>
    <CSUD>5875</CSUD>
    <NORD>21528</NORD>
    <SARD>939</SARD>
    <SICI>2290</SICI>
    <SUD>2581</SUD>
  </marketintervaldetail>
  <marketintervaldetail>
    <Data>20140604</Data>
    <Mercato>MGP</Mercato>
    <Ora>15</Ora>
    <Totale>39012</Totale>
    <CNOR>4211</CNOR>
    <CSUD>5986</CSUD>
    <NORD>23104</NORD>
    <SARD>921</SARD>
    <SICI>2164</SICI>
    <SUD>2626</SUD>
  </marketintervaldetail>
  <marketintervaldetail>
    <Data>20140604</Data>
    <Mercato>MGP</Mercato>
    <Ora>16</Ora>
    <Totale>39189</Totale>
    <CNOR>4202</CNOR>
    <CSUD>5869</CSUD>
    <NORD>23389</NORD>
    <SARD>926</SARD>
    <SICI>2142</SICI>
    <SUD>2661</SUD>
  </marketintervaldetail>
  <marketintervaldetail>
    <Data>20140604</Data>
    <Mercato>MGP</Mercato>
    <Ora>17</Ora>
    <Totale>38809</Totale>
    <CNOR>4116</CNOR>
    <CSUD>5768</CSUD>
    <NORD>23052</NORD>
    <SARD>955</SARD>
    <SICI>2234</SICI>
    <SUD>2684</SUD>
  </marketintervaldetail>
  <marketintervaldetail>
    <Data>20140604</Data>
    <Mercato>MGP</Mercato>
    <Ora>18</Ora>
    <Totale>37972</Totale>
    <CNOR>4007</CNOR>
    <CSUD>5649</CSUD>
    <NORD>22248</NORD>
    <SARD>929</SARD>
    <SICI>2288</SICI>
    <SUD>2851</SUD>
  </marketintervaldetail>
  <marketintervaldetail>
    <Data>20140604</Data>
    <Mercato>MGP</Mercato>
    <Ora>19</Ora>
    <Totale>36523</Totale>
    <CNOR>3786</CNOR>
    <CSUD>5486</CSUD>
    <NORD>21192</NORD>
    <SARD>930</SARD>
    <SICI>2290</SICI>
    <SUD>2839</SUD>
  </marketintervaldetail>
  <marketintervaldetail>
    <Data>20140604</Data>
    <Mercato>MGP</Mercato>
    <Ora>20</Ora>
    <Totale>36032</Totale>
    <CNOR>3780</CNOR>
    <CSUD>5526</CSUD>
    <NORD>20668</NORD>
    <SARD>967</SARD>
    <SICI>2297</SICI>
    <SUD>2794</SUD>
  </marketintervaldetail>
  <marketintervaldetail>
    <Data>20140604</Data>
    <Mercato>MGP</Mercato>
    <Ora>21</Ora>
    <Totale>36458</Totale>
    <CNOR>3666</CNOR>
    <CSUD>5813</CSUD>
    <NORD>20379</NORD>
    <SARD>1042</SARD>
    <SICI>2430</SICI>
    <SUD>3128</SUD>
  </marketintervaldetail>
  <marketintervaldetail>
    <Data>20140604</Data>
    <Mercato>MGP</Mercato>
    <Ora>22</Ora>
    <Totale>36632</Totale>
    <CNOR>3769</CNOR>
    <CSUD>5904</CSUD>
    <NORD>20349</NORD>
    <SARD>1074</SARD>
    <SICI>2389</SICI>
    <SUD>3147</SUD>
  </marketintervaldetail>
  <marketintervaldetail>
    <Data>20140604</Data>
    <Mercato>MGP</Mercato>
    <Ora>23</Ora>
    <Totale>33877</Totale>
    <CNOR>3568</CNOR>
    <CSUD>5402</CSUD>
    <NORD>18821</NORD>
    <SARD>998</SARD>
    <SICI>2202</SICI>
    <SUD>2886</SUD>
  </marketintervaldetail>
  <marketintervaldetail>
    <Data>20140604</Data>
    <Mercato>MGP</Mercato>
    <Ora>24</Ora>
    <Totale>31056</Totale>
    <CNOR>3274</CNOR>
    <CSUD>4814</CSUD>
    <NORD>17456</NORD>
    <SARD>924</SARD>
    <SICI>1970</SICI>
    <SUD>2618</SUD>
  </marketintervaldetail>
</NewDataSet>