<?xml version="1.0" standalone="yes"?>
<NewDataSet>
  <xs:schema id="NewDataSet" xmlns="" xmlns:xs="http://www.w3.org/2001/XMLSchema" xmlns:msdata="urn:schemas-microsoft-com:xml-msdata">
    <xs:element name="NewDataSet" msdata:IsDataSet="true" msdata:MainDataTable="marketintervaldetail" msdata:UseCurrentLocale="true">
      <xs:complexType>
        <xs:choice minOccurs="0" maxOccurs="unbounded">
          <xs:element name="marketintervaldetail">
            <xs:complexType>
              <xs:sequence>
                <xs:element name="Data" type="xs:string" minOccurs="0" />
                <xs:element name="Mercato" type="xs:string" minOccurs="0" />
                <xs:element name="Ora" type="xs:string" minOccurs="0" />
                <xs:element name="Totale" type="xs:string" minOccurs="0" />
                <xs:element name="CNOR" type="xs:string" minOccurs="0" />
                <xs:element name="CSUD" type="xs:string" minOccurs="0" />
                <xs:element name="NORD" type="xs:string" minOccurs="0" />
                <xs:element name="SARD" type="xs:string" minOccurs="0" />
                <xs:element name="SICI" type="xs:string" minOccurs="0" />
                <xs:element name="SUD" type="xs:string" minOccurs="0" />
              </xs:sequence>
            </xs:complexType>
          </xs:element>
        </xs:choice>
      </xs:complexType>
    </xs:element>
  </xs:schema>
  <marketintervaldetail>
    <Data>20140610</Data>
    <Mercato>MGP</Mercato>
    <Ora>01</Ora>
    <Totale>29086</Totale>
    <CNOR>2806</CNOR>
    <CSUD>4529</CSUD>
    <NORD>16811</NORD>
    <SARD>879</SARD>
    <SICI>1759</SICI>
    <SUD>2302</SUD>
  </marketintervaldetail>
  <marketintervaldetail>
    <Data>20140610</Data>
    <Mercato>MGP</Mercato>
    <Ora>02</Ora>
    <Totale>27337</Totale>
    <CNOR>2591</CNOR>
    <CSUD>4163</CSUD>
    <NORD>16024</NORD>
    <SARD>834</SARD>
    <SICI>1583</SICI>
    <SUD>2142</SUD>
  </marketintervaldetail>
  <marketintervaldetail>
    <Data>20140610</Data>
    <Mercato>MGP</Mercato>
    <Ora>03</Ora>
    <Totale>26343</Totale>
    <CNOR>2578</CNOR>
    <CSUD>3962</CSUD>
    <NORD>15416</NORD>
    <SARD>798</SARD>
    <SICI>1513</SICI>
    <SUD>2076</SUD>
  </marketintervaldetail>
  <marketintervaldetail>
    <Data>20140610</Data>
    <Mercato>MGP</Mercato>
    <Ora>04</Ora>
    <Totale>25992</Totale>
    <CNOR>2445</CNOR>
    <CSUD>3876</CSUD>
    <NORD>15315</NORD>
    <SARD>789</SARD>
    <SICI>1499</SICI>
    <SUD>2068</SUD>
  </marketintervaldetail>
  <marketintervaldetail>
    <Data>20140610</Data>
    <Mercato>MGP</Mercato>
    <Ora>05</Ora>
    <Totale>26075</Totale>
    <CNOR>2436</CNOR>
    <CSUD>3925</CSUD>
    <NORD>15365</NORD>
    <SARD>795</SARD>
    <SICI>1506</SICI>
    <SUD>2048</SUD>
  </marketintervaldetail>
  <marketintervaldetail>
    <Data>20140610</Data>
    <Mercato>MGP</Mercato>
    <Ora>06</Ora>
    <Totale>26251</Totale>
    <CNOR>2441</CNOR>
    <CSUD>3910</CSUD>
    <NORD>15667</NORD>
    <SARD>805</SARD>
    <SICI>1497</SICI>
    <SUD>1931</SUD>
  </marketintervaldetail>
  <marketintervaldetail>
    <Data>20140610</Data>
    <Mercato>MGP</Mercato>
    <Ora>07</Ora>
    <Totale>29466</Totale>
    <CNOR>2755</CNOR>
    <CSUD>4344</CSUD>
    <NORD>17823</NORD>
    <SARD>847</SARD>
    <SICI>1607</SICI>
    <SUD>2090</SUD>
  </marketintervaldetail>
  <marketintervaldetail>
    <Data>20140610</Data>
    <Mercato>MGP</Mercato>
    <Ora>08</Ora>
    <Totale>34994</Totale>
    <CNOR>3379</CNOR>
    <CSUD>5140</CSUD>
    <NORD>20992</NORD>
    <SARD>976</SARD>
    <SICI>1961</SICI>
    <SUD>2546</SUD>
  </marketintervaldetail>
  <marketintervaldetail>
    <Data>20140610</Data>
    <Mercato>MGP</Mercato>
    <Ora>09</Ora>
    <Totale>40601</Totale>
    <CNOR>4066</CNOR>
    <CSUD>6037</CSUD>
    <NORD>24262</NORD>
    <SARD>1072</SARD>
    <SICI>2270</SICI>
    <SUD>2894</SUD>
  </marketintervaldetail>
  <marketintervaldetail>
    <Data>20140610</Data>
    <Mercato>MGP</Mercato>
    <Ora>10</Ora>
    <Totale>42876</Totale>
    <CNOR>4339</CNOR>
    <CSUD>6570</CSUD>
    <NORD>25368</NORD>
    <SARD>1113</SARD>
    <SICI>2379</SICI>
    <SUD>3107</SUD>
  </marketintervaldetail>
  <marketintervaldetail>
    <Data>20140610</Data>
    <Mercato>MGP</Mercato>
    <Ora>11</Ora>
    <Totale>43563</Totale>
    <CNOR>4620</CNOR>
    <CSUD>6675</CSUD>
    <NORD>25612</NORD>
    <SARD>1130</SARD>
    <SICI>2389</SICI>
    <SUD>3137</SUD>
  </marketintervaldetail>
  <marketintervaldetail>
    <Data>20140610</Data>
    <Mercato>MGP</Mercato>
    <Ora>12</Ora>
    <Totale>43836</Totale>
    <CNOR>4791</CNOR>
    <CSUD>6767</CSUD>
    <NORD>25588</NORD>
    <SARD>1157</SARD>
    <SICI>2387</SICI>
    <SUD>3146</SUD>
  </marketintervaldetail>
  <marketintervaldetail>
    <Data>20140610</Data>
    <Mercato>MGP</Mercato>
    <Ora>13</Ora>
    <Totale>42096</Totale>
    <CNOR>4512</CNOR>
    <CSUD>6788</CSUD>
    <NORD>24351</NORD>
    <SARD>1117</SARD>
    <SICI>2416</SICI>
    <SUD>2912</SUD>
  </marketintervaldetail>
  <marketintervaldetail>
    <Data>20140610</Data>
    <Mercato>MGP</Mercato>
    <Ora>14</Ora>
    <Totale>41707</Totale>
    <CNOR>4369</CNOR>
    <CSUD>6745</CSUD>
    <NORD>24489</NORD>
    <SARD>989</SARD>
    <SICI>2357</SICI>
    <SUD>2758</SUD>
  </marketintervaldetail>
  <marketintervaldetail>
    <Data>20140610</Data>
    <Mercato>MGP</Mercato>
    <Ora>15</Ora>
    <Totale>43020</Totale>
    <CNOR>4659</CNOR>
    <CSUD>6824</CSUD>
    <NORD>25540</NORD>
    <SARD>1031</SARD>
    <SICI>2317</SICI>
    <SUD>2649</SUD>
  </marketintervaldetail>
  <marketintervaldetail>
    <Data>20140610</Data>
    <Mercato>MGP</Mercato>
    <Ora>16</Ora>
    <Totale>43532</Totale>
    <CNOR>4703</CNOR>
    <CSUD>6774</CSUD>
    <NORD>26027</NORD>
    <SARD>1038</SARD>
    <SICI>2313</SICI>
    <SUD>2677</SUD>
  </marketintervaldetail>
  <marketintervaldetail>
    <Data>20140610</Data>
    <Mercato>MGP</Mercato>
    <Ora>17</Ora>
    <Totale>43101</Totale>
    <CNOR>4475</CNOR>
    <CSUD>6829</CSUD>
    <NORD>25638</NORD>
    <SARD>1026</SARD>
    <SICI>2334</SICI>
    <SUD>2799</SUD>
  </marketintervaldetail>
  <marketintervaldetail>
    <Data>20140610</Data>
    <Mercato>MGP</Mercato>
    <Ora>18</Ora>
    <Totale>42001</Totale>
    <CNOR>4244</CNOR>
    <CSUD>6666</CSUD>
    <NORD>24505</NORD>
    <SARD>1028</SARD>
    <SICI>2432</SICI>
    <SUD>3126</SUD>
  </marketintervaldetail>
  <marketintervaldetail>
    <Data>20140610</Data>
    <Mercato>MGP</Mercato>
    <Ora>19</Ora>
    <Totale>40275</Totale>
    <CNOR>4129</CNOR>
    <CSUD>6406</CSUD>
    <NORD>23179</NORD>
    <SARD>1014</SARD>
    <SICI>2426</SICI>
    <SUD>3121</SUD>
  </marketintervaldetail>
  <marketintervaldetail>
    <Data>20140610</Data>
    <Mercato>MGP</Mercato>
    <Ora>20</Ora>
    <Totale>39222</Totale>
    <CNOR>4000</CNOR>
    <CSUD>6317</CSUD>
    <NORD>22413</NORD>
    <SARD>1047</SARD>
    <SICI>2377</SICI>
    <SUD>3068</SUD>
  </marketintervaldetail>
  <marketintervaldetail>
    <Data>20140610</Data>
    <Mercato>MGP</Mercato>
    <Ora>21</Ora>
    <Totale>38859</Totale>
    <CNOR>3754</CNOR>
    <CSUD>6306</CSUD>
    <NORD>21968</NORD>
    <SARD>1077</SARD>
    <SICI>2475</SICI>
    <SUD>3279</SUD>
  </marketintervaldetail>
  <marketintervaldetail>
    <Data>20140610</Data>
    <Mercato>MGP</Mercato>
    <Ora>22</Ora>
    <Totale>39302</Totale>
    <CNOR>3907</CNOR>
    <CSUD>6353</CSUD>
    <NORD>22190</NORD>
    <SARD>1094</SARD>
    <SICI>2434</SICI>
    <SUD>3324</SUD>
  </marketintervaldetail>
  <marketintervaldetail>
    <Data>20140610</Data>
    <Mercato>MGP</Mercato>
    <Ora>23</Ora>
    <Totale>36804</Totale>
    <CNOR>3500</CNOR>
    <CSUD>5837</CSUD>
    <NORD>21218</NORD>
    <SARD>1034</SARD>
    <SICI>2237</SICI>
    <SUD>2978</SUD>
  </marketintervaldetail>
  <marketintervaldetail>
    <Data>20140610</Data>
    <Mercato>MGP</Mercato>
    <Ora>24</Ora>
    <Totale>33760</Totale>
    <CNOR>3313</CNOR>
    <CSUD>5227</CSUD>
    <NORD>19506</NORD>
    <SARD>960</SARD>
    <SICI>2027</SICI>
    <SUD>2727</SUD>
  </marketintervaldetail>
</NewDataSet>