<?xml version="1.0" standalone="yes"?>
<NewDataSet>
  <xs:schema id="NewDataSet" xmlns="" xmlns:xs="http://www.w3.org/2001/XMLSchema" xmlns:msdata="urn:schemas-microsoft-com:xml-msdata">
    <xs:element name="NewDataSet" msdata:IsDataSet="true" msdata:MainDataTable="marketintervaldetail" msdata:UseCurrentLocale="true">
      <xs:complexType>
        <xs:choice minOccurs="0" maxOccurs="unbounded">
          <xs:element name="marketintervaldetail">
            <xs:complexType>
              <xs:sequence>
                <xs:element name="Data" type="xs:string" minOccurs="0" />
                <xs:element name="Mercato" type="xs:string" minOccurs="0" />
                <xs:element name="Ora" type="xs:string" minOccurs="0" />
                <xs:element name="Totale" type="xs:string" minOccurs="0" />
                <xs:element name="CNOR" type="xs:string" minOccurs="0" />
                <xs:element name="CSUD" type="xs:string" minOccurs="0" />
                <xs:element name="NORD" type="xs:string" minOccurs="0" />
                <xs:element name="SARD" type="xs:string" minOccurs="0" />
                <xs:element name="SICI" type="xs:string" minOccurs="0" />
                <xs:element name="SUD" type="xs:string" minOccurs="0" />
              </xs:sequence>
            </xs:complexType>
          </xs:element>
        </xs:choice>
      </xs:complexType>
    </xs:element>
  </xs:schema>
  <marketintervaldetail>
    <Data>20140618</Data>
    <Mercato>MGP</Mercato>
    <Ora>01</Ora>
    <Totale>29343</Totale>
    <CNOR>2580</CNOR>
    <CSUD>4509</CSUD>
    <NORD>17026</NORD>
    <SARD>905</SARD>
    <SICI>1859</SICI>
    <SUD>2464</SUD>
  </marketintervaldetail>
  <marketintervaldetail>
    <Data>20140618</Data>
    <Mercato>MGP</Mercato>
    <Ora>02</Ora>
    <Totale>27761</Totale>
    <CNOR>2467</CNOR>
    <CSUD>4216</CSUD>
    <NORD>16185</NORD>
    <SARD>854</SARD>
    <SICI>1715</SICI>
    <SUD>2324</SUD>
  </marketintervaldetail>
  <marketintervaldetail>
    <Data>20140618</Data>
    <Mercato>MGP</Mercato>
    <Ora>03</Ora>
    <Totale>26914</Totale>
    <CNOR>2175</CNOR>
    <CSUD>4024</CSUD>
    <NORD>15971</NORD>
    <SARD>838</SARD>
    <SICI>1659</SICI>
    <SUD>2247</SUD>
  </marketintervaldetail>
  <marketintervaldetail>
    <Data>20140618</Data>
    <Mercato>MGP</Mercato>
    <Ora>04</Ora>
    <Totale>26580</Totale>
    <CNOR>2173</CNOR>
    <CSUD>3933</CSUD>
    <NORD>15817</NORD>
    <SARD>822</SARD>
    <SICI>1626</SICI>
    <SUD>2209</SUD>
  </marketintervaldetail>
  <marketintervaldetail>
    <Data>20140618</Data>
    <Mercato>MGP</Mercato>
    <Ora>05</Ora>
    <Totale>26652</Totale>
    <CNOR>2149</CNOR>
    <CSUD>3957</CSUD>
    <NORD>15898</NORD>
    <SARD>815</SARD>
    <SICI>1635</SICI>
    <SUD>2198</SUD>
  </marketintervaldetail>
  <marketintervaldetail>
    <Data>20140618</Data>
    <Mercato>MGP</Mercato>
    <Ora>06</Ora>
    <Totale>26926</Totale>
    <CNOR>2369</CNOR>
    <CSUD>3996</CSUD>
    <NORD>15999</NORD>
    <SARD>825</SARD>
    <SICI>1641</SICI>
    <SUD>2096</SUD>
  </marketintervaldetail>
  <marketintervaldetail>
    <Data>20140618</Data>
    <Mercato>MGP</Mercato>
    <Ora>07</Ora>
    <Totale>29604</Totale>
    <CNOR>2785</CNOR>
    <CSUD>4310</CSUD>
    <NORD>17674</NORD>
    <SARD>879</SARD>
    <SICI>1695</SICI>
    <SUD>2261</SUD>
  </marketintervaldetail>
  <marketintervaldetail>
    <Data>20140618</Data>
    <Mercato>MGP</Mercato>
    <Ora>08</Ora>
    <Totale>35095</Totale>
    <CNOR>3370</CNOR>
    <CSUD>5150</CSUD>
    <NORD>20981</NORD>
    <SARD>988</SARD>
    <SICI>1949</SICI>
    <SUD>2657</SUD>
  </marketintervaldetail>
  <marketintervaldetail>
    <Data>20140618</Data>
    <Mercato>MGP</Mercato>
    <Ora>09</Ora>
    <Totale>39920</Totale>
    <CNOR>3966</CNOR>
    <CSUD>6143</CSUD>
    <NORD>23633</NORD>
    <SARD>1067</SARD>
    <SICI>2068</SICI>
    <SUD>3043</SUD>
  </marketintervaldetail>
  <marketintervaldetail>
    <Data>20140618</Data>
    <Mercato>MGP</Mercato>
    <Ora>10</Ora>
    <Totale>41961</Totale>
    <CNOR>4121</CNOR>
    <CSUD>6536</CSUD>
    <NORD>24389</NORD>
    <SARD>1092</SARD>
    <SICI>2252</SICI>
    <SUD>3571</SUD>
  </marketintervaldetail>
  <marketintervaldetail>
    <Data>20140618</Data>
    <Mercato>MGP</Mercato>
    <Ora>11</Ora>
    <Totale>43124</Totale>
    <CNOR>4339</CNOR>
    <CSUD>6646</CSUD>
    <NORD>24749</NORD>
    <SARD>1140</SARD>
    <SICI>2415</SICI>
    <SUD>3835</SUD>
  </marketintervaldetail>
  <marketintervaldetail>
    <Data>20140618</Data>
    <Mercato>MGP</Mercato>
    <Ora>12</Ora>
    <Totale>43212</Totale>
    <CNOR>4454</CNOR>
    <CSUD>6313</CSUD>
    <NORD>24959</NORD>
    <SARD>1222</SARD>
    <SICI>2472</SICI>
    <SUD>3792</SUD>
  </marketintervaldetail>
  <marketintervaldetail>
    <Data>20140618</Data>
    <Mercato>MGP</Mercato>
    <Ora>13</Ora>
    <Totale>39942</Totale>
    <CNOR>4213</CNOR>
    <CSUD>5768</CSUD>
    <NORD>23184</NORD>
    <SARD>1146</SARD>
    <SICI>2281</SICI>
    <SUD>3350</SUD>
  </marketintervaldetail>
  <marketintervaldetail>
    <Data>20140618</Data>
    <Mercato>MGP</Mercato>
    <Ora>14</Ora>
    <Totale>40015</Totale>
    <CNOR>4099</CNOR>
    <CSUD>5868</CSUD>
    <NORD>23709</NORD>
    <SARD>1098</SARD>
    <SICI>2290</SICI>
    <SUD>2951</SUD>
  </marketintervaldetail>
  <marketintervaldetail>
    <Data>20140618</Data>
    <Mercato>MGP</Mercato>
    <Ora>15</Ora>
    <Totale>42818</Totale>
    <CNOR>4559</CNOR>
    <CSUD>6432</CSUD>
    <NORD>25240</NORD>
    <SARD>1118</SARD>
    <SICI>2331</SICI>
    <SUD>3138</SUD>
  </marketintervaldetail>
  <marketintervaldetail>
    <Data>20140618</Data>
    <Mercato>MGP</Mercato>
    <Ora>16</Ora>
    <Totale>43286</Totale>
    <CNOR>4505</CNOR>
    <CSUD>6523</CSUD>
    <NORD>25751</NORD>
    <SARD>1137</SARD>
    <SICI>2313</SICI>
    <SUD>3057</SUD>
  </marketintervaldetail>
  <marketintervaldetail>
    <Data>20140618</Data>
    <Mercato>MGP</Mercato>
    <Ora>17</Ora>
    <Totale>43114</Totale>
    <CNOR>4445</CNOR>
    <CSUD>6630</CSUD>
    <NORD>25465</NORD>
    <SARD>1093</SARD>
    <SICI>2326</SICI>
    <SUD>3155</SUD>
  </marketintervaldetail>
  <marketintervaldetail>
    <Data>20140618</Data>
    <Mercato>MGP</Mercato>
    <Ora>18</Ora>
    <Totale>41798</Totale>
    <CNOR>4217</CNOR>
    <CSUD>6431</CSUD>
    <NORD>24282</NORD>
    <SARD>1102</SARD>
    <SICI>2397</SICI>
    <SUD>3369</SUD>
  </marketintervaldetail>
  <marketintervaldetail>
    <Data>20140618</Data>
    <Mercato>MGP</Mercato>
    <Ora>19</Ora>
    <Totale>39942</Totale>
    <CNOR>4056</CNOR>
    <CSUD>6079</CSUD>
    <NORD>23007</NORD>
    <SARD>1084</SARD>
    <SICI>2333</SICI>
    <SUD>3383</SUD>
  </marketintervaldetail>
  <marketintervaldetail>
    <Data>20140618</Data>
    <Mercato>MGP</Mercato>
    <Ora>20</Ora>
    <Totale>38486</Totale>
    <CNOR>3785</CNOR>
    <CSUD>5957</CSUD>
    <NORD>22149</NORD>
    <SARD>1095</SARD>
    <SICI>2235</SICI>
    <SUD>3265</SUD>
  </marketintervaldetail>
  <marketintervaldetail>
    <Data>20140618</Data>
    <Mercato>MGP</Mercato>
    <Ora>21</Ora>
    <Totale>37990</Totale>
    <CNOR>3497</CNOR>
    <CSUD>5898</CSUD>
    <NORD>21613</NORD>
    <SARD>1090</SARD>
    <SICI>2362</SICI>
    <SUD>3530</SUD>
  </marketintervaldetail>
  <marketintervaldetail>
    <Data>20140618</Data>
    <Mercato>MGP</Mercato>
    <Ora>22</Ora>
    <Totale>38801</Totale>
    <CNOR>3650</CNOR>
    <CSUD>6185</CSUD>
    <NORD>22002</NORD>
    <SARD>1091</SARD>
    <SICI>2430</SICI>
    <SUD>3443</SUD>
  </marketintervaldetail>
  <marketintervaldetail>
    <Data>20140618</Data>
    <Mercato>MGP</Mercato>
    <Ora>23</Ora>
    <Totale>36618</Totale>
    <CNOR>3227</CNOR>
    <CSUD>5721</CSUD>
    <NORD>21261</NORD>
    <SARD>1034</SARD>
    <SICI>2261</SICI>
    <SUD>3114</SUD>
  </marketintervaldetail>
  <marketintervaldetail>
    <Data>20140618</Data>
    <Mercato>MGP</Mercato>
    <Ora>24</Ora>
    <Totale>33948</Totale>
    <CNOR>3097</CNOR>
    <CSUD>5186</CSUD>
    <NORD>19718</NORD>
    <SARD>961</SARD>
    <SICI>2084</SICI>
    <SUD>2902</SUD>
  </marketintervaldetail>
</NewDataSet>