<?xml version="1.0" standalone="yes"?>
<NewDataSet>
  <xs:schema id="NewDataSet" xmlns="" xmlns:xs="http://www.w3.org/2001/XMLSchema" xmlns:msdata="urn:schemas-microsoft-com:xml-msdata">
    <xs:element name="NewDataSet" msdata:IsDataSet="true" msdata:MainDataTable="marketintervaldetail" msdata:UseCurrentLocale="true">
      <xs:complexType>
        <xs:choice minOccurs="0" maxOccurs="unbounded">
          <xs:element name="marketintervaldetail">
            <xs:complexType>
              <xs:sequence>
                <xs:element name="Data" type="xs:string" minOccurs="0" />
                <xs:element name="Mercato" type="xs:string" minOccurs="0" />
                <xs:element name="Ora" type="xs:string" minOccurs="0" />
                <xs:element name="Totale" type="xs:string" minOccurs="0" />
                <xs:element name="CNOR" type="xs:string" minOccurs="0" />
                <xs:element name="CSUD" type="xs:string" minOccurs="0" />
                <xs:element name="NORD" type="xs:string" minOccurs="0" />
                <xs:element name="SARD" type="xs:string" minOccurs="0" />
                <xs:element name="SICI" type="xs:string" minOccurs="0" />
                <xs:element name="SUD" type="xs:string" minOccurs="0" />
              </xs:sequence>
            </xs:complexType>
          </xs:element>
        </xs:choice>
      </xs:complexType>
    </xs:element>
  </xs:schema>
  <marketintervaldetail>
    <Data>20140624</Data>
    <Mercato>MGP</Mercato>
    <Ora>01</Ora>
    <Totale>30141</Totale>
    <CNOR>2829</CNOR>
    <CSUD>4642</CSUD>
    <NORD>17521</NORD>
    <SARD>847</SARD>
    <SICI>1845</SICI>
    <SUD>2457</SUD>
  </marketintervaldetail>
  <marketintervaldetail>
    <Data>20140624</Data>
    <Mercato>MGP</Mercato>
    <Ora>02</Ora>
    <Totale>28351</Totale>
    <CNOR>2640</CNOR>
    <CSUD>4295</CSUD>
    <NORD>16682</NORD>
    <SARD>807</SARD>
    <SICI>1720</SICI>
    <SUD>2207</SUD>
  </marketintervaldetail>
  <marketintervaldetail>
    <Data>20140624</Data>
    <Mercato>MGP</Mercato>
    <Ora>03</Ora>
    <Totale>27471</Totale>
    <CNOR>2550</CNOR>
    <CSUD>4089</CSUD>
    <NORD>16268</NORD>
    <SARD>789</SARD>
    <SICI>1645</SICI>
    <SUD>2130</SUD>
  </marketintervaldetail>
  <marketintervaldetail>
    <Data>20140624</Data>
    <Mercato>MGP</Mercato>
    <Ora>04</Ora>
    <Totale>27072</Totale>
    <CNOR>2470</CNOR>
    <CSUD>4004</CSUD>
    <NORD>16137</NORD>
    <SARD>779</SARD>
    <SICI>1604</SICI>
    <SUD>2078</SUD>
  </marketintervaldetail>
  <marketintervaldetail>
    <Data>20140624</Data>
    <Mercato>MGP</Mercato>
    <Ora>05</Ora>
    <Totale>27136</Totale>
    <CNOR>2504</CNOR>
    <CSUD>4007</CSUD>
    <NORD>16160</NORD>
    <SARD>780</SARD>
    <SICI>1615</SICI>
    <SUD>2070</SUD>
  </marketintervaldetail>
  <marketintervaldetail>
    <Data>20140624</Data>
    <Mercato>MGP</Mercato>
    <Ora>06</Ora>
    <Totale>27205</Totale>
    <CNOR>2483</CNOR>
    <CSUD>3983</CSUD>
    <NORD>16399</NORD>
    <SARD>789</SARD>
    <SICI>1606</SICI>
    <SUD>1945</SUD>
  </marketintervaldetail>
  <marketintervaldetail>
    <Data>20140624</Data>
    <Mercato>MGP</Mercato>
    <Ora>07</Ora>
    <Totale>29581</Totale>
    <CNOR>2808</CNOR>
    <CSUD>4290</CSUD>
    <NORD>17901</NORD>
    <SARD>820</SARD>
    <SICI>1689</SICI>
    <SUD>2073</SUD>
  </marketintervaldetail>
  <marketintervaldetail>
    <Data>20140624</Data>
    <Mercato>MGP</Mercato>
    <Ora>08</Ora>
    <Totale>34317</Totale>
    <CNOR>3315</CNOR>
    <CSUD>5073</CSUD>
    <NORD>20528</NORD>
    <SARD>931</SARD>
    <SICI>2004</SICI>
    <SUD>2466</SUD>
  </marketintervaldetail>
  <marketintervaldetail>
    <Data>20140624</Data>
    <Mercato>MGP</Mercato>
    <Ora>09</Ora>
    <Totale>39095</Totale>
    <CNOR>3844</CNOR>
    <CSUD>5937</CSUD>
    <NORD>23163</NORD>
    <SARD>1041</SARD>
    <SICI>2308</SICI>
    <SUD>2802</SUD>
  </marketintervaldetail>
  <marketintervaldetail>
    <Data>20140624</Data>
    <Mercato>MGP</Mercato>
    <Ora>10</Ora>
    <Totale>41705</Totale>
    <CNOR>4201</CNOR>
    <CSUD>6441</CSUD>
    <NORD>24569</NORD>
    <SARD>1098</SARD>
    <SICI>2488</SICI>
    <SUD>2908</SUD>
  </marketintervaldetail>
  <marketintervaldetail>
    <Data>20140624</Data>
    <Mercato>MGP</Mercato>
    <Ora>11</Ora>
    <Totale>42879</Totale>
    <CNOR>4496</CNOR>
    <CSUD>6661</CSUD>
    <NORD>25187</NORD>
    <SARD>1114</SARD>
    <SICI>2490</SICI>
    <SUD>2931</SUD>
  </marketintervaldetail>
  <marketintervaldetail>
    <Data>20140624</Data>
    <Mercato>MGP</Mercato>
    <Ora>12</Ora>
    <Totale>43181</Totale>
    <CNOR>4654</CNOR>
    <CSUD>6588</CSUD>
    <NORD>25454</NORD>
    <SARD>1100</SARD>
    <SICI>2462</SICI>
    <SUD>2923</SUD>
  </marketintervaldetail>
  <marketintervaldetail>
    <Data>20140624</Data>
    <Mercato>MGP</Mercato>
    <Ora>13</Ora>
    <Totale>41166</Totale>
    <CNOR>4240</CNOR>
    <CSUD>6562</CSUD>
    <NORD>23738</NORD>
    <SARD>1077</SARD>
    <SICI>2513</SICI>
    <SUD>3036</SUD>
  </marketintervaldetail>
  <marketintervaldetail>
    <Data>20140624</Data>
    <Mercato>MGP</Mercato>
    <Ora>14</Ora>
    <Totale>41429</Totale>
    <CNOR>4194</CNOR>
    <CSUD>6503</CSUD>
    <NORD>24164</NORD>
    <SARD>1074</SARD>
    <SICI>2394</SICI>
    <SUD>3100</SUD>
  </marketintervaldetail>
  <marketintervaldetail>
    <Data>20140624</Data>
    <Mercato>MGP</Mercato>
    <Ora>15</Ora>
    <Totale>42050</Totale>
    <CNOR>4171</CNOR>
    <CSUD>6551</CSUD>
    <NORD>24774</NORD>
    <SARD>1051</SARD>
    <SICI>2429</SICI>
    <SUD>3074</SUD>
  </marketintervaldetail>
  <marketintervaldetail>
    <Data>20140624</Data>
    <Mercato>MGP</Mercato>
    <Ora>16</Ora>
    <Totale>42310</Totale>
    <CNOR>4335</CNOR>
    <CSUD>6630</CSUD>
    <NORD>24777</NORD>
    <SARD>1029</SARD>
    <SICI>2444</SICI>
    <SUD>3095</SUD>
  </marketintervaldetail>
  <marketintervaldetail>
    <Data>20140624</Data>
    <Mercato>MGP</Mercato>
    <Ora>17</Ora>
    <Totale>41980</Totale>
    <CNOR>4281</CNOR>
    <CSUD>6679</CSUD>
    <NORD>24422</NORD>
    <SARD>1021</SARD>
    <SICI>2513</SICI>
    <SUD>3064</SUD>
  </marketintervaldetail>
  <marketintervaldetail>
    <Data>20140624</Data>
    <Mercato>MGP</Mercato>
    <Ora>18</Ora>
    <Totale>40354</Totale>
    <CNOR>4203</CNOR>
    <CSUD>6366</CSUD>
    <NORD>23132</NORD>
    <SARD>1043</SARD>
    <SICI>2578</SICI>
    <SUD>3032</SUD>
  </marketintervaldetail>
  <marketintervaldetail>
    <Data>20140624</Data>
    <Mercato>MGP</Mercato>
    <Ora>19</Ora>
    <Totale>38285</Totale>
    <CNOR>3990</CNOR>
    <CSUD>6027</CSUD>
    <NORD>21784</NORD>
    <SARD>1033</SARD>
    <SICI>2548</SICI>
    <SUD>2903</SUD>
  </marketintervaldetail>
  <marketintervaldetail>
    <Data>20140624</Data>
    <Mercato>MGP</Mercato>
    <Ora>20</Ora>
    <Totale>37306</Totale>
    <CNOR>3690</CNOR>
    <CSUD>5884</CSUD>
    <NORD>21350</NORD>
    <SARD>1070</SARD>
    <SICI>2457</SICI>
    <SUD>2855</SUD>
  </marketintervaldetail>
  <marketintervaldetail>
    <Data>20140624</Data>
    <Mercato>MGP</Mercato>
    <Ora>21</Ora>
    <Totale>36630</Totale>
    <CNOR>3414</CNOR>
    <CSUD>5813</CSUD>
    <NORD>20714</NORD>
    <SARD>1082</SARD>
    <SICI>2557</SICI>
    <SUD>3050</SUD>
  </marketintervaldetail>
  <marketintervaldetail>
    <Data>20140624</Data>
    <Mercato>MGP</Mercato>
    <Ora>22</Ora>
    <Totale>37004</Totale>
    <CNOR>3513</CNOR>
    <CSUD>6025</CSUD>
    <NORD>20632</NORD>
    <SARD>1109</SARD>
    <SICI>2564</SICI>
    <SUD>3161</SUD>
  </marketintervaldetail>
  <marketintervaldetail>
    <Data>20140624</Data>
    <Mercato>MGP</Mercato>
    <Ora>23</Ora>
    <Totale>34855</Totale>
    <CNOR>3337</CNOR>
    <CSUD>5632</CSUD>
    <NORD>19487</NORD>
    <SARD>1056</SARD>
    <SICI>2386</SICI>
    <SUD>2957</SUD>
  </marketintervaldetail>
  <marketintervaldetail>
    <Data>20140624</Data>
    <Mercato>MGP</Mercato>
    <Ora>24</Ora>
    <Totale>31820</Totale>
    <CNOR>3146</CNOR>
    <CSUD>5179</CSUD>
    <NORD>17709</NORD>
    <SARD>985</SARD>
    <SICI>2152</SICI>
    <SUD>2649</SUD>
  </marketintervaldetail>
</NewDataSet>