<?xml version="1.0" standalone="yes"?>
<NewDataSet>
  <xs:schema id="NewDataSet" xmlns="" xmlns:xs="http://www.w3.org/2001/XMLSchema" xmlns:msdata="urn:schemas-microsoft-com:xml-msdata">
    <xs:element name="NewDataSet" msdata:IsDataSet="true" msdata:MainDataTable="marketintervaldetail" msdata:UseCurrentLocale="true">
      <xs:complexType>
        <xs:choice minOccurs="0" maxOccurs="unbounded">
          <xs:element name="marketintervaldetail">
            <xs:complexType>
              <xs:sequence>
                <xs:element name="Data" type="xs:string" minOccurs="0" />
                <xs:element name="Mercato" type="xs:string" minOccurs="0" />
                <xs:element name="Ora" type="xs:string" minOccurs="0" />
                <xs:element name="Totale" type="xs:string" minOccurs="0" />
                <xs:element name="CNOR" type="xs:string" minOccurs="0" />
                <xs:element name="CSUD" type="xs:string" minOccurs="0" />
                <xs:element name="NORD" type="xs:string" minOccurs="0" />
                <xs:element name="SARD" type="xs:string" minOccurs="0" />
                <xs:element name="SICI" type="xs:string" minOccurs="0" />
                <xs:element name="SUD" type="xs:string" minOccurs="0" />
              </xs:sequence>
            </xs:complexType>
          </xs:element>
        </xs:choice>
      </xs:complexType>
    </xs:element>
  </xs:schema>
  <marketintervaldetail>
    <Data>20140612</Data>
    <Mercato>MGP</Mercato>
    <Ora>01</Ora>
    <Totale>30934</Totale>
    <CNOR>2956</CNOR>
    <CSUD>4556</CSUD>
    <NORD>18094</NORD>
    <SARD>922</SARD>
    <SICI>1811</SICI>
    <SUD>2595</SUD>
  </marketintervaldetail>
  <marketintervaldetail>
    <Data>20140612</Data>
    <Mercato>MGP</Mercato>
    <Ora>02</Ora>
    <Totale>28993</Totale>
    <CNOR>2774</CNOR>
    <CSUD>4134</CSUD>
    <NORD>17120</NORD>
    <SARD>860</SARD>
    <SICI>1674</SICI>
    <SUD>2431</SUD>
  </marketintervaldetail>
  <marketintervaldetail>
    <Data>20140612</Data>
    <Mercato>MGP</Mercato>
    <Ora>03</Ora>
    <Totale>27882</Totale>
    <CNOR>2646</CNOR>
    <CSUD>3952</CSUD>
    <NORD>16525</NORD>
    <SARD>840</SARD>
    <SICI>1622</SICI>
    <SUD>2297</SUD>
  </marketintervaldetail>
  <marketintervaldetail>
    <Data>20140612</Data>
    <Mercato>MGP</Mercato>
    <Ora>04</Ora>
    <Totale>27612</Totale>
    <CNOR>2653</CNOR>
    <CSUD>3856</CSUD>
    <NORD>16457</NORD>
    <SARD>823</SARD>
    <SICI>1587</SICI>
    <SUD>2236</SUD>
  </marketintervaldetail>
  <marketintervaldetail>
    <Data>20140612</Data>
    <Mercato>MGP</Mercato>
    <Ora>05</Ora>
    <Totale>27619</Totale>
    <CNOR>2652</CNOR>
    <CSUD>3846</CSUD>
    <NORD>16453</NORD>
    <SARD>831</SARD>
    <SICI>1582</SICI>
    <SUD>2255</SUD>
  </marketintervaldetail>
  <marketintervaldetail>
    <Data>20140612</Data>
    <Mercato>MGP</Mercato>
    <Ora>06</Ora>
    <Totale>27463</Totale>
    <CNOR>2641</CNOR>
    <CSUD>3849</CSUD>
    <NORD>16344</NORD>
    <SARD>849</SARD>
    <SICI>1585</SICI>
    <SUD>2195</SUD>
  </marketintervaldetail>
  <marketintervaldetail>
    <Data>20140612</Data>
    <Mercato>MGP</Mercato>
    <Ora>07</Ora>
    <Totale>30176</Totale>
    <CNOR>2945</CNOR>
    <CSUD>4243</CSUD>
    <NORD>18109</NORD>
    <SARD>884</SARD>
    <SICI>1678</SICI>
    <SUD>2317</SUD>
  </marketintervaldetail>
  <marketintervaldetail>
    <Data>20140612</Data>
    <Mercato>MGP</Mercato>
    <Ora>08</Ora>
    <Totale>35498</Totale>
    <CNOR>3386</CNOR>
    <CSUD>5087</CSUD>
    <NORD>21303</NORD>
    <SARD>1004</SARD>
    <SICI>2010</SICI>
    <SUD>2708</SUD>
  </marketintervaldetail>
  <marketintervaldetail>
    <Data>20140612</Data>
    <Mercato>MGP</Mercato>
    <Ora>09</Ora>
    <Totale>41218</Totale>
    <CNOR>4087</CNOR>
    <CSUD>5966</CSUD>
    <NORD>24692</NORD>
    <SARD>1094</SARD>
    <SICI>2279</SICI>
    <SUD>3100</SUD>
  </marketintervaldetail>
  <marketintervaldetail>
    <Data>20140612</Data>
    <Mercato>MGP</Mercato>
    <Ora>10</Ora>
    <Totale>44154</Totale>
    <CNOR>4445</CNOR>
    <CSUD>6664</CSUD>
    <NORD>26255</NORD>
    <SARD>1147</SARD>
    <SICI>2410</SICI>
    <SUD>3233</SUD>
  </marketintervaldetail>
  <marketintervaldetail>
    <Data>20140612</Data>
    <Mercato>MGP</Mercato>
    <Ora>11</Ora>
    <Totale>45514</Totale>
    <CNOR>4559</CNOR>
    <CSUD>7020</CSUD>
    <NORD>26937</NORD>
    <SARD>1162</SARD>
    <SICI>2423</SICI>
    <SUD>3413</SUD>
  </marketintervaldetail>
  <marketintervaldetail>
    <Data>20140612</Data>
    <Mercato>MGP</Mercato>
    <Ora>12</Ora>
    <Totale>46021</Totale>
    <CNOR>4642</CNOR>
    <CSUD>7226</CSUD>
    <NORD>27187</NORD>
    <SARD>1175</SARD>
    <SICI>2415</SICI>
    <SUD>3376</SUD>
  </marketintervaldetail>
  <marketintervaldetail>
    <Data>20140612</Data>
    <Mercato>MGP</Mercato>
    <Ora>13</Ora>
    <Totale>44943</Totale>
    <CNOR>4577</CNOR>
    <CSUD>7275</CSUD>
    <NORD>26151</NORD>
    <SARD>1166</SARD>
    <SICI>2353</SICI>
    <SUD>3421</SUD>
  </marketintervaldetail>
  <marketintervaldetail>
    <Data>20140612</Data>
    <Mercato>MGP</Mercato>
    <Ora>14</Ora>
    <Totale>44724</Totale>
    <CNOR>4625</CNOR>
    <CSUD>7092</CSUD>
    <NORD>26321</NORD>
    <SARD>1137</SARD>
    <SICI>2229</SICI>
    <SUD>3320</SUD>
  </marketintervaldetail>
  <marketintervaldetail>
    <Data>20140612</Data>
    <Mercato>MGP</Mercato>
    <Ora>15</Ora>
    <Totale>45230</Totale>
    <CNOR>4466</CNOR>
    <CSUD>7047</CSUD>
    <NORD>27430</NORD>
    <SARD>1121</SARD>
    <SICI>2080</SICI>
    <SUD>3086</SUD>
  </marketintervaldetail>
  <marketintervaldetail>
    <Data>20140612</Data>
    <Mercato>MGP</Mercato>
    <Ora>16</Ora>
    <Totale>45919</Totale>
    <CNOR>4424</CNOR>
    <CSUD>7109</CSUD>
    <NORD>28025</NORD>
    <SARD>1106</SARD>
    <SICI>2217</SICI>
    <SUD>3038</SUD>
  </marketintervaldetail>
  <marketintervaldetail>
    <Data>20140612</Data>
    <Mercato>MGP</Mercato>
    <Ora>17</Ora>
    <Totale>46153</Totale>
    <CNOR>4387</CNOR>
    <CSUD>7281</CSUD>
    <NORD>27813</NORD>
    <SARD>1096</SARD>
    <SICI>2439</SICI>
    <SUD>3137</SUD>
  </marketintervaldetail>
  <marketintervaldetail>
    <Data>20140612</Data>
    <Mercato>MGP</Mercato>
    <Ora>18</Ora>
    <Totale>44586</Totale>
    <CNOR>4124</CNOR>
    <CSUD>7110</CSUD>
    <NORD>26508</NORD>
    <SARD>1111</SARD>
    <SICI>2459</SICI>
    <SUD>3274</SUD>
  </marketintervaldetail>
  <marketintervaldetail>
    <Data>20140612</Data>
    <Mercato>MGP</Mercato>
    <Ora>19</Ora>
    <Totale>42836</Totale>
    <CNOR>4044</CNOR>
    <CSUD>6731</CSUD>
    <NORD>25137</NORD>
    <SARD>1125</SARD>
    <SICI>2493</SICI>
    <SUD>3306</SUD>
  </marketintervaldetail>
  <marketintervaldetail>
    <Data>20140612</Data>
    <Mercato>MGP</Mercato>
    <Ora>20</Ora>
    <Totale>41843</Totale>
    <CNOR>3902</CNOR>
    <CSUD>6490</CSUD>
    <NORD>24639</NORD>
    <SARD>1145</SARD>
    <SICI>2405</SICI>
    <SUD>3262</SUD>
  </marketintervaldetail>
  <marketintervaldetail>
    <Data>20140612</Data>
    <Mercato>MGP</Mercato>
    <Ora>21</Ora>
    <Totale>40725</Totale>
    <CNOR>3679</CNOR>
    <CSUD>6267</CSUD>
    <NORD>23707</NORD>
    <SARD>1157</SARD>
    <SICI>2452</SICI>
    <SUD>3463</SUD>
  </marketintervaldetail>
  <marketintervaldetail>
    <Data>20140612</Data>
    <Mercato>MGP</Mercato>
    <Ora>22</Ora>
    <Totale>40782</Totale>
    <CNOR>3729</CNOR>
    <CSUD>6348</CSUD>
    <NORD>23526</NORD>
    <SARD>1161</SARD>
    <SICI>2466</SICI>
    <SUD>3552</SUD>
  </marketintervaldetail>
  <marketintervaldetail>
    <Data>20140612</Data>
    <Mercato>MGP</Mercato>
    <Ora>23</Ora>
    <Totale>38543</Totale>
    <CNOR>3524</CNOR>
    <CSUD>5895</CSUD>
    <NORD>22263</NORD>
    <SARD>1090</SARD>
    <SICI>2292</SICI>
    <SUD>3479</SUD>
  </marketintervaldetail>
  <marketintervaldetail>
    <Data>20140612</Data>
    <Mercato>MGP</Mercato>
    <Ora>24</Ora>
    <Totale>35251</Totale>
    <CNOR>3285</CNOR>
    <CSUD>5351</CSUD>
    <NORD>20444</NORD>
    <SARD>1008</SARD>
    <SICI>2097</SICI>
    <SUD>3066</SUD>
  </marketintervaldetail>
</NewDataSet>