<?xml version="1.0" standalone="yes"?>
<NewDataSet>
  <xs:schema id="NewDataSet" xmlns="" xmlns:xs="http://www.w3.org/2001/XMLSchema" xmlns:msdata="urn:schemas-microsoft-com:xml-msdata">
    <xs:element name="NewDataSet" msdata:IsDataSet="true" msdata:MainDataTable="marketintervaldetail" msdata:UseCurrentLocale="true">
      <xs:complexType>
        <xs:choice minOccurs="0" maxOccurs="unbounded">
          <xs:element name="marketintervaldetail">
            <xs:complexType>
              <xs:sequence>
                <xs:element name="Data" type="xs:string" minOccurs="0" />
                <xs:element name="Mercato" type="xs:string" minOccurs="0" />
                <xs:element name="Ora" type="xs:string" minOccurs="0" />
                <xs:element name="Totale" type="xs:string" minOccurs="0" />
                <xs:element name="CNOR" type="xs:string" minOccurs="0" />
                <xs:element name="CSUD" type="xs:string" minOccurs="0" />
                <xs:element name="NORD" type="xs:string" minOccurs="0" />
                <xs:element name="SARD" type="xs:string" minOccurs="0" />
                <xs:element name="SICI" type="xs:string" minOccurs="0" />
                <xs:element name="SUD" type="xs:string" minOccurs="0" />
              </xs:sequence>
            </xs:complexType>
          </xs:element>
        </xs:choice>
      </xs:complexType>
    </xs:element>
  </xs:schema>
  <marketintervaldetail>
    <Data>20140619</Data>
    <Mercato>MGP</Mercato>
    <Ora>01</Ora>
    <Totale>29191</Totale>
    <CNOR>2648</CNOR>
    <CSUD>4539</CSUD>
    <NORD>16710</NORD>
    <SARD>867</SARD>
    <SICI>1891</SICI>
    <SUD>2536</SUD>
  </marketintervaldetail>
  <marketintervaldetail>
    <Data>20140619</Data>
    <Mercato>MGP</Mercato>
    <Ora>02</Ora>
    <Totale>27644</Totale>
    <CNOR>2619</CNOR>
    <CSUD>4388</CSUD>
    <NORD>15805</NORD>
    <SARD>808</SARD>
    <SICI>1745</SICI>
    <SUD>2279</SUD>
  </marketintervaldetail>
  <marketintervaldetail>
    <Data>20140619</Data>
    <Mercato>MGP</Mercato>
    <Ora>03</Ora>
    <Totale>26550</Totale>
    <CNOR>2472</CNOR>
    <CSUD>4143</CSUD>
    <NORD>15280</NORD>
    <SARD>795</SARD>
    <SICI>1667</SICI>
    <SUD>2193</SUD>
  </marketintervaldetail>
  <marketintervaldetail>
    <Data>20140619</Data>
    <Mercato>MGP</Mercato>
    <Ora>04</Ora>
    <Totale>26229</Totale>
    <CNOR>2285</CNOR>
    <CSUD>3905</CSUD>
    <NORD>15443</NORD>
    <SARD>798</SARD>
    <SICI>1627</SICI>
    <SUD>2171</SUD>
  </marketintervaldetail>
  <marketintervaldetail>
    <Data>20140619</Data>
    <Mercato>MGP</Mercato>
    <Ora>05</Ora>
    <Totale>26320</Totale>
    <CNOR>2348</CNOR>
    <CSUD>4199</CSUD>
    <NORD>15323</NORD>
    <SARD>783</SARD>
    <SICI>1599</SICI>
    <SUD>2068</SUD>
  </marketintervaldetail>
  <marketintervaldetail>
    <Data>20140619</Data>
    <Mercato>MGP</Mercato>
    <Ora>06</Ora>
    <Totale>26406</Totale>
    <CNOR>2380</CNOR>
    <CSUD>4279</CSUD>
    <NORD>15400</NORD>
    <SARD>807</SARD>
    <SICI>1570</SICI>
    <SUD>1970</SUD>
  </marketintervaldetail>
  <marketintervaldetail>
    <Data>20140619</Data>
    <Mercato>MGP</Mercato>
    <Ora>07</Ora>
    <Totale>29183</Totale>
    <CNOR>2758</CNOR>
    <CSUD>4615</CSUD>
    <NORD>17184</NORD>
    <SARD>851</SARD>
    <SICI>1638</SICI>
    <SUD>2137</SUD>
  </marketintervaldetail>
  <marketintervaldetail>
    <Data>20140619</Data>
    <Mercato>MGP</Mercato>
    <Ora>08</Ora>
    <Totale>34086</Totale>
    <CNOR>3439</CNOR>
    <CSUD>5418</CSUD>
    <NORD>19910</NORD>
    <SARD>947</SARD>
    <SICI>1892</SICI>
    <SUD>2480</SUD>
  </marketintervaldetail>
  <marketintervaldetail>
    <Data>20140619</Data>
    <Mercato>MGP</Mercato>
    <Ora>09</Ora>
    <Totale>39273</Totale>
    <CNOR>4057</CNOR>
    <CSUD>6334</CSUD>
    <NORD>22941</NORD>
    <SARD>1015</SARD>
    <SICI>2157</SICI>
    <SUD>2769</SUD>
  </marketintervaldetail>
  <marketintervaldetail>
    <Data>20140619</Data>
    <Mercato>MGP</Mercato>
    <Ora>10</Ora>
    <Totale>41578</Totale>
    <CNOR>4385</CNOR>
    <CSUD>6667</CSUD>
    <NORD>24155</NORD>
    <SARD>1107</SARD>
    <SICI>2385</SICI>
    <SUD>2879</SUD>
  </marketintervaldetail>
  <marketintervaldetail>
    <Data>20140619</Data>
    <Mercato>MGP</Mercato>
    <Ora>11</Ora>
    <Totale>42225</Totale>
    <CNOR>4399</CNOR>
    <CSUD>6587</CSUD>
    <NORD>24792</NORD>
    <SARD>1178</SARD>
    <SICI>2294</SICI>
    <SUD>2975</SUD>
  </marketintervaldetail>
  <marketintervaldetail>
    <Data>20140619</Data>
    <Mercato>MGP</Mercato>
    <Ora>12</Ora>
    <Totale>42300</Totale>
    <CNOR>4386</CNOR>
    <CSUD>6489</CSUD>
    <NORD>25235</NORD>
    <SARD>1147</SARD>
    <SICI>2232</SICI>
    <SUD>2811</SUD>
  </marketintervaldetail>
  <marketintervaldetail>
    <Data>20140619</Data>
    <Mercato>MGP</Mercato>
    <Ora>13</Ora>
    <Totale>40138</Totale>
    <CNOR>4168</CNOR>
    <CSUD>6424</CSUD>
    <NORD>23067</NORD>
    <SARD>1072</SARD>
    <SICI>2203</SICI>
    <SUD>3204</SUD>
  </marketintervaldetail>
  <marketintervaldetail>
    <Data>20140619</Data>
    <Mercato>MGP</Mercato>
    <Ora>14</Ora>
    <Totale>40366</Totale>
    <CNOR>4119</CNOR>
    <CSUD>6281</CSUD>
    <NORD>23654</NORD>
    <SARD>1045</SARD>
    <SICI>2120</SICI>
    <SUD>3147</SUD>
  </marketintervaldetail>
  <marketintervaldetail>
    <Data>20140619</Data>
    <Mercato>MGP</Mercato>
    <Ora>15</Ora>
    <Totale>42337</Totale>
    <CNOR>4461</CNOR>
    <CSUD>6558</CSUD>
    <NORD>24962</NORD>
    <SARD>1063</SARD>
    <SICI>2221</SICI>
    <SUD>3072</SUD>
  </marketintervaldetail>
  <marketintervaldetail>
    <Data>20140619</Data>
    <Mercato>MGP</Mercato>
    <Ora>16</Ora>
    <Totale>42812</Totale>
    <CNOR>4440</CNOR>
    <CSUD>6592</CSUD>
    <NORD>25456</NORD>
    <SARD>1070</SARD>
    <SICI>2257</SICI>
    <SUD>2997</SUD>
  </marketintervaldetail>
  <marketintervaldetail>
    <Data>20140619</Data>
    <Mercato>MGP</Mercato>
    <Ora>17</Ora>
    <Totale>42656</Totale>
    <CNOR>4334</CNOR>
    <CSUD>6619</CSUD>
    <NORD>25310</NORD>
    <SARD>1046</SARD>
    <SICI>2254</SICI>
    <SUD>3093</SUD>
  </marketintervaldetail>
  <marketintervaldetail>
    <Data>20140619</Data>
    <Mercato>MGP</Mercato>
    <Ora>18</Ora>
    <Totale>41363</Totale>
    <CNOR>4171</CNOR>
    <CSUD>6461</CSUD>
    <NORD>24187</NORD>
    <SARD>1045</SARD>
    <SICI>2311</SICI>
    <SUD>3188</SUD>
  </marketintervaldetail>
  <marketintervaldetail>
    <Data>20140619</Data>
    <Mercato>MGP</Mercato>
    <Ora>19</Ora>
    <Totale>39551</Totale>
    <CNOR>4035</CNOR>
    <CSUD>6139</CSUD>
    <NORD>22824</NORD>
    <SARD>1043</SARD>
    <SICI>2324</SICI>
    <SUD>3186</SUD>
  </marketintervaldetail>
  <marketintervaldetail>
    <Data>20140619</Data>
    <Mercato>MGP</Mercato>
    <Ora>20</Ora>
    <Totale>38158</Totale>
    <CNOR>3820</CNOR>
    <CSUD>5994</CSUD>
    <NORD>22049</NORD>
    <SARD>1067</SARD>
    <SICI>2227</SICI>
    <SUD>3001</SUD>
  </marketintervaldetail>
  <marketintervaldetail>
    <Data>20140619</Data>
    <Mercato>MGP</Mercato>
    <Ora>21</Ora>
    <Totale>37483</Totale>
    <CNOR>3474</CNOR>
    <CSUD>5833</CSUD>
    <NORD>21408</NORD>
    <SARD>1082</SARD>
    <SICI>2367</SICI>
    <SUD>3319</SUD>
  </marketintervaldetail>
  <marketintervaldetail>
    <Data>20140619</Data>
    <Mercato>MGP</Mercato>
    <Ora>22</Ora>
    <Totale>38448</Totale>
    <CNOR>3658</CNOR>
    <CSUD>6020</CSUD>
    <NORD>21812</NORD>
    <SARD>1084</SARD>
    <SICI>2429</SICI>
    <SUD>3445</SUD>
  </marketintervaldetail>
  <marketintervaldetail>
    <Data>20140619</Data>
    <Mercato>MGP</Mercato>
    <Ora>23</Ora>
    <Totale>36356</Totale>
    <CNOR>3324</CNOR>
    <CSUD>5568</CSUD>
    <NORD>21050</NORD>
    <SARD>1020</SARD>
    <SICI>2271</SICI>
    <SUD>3123</SUD>
  </marketintervaldetail>
  <marketintervaldetail>
    <Data>20140619</Data>
    <Mercato>MGP</Mercato>
    <Ora>24</Ora>
    <Totale>33694</Totale>
    <CNOR>3213</CNOR>
    <CSUD>5046</CSUD>
    <NORD>19484</NORD>
    <SARD>946</SARD>
    <SICI>2096</SICI>
    <SUD>2909</SUD>
  </marketintervaldetail>
</NewDataSet>