<?xml version="1.0" standalone="yes"?>
<NewDataSet>
  <xs:schema id="NewDataSet" xmlns="" xmlns:xs="http://www.w3.org/2001/XMLSchema" xmlns:msdata="urn:schemas-microsoft-com:xml-msdata">
    <xs:element name="NewDataSet" msdata:IsDataSet="true" msdata:MainDataTable="marketintervaldetail" msdata:UseCurrentLocale="true">
      <xs:complexType>
        <xs:choice minOccurs="0" maxOccurs="unbounded">
          <xs:element name="marketintervaldetail">
            <xs:complexType>
              <xs:sequence>
                <xs:element name="Data" type="xs:string" minOccurs="0" />
                <xs:element name="Mercato" type="xs:string" minOccurs="0" />
                <xs:element name="Ora" type="xs:string" minOccurs="0" />
                <xs:element name="Totale" type="xs:string" minOccurs="0" />
                <xs:element name="CNOR" type="xs:string" minOccurs="0" />
                <xs:element name="CSUD" type="xs:string" minOccurs="0" />
                <xs:element name="NORD" type="xs:string" minOccurs="0" />
                <xs:element name="SARD" type="xs:string" minOccurs="0" />
                <xs:element name="SICI" type="xs:string" minOccurs="0" />
                <xs:element name="SUD" type="xs:string" minOccurs="0" />
              </xs:sequence>
            </xs:complexType>
          </xs:element>
        </xs:choice>
      </xs:complexType>
    </xs:element>
  </xs:schema>
  <marketintervaldetail>
    <Data>20140621</Data>
    <Mercato>MGP</Mercato>
    <Ora>01</Ora>
    <Totale>32615</Totale>
    <CNOR>2840</CNOR>
    <CSUD>5169</CSUD>
    <NORD>18880</NORD>
    <SARD>964</SARD>
    <SICI>2026</SICI>
    <SUD>2736</SUD>
  </marketintervaldetail>
  <marketintervaldetail>
    <Data>20140621</Data>
    <Mercato>MGP</Mercato>
    <Ora>02</Ora>
    <Totale>30418</Totale>
    <CNOR>2585</CNOR>
    <CSUD>4757</CSUD>
    <NORD>17784</NORD>
    <SARD>905</SARD>
    <SICI>1879</SICI>
    <SUD>2508</SUD>
  </marketintervaldetail>
  <marketintervaldetail>
    <Data>20140621</Data>
    <Mercato>MGP</Mercato>
    <Ora>03</Ora>
    <Totale>29000</Totale>
    <CNOR>2533</CNOR>
    <CSUD>4459</CSUD>
    <NORD>16929</NORD>
    <SARD>879</SARD>
    <SICI>1777</SICI>
    <SUD>2423</SUD>
  </marketintervaldetail>
  <marketintervaldetail>
    <Data>20140621</Data>
    <Mercato>MGP</Mercato>
    <Ora>04</Ora>
    <Totale>28257</Totale>
    <CNOR>2543</CNOR>
    <CSUD>4334</CSUD>
    <NORD>16446</NORD>
    <SARD>862</SARD>
    <SICI>1715</SICI>
    <SUD>2357</SUD>
  </marketintervaldetail>
  <marketintervaldetail>
    <Data>20140621</Data>
    <Mercato>MGP</Mercato>
    <Ora>05</Ora>
    <Totale>27918</Totale>
    <CNOR>2578</CNOR>
    <CSUD>4259</CSUD>
    <NORD>16265</NORD>
    <SARD>853</SARD>
    <SICI>1695</SICI>
    <SUD>2268</SUD>
  </marketintervaldetail>
  <marketintervaldetail>
    <Data>20140621</Data>
    <Mercato>MGP</Mercato>
    <Ora>06</Ora>
    <Totale>27099</Totale>
    <CNOR>2551</CNOR>
    <CSUD>4111</CSUD>
    <NORD>15719</NORD>
    <SARD>868</SARD>
    <SICI>1670</SICI>
    <SUD>2180</SUD>
  </marketintervaldetail>
  <marketintervaldetail>
    <Data>20140621</Data>
    <Mercato>MGP</Mercato>
    <Ora>07</Ora>
    <Totale>27378</Totale>
    <CNOR>2720</CNOR>
    <CSUD>4209</CSUD>
    <NORD>15630</NORD>
    <SARD>873</SARD>
    <SICI>1706</SICI>
    <SUD>2240</SUD>
  </marketintervaldetail>
  <marketintervaldetail>
    <Data>20140621</Data>
    <Mercato>MGP</Mercato>
    <Ora>08</Ora>
    <Totale>30232</Totale>
    <CNOR>2941</CNOR>
    <CSUD>4743</CSUD>
    <NORD>17108</NORD>
    <SARD>938</SARD>
    <SICI>1941</SICI>
    <SUD>2561</SUD>
  </marketintervaldetail>
  <marketintervaldetail>
    <Data>20140621</Data>
    <Mercato>MGP</Mercato>
    <Ora>09</Ora>
    <Totale>33403</Totale>
    <CNOR>3291</CNOR>
    <CSUD>5352</CSUD>
    <NORD>18653</NORD>
    <SARD>1013</SARD>
    <SICI>2207</SICI>
    <SUD>2887</SUD>
  </marketintervaldetail>
  <marketintervaldetail>
    <Data>20140621</Data>
    <Mercato>MGP</Mercato>
    <Ora>10</Ora>
    <Totale>36147</Totale>
    <CNOR>3519</CNOR>
    <CSUD>5902</CSUD>
    <NORD>19971</NORD>
    <SARD>1103</SARD>
    <SICI>2416</SICI>
    <SUD>3236</SUD>
  </marketintervaldetail>
  <marketintervaldetail>
    <Data>20140621</Data>
    <Mercato>MGP</Mercato>
    <Ora>11</Ora>
    <Totale>37207</Totale>
    <CNOR>3595</CNOR>
    <CSUD>6342</CSUD>
    <NORD>20469</NORD>
    <SARD>1130</SARD>
    <SICI>2463</SICI>
    <SUD>3208</SUD>
  </marketintervaldetail>
  <marketintervaldetail>
    <Data>20140621</Data>
    <Mercato>MGP</Mercato>
    <Ora>12</Ora>
    <Totale>37246</Totale>
    <CNOR>3579</CNOR>
    <CSUD>6427</CSUD>
    <NORD>20400</NORD>
    <SARD>1160</SARD>
    <SICI>2457</SICI>
    <SUD>3223</SUD>
  </marketintervaldetail>
  <marketintervaldetail>
    <Data>20140621</Data>
    <Mercato>MGP</Mercato>
    <Ora>13</Ora>
    <Totale>35379</Totale>
    <CNOR>3355</CNOR>
    <CSUD>6519</CSUD>
    <NORD>19010</NORD>
    <SARD>1147</SARD>
    <SICI>2438</SICI>
    <SUD>2910</SUD>
  </marketintervaldetail>
  <marketintervaldetail>
    <Data>20140621</Data>
    <Mercato>MGP</Mercato>
    <Ora>14</Ora>
    <Totale>34816</Totale>
    <CNOR>2989</CNOR>
    <CSUD>6449</CSUD>
    <NORD>18697</NORD>
    <SARD>1115</SARD>
    <SICI>2463</SICI>
    <SUD>3103</SUD>
  </marketintervaldetail>
  <marketintervaldetail>
    <Data>20140621</Data>
    <Mercato>MGP</Mercato>
    <Ora>15</Ora>
    <Totale>33880</Totale>
    <CNOR>2709</CNOR>
    <CSUD>5991</CSUD>
    <NORD>18011</NORD>
    <SARD>1113</SARD>
    <SICI>2517</SICI>
    <SUD>3539</SUD>
  </marketintervaldetail>
  <marketintervaldetail>
    <Data>20140621</Data>
    <Mercato>MGP</Mercato>
    <Ora>16</Ora>
    <Totale>33434</Totale>
    <CNOR>2833</CNOR>
    <CSUD>5824</CSUD>
    <NORD>18013</NORD>
    <SARD>1088</SARD>
    <SICI>2394</SICI>
    <SUD>3282</SUD>
  </marketintervaldetail>
  <marketintervaldetail>
    <Data>20140621</Data>
    <Mercato>MGP</Mercato>
    <Ora>17</Ora>
    <Totale>32989</Totale>
    <CNOR>2881</CNOR>
    <CSUD>5498</CSUD>
    <NORD>17913</NORD>
    <SARD>1084</SARD>
    <SICI>2373</SICI>
    <SUD>3240</SUD>
  </marketintervaldetail>
  <marketintervaldetail>
    <Data>20140621</Data>
    <Mercato>MGP</Mercato>
    <Ora>18</Ora>
    <Totale>33102</Totale>
    <CNOR>2901</CNOR>
    <CSUD>5930</CSUD>
    <NORD>17756</NORD>
    <SARD>1073</SARD>
    <SICI>2457</SICI>
    <SUD>2985</SUD>
  </marketintervaldetail>
  <marketintervaldetail>
    <Data>20140621</Data>
    <Mercato>MGP</Mercato>
    <Ora>19</Ora>
    <Totale>32791</Totale>
    <CNOR>2952</CNOR>
    <CSUD>5668</CSUD>
    <NORD>17680</NORD>
    <SARD>1027</SARD>
    <SICI>2409</SICI>
    <SUD>3055</SUD>
  </marketintervaldetail>
  <marketintervaldetail>
    <Data>20140621</Data>
    <Mercato>MGP</Mercato>
    <Ora>20</Ora>
    <Totale>32435</Totale>
    <CNOR>3022</CNOR>
    <CSUD>5585</CSUD>
    <NORD>17572</NORD>
    <SARD>1007</SARD>
    <SICI>2290</SICI>
    <SUD>2959</SUD>
  </marketintervaldetail>
  <marketintervaldetail>
    <Data>20140621</Data>
    <Mercato>MGP</Mercato>
    <Ora>21</Ora>
    <Totale>32095</Totale>
    <CNOR>2842</CNOR>
    <CSUD>5522</CSUD>
    <NORD>17148</NORD>
    <SARD>1032</SARD>
    <SICI>2410</SICI>
    <SUD>3141</SUD>
  </marketintervaldetail>
  <marketintervaldetail>
    <Data>20140621</Data>
    <Mercato>MGP</Mercato>
    <Ora>22</Ora>
    <Totale>31698</Totale>
    <CNOR>2869</CNOR>
    <CSUD>5483</CSUD>
    <NORD>16765</NORD>
    <SARD>1041</SARD>
    <SICI>2407</SICI>
    <SUD>3133</SUD>
  </marketintervaldetail>
  <marketintervaldetail>
    <Data>20140621</Data>
    <Mercato>MGP</Mercato>
    <Ora>23</Ora>
    <Totale>30335</Totale>
    <CNOR>2706</CNOR>
    <CSUD>5163</CSUD>
    <NORD>16351</NORD>
    <SARD>994</SARD>
    <SICI>2208</SICI>
    <SUD>2913</SUD>
  </marketintervaldetail>
  <marketintervaldetail>
    <Data>20140621</Data>
    <Mercato>MGP</Mercato>
    <Ora>24</Ora>
    <Totale>28493</Totale>
    <CNOR>2489</CNOR>
    <CSUD>4871</CSUD>
    <NORD>15391</NORD>
    <SARD>937</SARD>
    <SICI>2095</SICI>
    <SUD>2710</SUD>
  </marketintervaldetail>
</NewDataSet>