<?xml version="1.0" standalone="yes"?>
<NewDataSet>
  <xs:schema id="NewDataSet" xmlns="" xmlns:xs="http://www.w3.org/2001/XMLSchema" xmlns:msdata="urn:schemas-microsoft-com:xml-msdata">
    <xs:element name="NewDataSet" msdata:IsDataSet="true" msdata:MainDataTable="marketintervaldetail" msdata:UseCurrentLocale="true">
      <xs:complexType>
        <xs:choice minOccurs="0" maxOccurs="unbounded">
          <xs:element name="marketintervaldetail">
            <xs:complexType>
              <xs:sequence>
                <xs:element name="Data" type="xs:string" minOccurs="0" />
                <xs:element name="Mercato" type="xs:string" minOccurs="0" />
                <xs:element name="Ora" type="xs:string" minOccurs="0" />
                <xs:element name="Totale" type="xs:string" minOccurs="0" />
                <xs:element name="CNOR" type="xs:string" minOccurs="0" />
                <xs:element name="CSUD" type="xs:string" minOccurs="0" />
                <xs:element name="NORD" type="xs:string" minOccurs="0" />
                <xs:element name="SARD" type="xs:string" minOccurs="0" />
                <xs:element name="SICI" type="xs:string" minOccurs="0" />
                <xs:element name="SUD" type="xs:string" minOccurs="0" />
              </xs:sequence>
            </xs:complexType>
          </xs:element>
        </xs:choice>
      </xs:complexType>
    </xs:element>
  </xs:schema>
  <marketintervaldetail>
    <Data>20140603</Data>
    <Mercato>MGP</Mercato>
    <Ora>01</Ora>
    <Totale>22554</Totale>
    <CNOR>2520</CNOR>
    <CSUD>3771</CSUD>
    <NORD>12047</NORD>
    <SARD>795</SARD>
    <SICI>1584</SICI>
    <SUD>1837</SUD>
  </marketintervaldetail>
  <marketintervaldetail>
    <Data>20140603</Data>
    <Mercato>MGP</Mercato>
    <Ora>02</Ora>
    <Totale>21262</Totale>
    <CNOR>2366</CNOR>
    <CSUD>3482</CSUD>
    <NORD>11467</NORD>
    <SARD>762</SARD>
    <SICI>1464</SICI>
    <SUD>1721</SUD>
  </marketintervaldetail>
  <marketintervaldetail>
    <Data>20140603</Data>
    <Mercato>MGP</Mercato>
    <Ora>03</Ora>
    <Totale>20740</Totale>
    <CNOR>2308</CNOR>
    <CSUD>3352</CSUD>
    <NORD>11327</NORD>
    <SARD>745</SARD>
    <SICI>1384</SICI>
    <SUD>1624</SUD>
  </marketintervaldetail>
  <marketintervaldetail>
    <Data>20140603</Data>
    <Mercato>MGP</Mercato>
    <Ora>04</Ora>
    <Totale>20420</Totale>
    <CNOR>2242</CNOR>
    <CSUD>3258</CSUD>
    <NORD>11188</NORD>
    <SARD>739</SARD>
    <SICI>1357</SICI>
    <SUD>1636</SUD>
  </marketintervaldetail>
  <marketintervaldetail>
    <Data>20140603</Data>
    <Mercato>MGP</Mercato>
    <Ora>05</Ora>
    <Totale>20917</Totale>
    <CNOR>2205</CNOR>
    <CSUD>3280</CSUD>
    <NORD>11646</NORD>
    <SARD>738</SARD>
    <SICI>1364</SICI>
    <SUD>1684</SUD>
  </marketintervaldetail>
  <marketintervaldetail>
    <Data>20140603</Data>
    <Mercato>MGP</Mercato>
    <Ora>06</Ora>
    <Totale>21838</Totale>
    <CNOR>2312</CNOR>
    <CSUD>3290</CSUD>
    <NORD>12415</NORD>
    <SARD>762</SARD>
    <SICI>1400</SICI>
    <SUD>1659</SUD>
  </marketintervaldetail>
  <marketintervaldetail>
    <Data>20140603</Data>
    <Mercato>MGP</Mercato>
    <Ora>07</Ora>
    <Totale>25344</Totale>
    <CNOR>2553</CNOR>
    <CSUD>3693</CSUD>
    <NORD>14997</NORD>
    <SARD>798</SARD>
    <SICI>1503</SICI>
    <SUD>1800</SUD>
  </marketintervaldetail>
  <marketintervaldetail>
    <Data>20140603</Data>
    <Mercato>MGP</Mercato>
    <Ora>08</Ora>
    <Totale>31032</Totale>
    <CNOR>3227</CNOR>
    <CSUD>4577</CSUD>
    <NORD>18379</NORD>
    <SARD>926</SARD>
    <SICI>1764</SICI>
    <SUD>2159</SUD>
  </marketintervaldetail>
  <marketintervaldetail>
    <Data>20140603</Data>
    <Mercato>MGP</Mercato>
    <Ora>09</Ora>
    <Totale>36066</Totale>
    <CNOR>3830</CNOR>
    <CSUD>5413</CSUD>
    <NORD>21355</NORD>
    <SARD>1006</SARD>
    <SICI>1996</SICI>
    <SUD>2466</SUD>
  </marketintervaldetail>
  <marketintervaldetail>
    <Data>20140603</Data>
    <Mercato>MGP</Mercato>
    <Ora>10</Ora>
    <Totale>38320</Totale>
    <CNOR>4124</CNOR>
    <CSUD>5826</CSUD>
    <NORD>22690</NORD>
    <SARD>1014</SARD>
    <SICI>2155</SICI>
    <SUD>2511</SUD>
  </marketintervaldetail>
  <marketintervaldetail>
    <Data>20140603</Data>
    <Mercato>MGP</Mercato>
    <Ora>11</Ora>
    <Totale>38910</Totale>
    <CNOR>4155</CNOR>
    <CSUD>5887</CSUD>
    <NORD>23154</NORD>
    <SARD>1022</SARD>
    <SICI>2161</SICI>
    <SUD>2531</SUD>
  </marketintervaldetail>
  <marketintervaldetail>
    <Data>20140603</Data>
    <Mercato>MGP</Mercato>
    <Ora>12</Ora>
    <Totale>38905</Totale>
    <CNOR>4168</CNOR>
    <CSUD>6027</CSUD>
    <NORD>22868</NORD>
    <SARD>1025</SARD>
    <SICI>2102</SICI>
    <SUD>2715</SUD>
  </marketintervaldetail>
  <marketintervaldetail>
    <Data>20140603</Data>
    <Mercato>MGP</Mercato>
    <Ora>13</Ora>
    <Totale>37470</Totale>
    <CNOR>3929</CNOR>
    <CSUD>6043</CSUD>
    <NORD>21488</NORD>
    <SARD>1062</SARD>
    <SICI>2096</SICI>
    <SUD>2852</SUD>
  </marketintervaldetail>
  <marketintervaldetail>
    <Data>20140603</Data>
    <Mercato>MGP</Mercato>
    <Ora>14</Ora>
    <Totale>37703</Totale>
    <CNOR>3866</CNOR>
    <CSUD>5900</CSUD>
    <NORD>22253</NORD>
    <SARD>1022</SARD>
    <SICI>2009</SICI>
    <SUD>2653</SUD>
  </marketintervaldetail>
  <marketintervaldetail>
    <Data>20140603</Data>
    <Mercato>MGP</Mercato>
    <Ora>15</Ora>
    <Totale>38860</Totale>
    <CNOR>3922</CNOR>
    <CSUD>6059</CSUD>
    <NORD>23405</NORD>
    <SARD>952</SARD>
    <SICI>1978</SICI>
    <SUD>2544</SUD>
  </marketintervaldetail>
  <marketintervaldetail>
    <Data>20140603</Data>
    <Mercato>MGP</Mercato>
    <Ora>16</Ora>
    <Totale>39479</Totale>
    <CNOR>4139</CNOR>
    <CSUD>6053</CSUD>
    <NORD>23779</NORD>
    <SARD>950</SARD>
    <SICI>1991</SICI>
    <SUD>2567</SUD>
  </marketintervaldetail>
  <marketintervaldetail>
    <Data>20140603</Data>
    <Mercato>MGP</Mercato>
    <Ora>17</Ora>
    <Totale>39193</Totale>
    <CNOR>4137</CNOR>
    <CSUD>6021</CSUD>
    <NORD>23467</NORD>
    <SARD>955</SARD>
    <SICI>2028</SICI>
    <SUD>2585</SUD>
  </marketintervaldetail>
  <marketintervaldetail>
    <Data>20140603</Data>
    <Mercato>MGP</Mercato>
    <Ora>18</Ora>
    <Totale>38217</Totale>
    <CNOR>3947</CNOR>
    <CSUD>5912</CSUD>
    <NORD>22569</NORD>
    <SARD>964</SARD>
    <SICI>2075</SICI>
    <SUD>2750</SUD>
  </marketintervaldetail>
  <marketintervaldetail>
    <Data>20140603</Data>
    <Mercato>MGP</Mercato>
    <Ora>19</Ora>
    <Totale>36148</Totale>
    <CNOR>3851</CNOR>
    <CSUD>5694</CSUD>
    <NORD>20825</NORD>
    <SARD>962</SARD>
    <SICI>2062</SICI>
    <SUD>2754</SUD>
  </marketintervaldetail>
  <marketintervaldetail>
    <Data>20140603</Data>
    <Mercato>MGP</Mercato>
    <Ora>20</Ora>
    <Totale>35947</Totale>
    <CNOR>3743</CNOR>
    <CSUD>5632</CSUD>
    <NORD>20602</NORD>
    <SARD>980</SARD>
    <SICI>2135</SICI>
    <SUD>2855</SUD>
  </marketintervaldetail>
  <marketintervaldetail>
    <Data>20140603</Data>
    <Mercato>MGP</Mercato>
    <Ora>21</Ora>
    <Totale>35817</Totale>
    <CNOR>3678</CNOR>
    <CSUD>5880</CSUD>
    <NORD>19943</NORD>
    <SARD>1022</SARD>
    <SICI>2282</SICI>
    <SUD>3012</SUD>
  </marketintervaldetail>
  <marketintervaldetail>
    <Data>20140603</Data>
    <Mercato>MGP</Mercato>
    <Ora>22</Ora>
    <Totale>35501</Totale>
    <CNOR>3567</CNOR>
    <CSUD>5813</CSUD>
    <NORD>19866</NORD>
    <SARD>1028</SARD>
    <SICI>2207</SICI>
    <SUD>3020</SUD>
  </marketintervaldetail>
  <marketintervaldetail>
    <Data>20140603</Data>
    <Mercato>MGP</Mercato>
    <Ora>23</Ora>
    <Totale>32775</Totale>
    <CNOR>3235</CNOR>
    <CSUD>5283</CSUD>
    <NORD>18504</NORD>
    <SARD>963</SARD>
    <SICI>2012</SICI>
    <SUD>2778</SUD>
  </marketintervaldetail>
  <marketintervaldetail>
    <Data>20140603</Data>
    <Mercato>MGP</Mercato>
    <Ora>24</Ora>
    <Totale>29727</Totale>
    <CNOR>2970</CNOR>
    <CSUD>4731</CSUD>
    <NORD>16829</NORD>
    <SARD>897</SARD>
    <SICI>1793</SICI>
    <SUD>2507</SUD>
  </marketintervaldetail>
</NewDataSet>